,Cash&Other,NDSN,MRK,WST,NVDA,ZTS,TSCO,SPGI,LRCX,MCO,DHI,ALL,MSFT,UNH,JBHT,KR,INTU,TXN,DPZ,TROW,SWKS,INTC,HD,KLAC,JKHY,COST,LHX,MSCI,BBY,ATVI,BAH,APH,BRO,AAPL,AFL,MKTX,FAST,STE,HEI.A,DG,CGNX,TER,FDS,CTAS,PG,MKC,CHD,CLX,OGN,SHW,BF.B,D,BKR,WMB,CNP,KMI,COP,KHC,HAL,WRK,LUMN,DRI,SLB,COF,WFC,GE,HES,OXY,GE.,n/a,SUM
07/09/2021,39.84,2.85,2.7,2.7,2.65,2.59,2.51,2.47,2.41,2.31,2.28,2.24,2.24,2.14,2.13,2.12,2.12,2.06,2.06,2.01,1.99,1.94,1.9,1.88,1.87,1.85,1.77,1.77,1.77,1.71,1.7,1.67,1.66,1.65,1.63,1.63,1.61,1.58,1.57,1.55,1.53,1.52,1.5,1.49,1.43,1.39,1.39,1.26,0.11,0.07,0.0,-1.14,-1.2,-1.34,-1.42,-1.44,-1.55,-1.7,-1.73,-1.76,-1.8,-1.91,-1.97,-2.09,-2.15,-2.25,-2.31,-3.01,0.0,0.0,100.04999999999998
07/12/2021,39.74,2.88,2.69,2.73,2.56,2.63,2.51,2.46,2.37,2.33,2.24,2.26,2.24,2.15,2.16,2.17,2.12,2.04,2.06,2.02,1.97,1.93,1.91,1.87,1.9,1.91,1.8,1.8,1.77,1.67,1.73,1.69,1.63,1.68,1.63,1.59,1.65,1.58,1.6,1.56,1.56,1.51,1.5,1.51,1.44,1.37,1.41,1.25,0.1,0.07,0.0,-1.14,-1.22,-1.35,-1.45,-1.46,-1.54,-1.7,-1.74,-1.81,-1.81,-1.9,-1.96,-2.16,-2.17,-2.29,-2.28,-2.98,0.0,0.0,99.98999999999998
07/13/2021,39.74,2.88,2.69,2.73,2.56,2.63,2.51,2.46,2.37,2.33,2.24,2.26,2.24,2.15,2.16,2.17,2.12,2.04,2.06,2.02,1.97,1.93,1.91,1.87,1.9,1.91,1.8,1.8,1.77,1.67,1.73,1.69,1.63,1.68,1.63,1.59,1.65,1.58,1.6,1.56,1.56,1.51,1.5,1.51,1.44,1.37,1.41,1.25,0.1,0.07,0.0,-1.14,-1.22,-1.35,-1.45,-1.46,-1.54,-1.7,-1.74,-1.81,-1.81,-1.9,-1.96,-2.16,-2.17,-2.29,-2.28,-2.98,0.0,0.0,99.98999999999998
07/14/2021,39.74,2.88,2.69,2.73,2.56,2.63,2.51,2.46,2.37,2.33,2.24,2.26,2.24,2.15,2.16,2.17,2.12,2.04,2.06,2.02,1.97,1.93,1.91,1.87,1.9,1.91,1.8,1.8,1.77,1.67,1.73,1.69,1.63,1.68,1.63,1.59,1.65,1.58,1.6,1.56,1.56,1.51,1.5,1.51,1.44,1.37,1.41,1.25,0.1,0.07,0.0,-1.14,-1.22,-1.35,-1.45,-1.46,-1.54,-1.7,-1.74,-1.81,-1.81,-1.9,-1.96,-2.16,-2.17,-2.29,-2.28,-2.98,0.0,0.0,99.98999999999998
07/15/2021,39.66,2.88,2.67,2.74,2.61,2.64,2.5,2.44,2.41,2.33,2.22,2.28,2.23,2.16,2.15,2.17,2.12,2.06,2.06,2.08,1.99,1.95,1.91,1.89,1.89,1.89,1.8,1.8,1.77,1.67,1.73,1.68,1.64,1.67,1.64,1.59,1.65,1.57,1.55,1.55,1.55,1.52,1.48,1.52,1.44,1.36,1.4,1.24,0.1,0.07,0.0,-1.14,-1.23,-1.34,-1.44,-1.44,-1.53,-1.69,-1.74,-1.8,-1.8,-1.92,-1.96,-2.21,-2.17,-2.28,-2.29,-2.95,0.0,0.0,99.99
07/16/2021,39.68,2.86,2.67,2.72,2.58,2.65,2.5,2.42,2.41,2.33,2.16,2.24,2.26,2.18,2.17,2.15,2.13,2.05,2.09,2.02,1.97,1.96,1.88,1.88,1.89,1.89,1.8,1.79,1.75,1.68,1.73,1.67,1.62,1.68,1.62,1.58,1.62,1.56,1.52,1.55,1.53,1.52,1.47,1.48,1.44,1.35,1.39,1.24,0.1,0.07,0.0,-1.12,-1.19,-1.32,-1.41,-1.42,-1.52,-1.67,-1.71,-1.76,-1.78,-1.89,-1.92,-2.19,-2.13,-2.24,-2.27,-2.96,0.0,0.0,100.00000000000004
07/19/2021,39.38,2.87,2.66,2.69,2.4,2.65,2.52,2.42,2.34,2.31,2.16,2.19,2.25,2.17,2.17,2.18,2.1,2.0,2.07,2.0,1.97,1.91,1.9,1.82,1.92,1.89,1.78,1.78,1.77,1.62,1.73,1.64,1.64,1.7,1.63,1.55,1.62,1.53,1.5,1.56,1.5,1.46,1.47,1.42,1.45,1.36,1.39,1.25,0.1,0.07,0.0,-1.14,-1.12,-1.28,-1.43,-1.38,-1.45,-1.67,-1.59,-1.7,-1.76,-1.84,-1.79,-2.14,-2.2,-2.2,-2.11,-2.66,0.0,0.0,100.0
07/20/2021,39.25,2.85,2.66,2.69,2.29,2.63,2.51,2.43,2.25,2.32,2.13,2.19,2.24,2.16,2.12,2.2,2.09,1.97,2.05,1.98,1.93,1.87,1.89,1.75,1.93,1.88,1.78,1.79,1.74,1.64,1.72,1.61,1.64,1.67,1.61,1.56,1.62,1.53,1.49,1.55,1.47,1.42,1.48,1.48,1.46,1.37,1.4,1.28,0.1,0.07,0.0,-1.15,-1.09,-1.26,-1.44,-1.36,-1.41,-1.66,-1.54,-1.65,-1.69,-1.8,-1.73,-2.09,-2.16,-2.16,-2.05,-2.52,0.0,0.0,99.98
07/21/2021,39.25,2.85,2.66,2.69,2.29,2.63,2.51,2.43,2.25,2.32,2.13,2.19,2.24,2.16,2.12,2.2,2.09,1.97,2.05,1.98,1.93,1.87,1.89,1.75,1.93,1.88,1.78,1.79,1.74,1.64,1.72,1.61,1.64,1.67,1.61,1.56,1.62,1.53,1.49,1.55,1.47,1.42,1.48,1.48,1.46,1.37,1.4,1.28,0.1,0.07,0.0,-1.15,-1.09,-1.26,-1.44,-1.36,-1.41,-1.66,-1.54,-1.65,-1.69,-1.8,-1.73,-2.09,-2.16,-2.16,-2.05,-2.52,0.0,0.0,99.98
07/22/2021,39.22,2.81,2.62,2.67,2.37,2.6,2.4,2.4,2.26,2.28,2.14,2.13,2.21,2.1,2.05,2.3,2.08,1.97,2.03,1.92,1.92,1.86,1.87,1.76,1.91,1.9,1.73,1.77,1.71,1.61,1.69,1.6,1.6,1.63,1.56,1.57,1.62,1.51,1.46,1.57,1.45,1.42,1.46,1.45,1.46,1.38,1.4,1.29,0.1,0.07,0.0,-1.13,-1.04,-1.24,-1.4,-1.32,-1.36,-1.66,-1.48,-1.62,-1.67,-1.71,-1.66,-2.04,-2.1,-2.06,-1.97,-2.41,0.0,0.0,100.02
07/23/2021,39.04,2.87,2.58,2.67,2.34,2.62,2.43,2.43,2.31,2.31,2.19,2.13,2.21,2.11,2.1,2.26,2.11,1.98,2.01,1.98,1.94,1.87,1.9,1.8,1.94,1.9,1.78,1.78,1.73,1.62,1.71,1.62,1.62,1.66,1.59,1.56,1.63,1.53,1.49,1.57,1.48,1.46,1.46,1.48,1.44,1.36,1.38,1.24,0.1,0.07,0.0,-1.12,-1.05,-1.25,-1.42,-1.34,-1.37,-1.65,-1.53,-1.63,-1.69,-1.79,-1.68,-2.09,-2.17,-2.17,-1.98,-2.45,0.0,0.0,100.01
07/26/2021,38.85,2.84,2.58,2.67,2.45,2.62,2.4,2.43,2.4,2.32,2.19,2.13,2.26,2.12,2.08,2.2,2.15,1.92,2.27,1.98,1.94,1.89,1.9,1.86,1.94,1.89,1.78,1.8,1.72,1.6,1.69,1.64,1.62,1.66,1.59,1.56,1.61,1.55,1.5,1.56,1.49,1.48,1.46,1.48,1.42,1.3,1.35,1.23,0.1,0.07,0.0,-1.1,-1.04,-1.25,-1.4,-1.33,-1.41,-1.62,-1.56,-1.6,-1.66,-1.81,-1.72,-2.12,-2.17,-2.16,-1.99,-2.6,0.0,0.0,100.0
07/27/2021,38.46,2.84,2.59,2.69,2.42,2.63,2.44,2.41,2.4,2.3,2.26,2.13,2.26,2.11,2.11,2.19,2.16,1.94,2.19,1.98,1.94,1.77,1.91,1.88,1.94,1.9,1.77,1.8,1.75,1.6,1.69,1.65,1.62,1.66,1.58,1.58,1.61,1.54,1.48,1.57,1.5,1.49,1.46,1.49,1.42,1.31,1.36,1.24,0.1,0.07,0.0,-1.1,-1.05,-1.23,-1.39,-1.31,-1.37,-1.62,-1.51,-1.59,-1.64,-1.79,-1.73,-2.08,-2.13,-2.14,-1.95,-2.53,0.0,0.0,100.03
07/28/2021,38.46,2.84,2.59,2.69,2.42,2.63,2.44,2.41,2.4,2.3,2.26,2.13,2.26,2.11,2.11,2.19,2.16,1.94,2.19,1.98,1.94,1.77,1.91,1.88,1.94,1.9,1.77,1.8,1.75,1.6,1.69,1.65,1.62,1.66,1.58,1.58,1.61,1.54,1.48,1.57,1.5,1.49,1.46,1.49,1.42,1.31,1.36,1.24,0.1,0.07,0.0,-1.1,-1.05,-1.23,-1.39,-1.31,-1.37,-1.62,-1.51,-1.59,-1.64,-1.79,-1.73,-2.08,-2.13,-2.14,-1.95,-2.53,0.0,0.0,100.03
07/29/2021,38.77,2.85,2.6,2.69,2.41,2.61,2.47,2.4,2.42,2.3,2.26,2.16,2.28,2.1,2.1,2.2,2.18,1.97,2.25,1.98,1.96,1.83,1.92,1.88,1.95,1.92,1.77,1.81,1.79,1.59,1.71,1.66,1.64,1.68,1.6,1.57,1.62,1.54,1.49,1.59,1.5,1.49,1.46,1.47,1.44,1.31,1.37,1.25,0.1,0.07,0.0,-1.11,-1.09,-1.26,-1.41,-1.36,-1.42,-1.65,-1.57,-1.64,-1.69,-1.84,-1.81,-2.13,-2.17,-2.19,-2.01,-2.61,0.0,0.0,100.02
07/30/2021,38.9,2.82,2.63,2.7,2.4,2.64,2.43,2.4,2.36,2.32,2.28,2.18,2.26,2.12,2.11,2.22,2.16,1.95,2.27,1.96,1.92,1.79,1.9,1.83,1.96,1.93,1.79,1.84,1.79,1.48,1.71,1.65,1.65,1.66,1.61,1.57,1.63,1.57,1.49,1.6,1.49,1.45,1.48,1.48,1.45,1.32,1.38,1.24,0.1,0.07,0.0,-1.14,-1.08,-1.25,-1.44,-1.36,-1.41,-1.64,-1.57,-1.66,-1.68,-1.88,-1.8,-2.14,-2.18,-2.23,-1.97,-2.53,0.0,0.0,99.98
08/02/2021,38.69,2.86,2.58,2.88,2.45,2.65,2.37,2.45,2.33,2.29,2.33,2.19,2.25,2.09,2.12,2.25,2.16,1.99,2.21,1.96,1.99,1.8,1.89,1.88,1.92,1.92,1.79,1.86,1.78,1.47,1.71,1.68,1.65,1.64,1.66,1.6,1.64,1.58,1.48,1.61,1.55,1.47,1.49,1.49,1.43,1.29,1.37,1.24,0.1,0.07,0.0,-1.11,-1.1,-1.26,-1.44,-1.34,-1.43,-1.62,-1.61,-1.65,-1.64,-1.88,-1.82,-2.15,-2.24,-2.25,-2.05,-2.57,0.0,0.0,99.99000000000002
08/03/2021,38.46,2.85,2.57,2.91,2.41,2.62,2.36,2.47,2.39,2.26,2.31,2.14,2.23,2.08,2.12,2.23,2.16,1.98,2.19,1.95,1.86,1.79,1.89,2.04,1.91,1.93,1.76,1.86,1.74,1.46,1.62,1.68,1.63,1.64,1.63,1.59,1.62,1.58,1.45,1.59,1.58,1.47,1.52,1.48,1.45,1.28,1.36,1.22,0.1,0.07,0.0,-1.1,-1.1,-1.23,-1.41,-1.31,-1.39,-1.59,-1.55,-1.63,-1.62,-1.81,-1.76,-2.11,-2.2,-2.18,-2.01,-2.49,0.0,0.0,100.0
08/04/2021,38.46,2.85,2.57,2.91,2.41,2.62,2.36,2.47,2.39,2.26,2.31,2.14,2.23,2.08,2.12,2.23,2.16,1.98,2.19,1.95,1.86,1.79,1.89,2.04,1.91,1.93,1.76,1.86,1.74,1.46,1.62,1.68,1.63,1.64,1.63,1.59,1.62,1.58,1.45,1.59,1.58,1.47,1.52,1.48,1.45,1.28,1.36,1.22,0.1,0.07,0.0,-1.1,-1.1,-1.23,-1.41,-1.31,-1.39,-1.59,-1.55,-1.63,-1.62,-1.81,-1.76,-2.11,-2.2,-2.18,-2.01,-2.49,0.0,0.0,100.0
08/05/2021,38.3,2.85,2.53,2.92,2.43,2.6,2.34,2.49,2.39,2.27,2.33,2.12,2.22,2.09,2.1,2.24,2.14,1.97,2.2,1.96,1.88,1.78,1.87,2.02,1.91,1.92,1.75,1.89,1.73,1.44,1.61,1.68,1.61,1.62,1.62,1.59,1.61,1.57,1.42,1.59,1.56,1.47,1.52,1.46,1.44,1.28,1.34,1.21,0.1,0.07,0.0,-1.1,-1.08,-1.22,-1.41,-1.3,-1.37,-1.59,-1.51,-1.6,-1.62,-1.83,-1.73,-2.08,-2.18,0.0,-1.93,-2.45,-2.11,0.0,99.94
08/06/2021,38.23,2.86,2.53,2.97,2.44,2.62,2.41,2.49,2.4,2.27,2.35,2.13,2.23,2.12,2.15,2.33,2.15,1.96,2.24,1.99,1.89,1.79,1.9,2.02,1.92,1.94,1.79,1.92,1.76,1.39,1.55,1.71,1.61,1.64,1.64,1.59,1.65,1.58,1.4,1.6,1.55,1.46,1.51,1.46,1.46,1.27,1.33,1.1,0.1,0.07,0.0,-1.1,-1.1,-1.22,-1.42,-1.31,-1.4,-1.6,-1.52,-1.64,-1.65,-1.81,-1.75,-2.09,-2.22,0.0,-1.96,-2.51,-2.16,0.0,100.01
08/09/2021,0.0,2.81,2.49,2.97,2.52,2.6,2.42,2.51,2.39,2.3,2.31,2.08,2.24,2.05,2.08,2.27,2.17,1.99,2.21,2.0,1.85,1.78,1.89,2.05,1.89,1.97,1.78,1.93,1.76,1.39,1.53,1.69,1.6,1.63,1.63,1.62,1.62,1.54,1.41,1.6,1.57,1.45,1.5,1.46,1.43,1.25,1.3,1.09,0.1,0.07,0.0,-1.1,-1.07,-1.22,-1.43,-1.27,-1.37,-1.51,-1.45,-1.58,-1.51,-1.77,-1.68,-2.08,-2.22,0.0,-1.9,-2.47,-2.14,37.99,100.01
08/10/2021,38.16,2.82,2.5,3.0,2.5,2.59,2.42,2.52,2.41,2.3,2.27,2.13,2.25,2.08,2.09,2.28,2.17,1.99,2.21,2.03,1.86,1.79,1.88,2.05,1.9,1.96,1.79,1.94,1.76,1.43,1.53,1.7,1.62,1.63,1.66,1.61,1.63,1.55,1.43,1.61,1.49,1.46,1.53,1.46,1.43,1.26,1.3,1.08,0.1,0.07,0.0,-1.1,-1.08,-1.22,-1.45,-1.28,-1.39,-1.53,-1.49,-1.6,-1.51,-1.78,-1.72,-2.15,-2.31,0.0,-1.91,-2.5,-2.19,0.0,100.01999999999998
08/11/2021,38.16,2.82,2.5,3.0,2.5,2.59,2.42,2.52,2.41,2.3,2.27,2.13,2.25,2.08,2.09,2.28,2.17,1.99,2.21,2.03,1.86,1.79,1.88,2.05,1.9,1.96,1.79,1.94,1.76,1.43,1.53,1.7,1.62,1.63,1.66,1.61,1.63,1.55,1.43,1.61,1.49,1.46,1.53,1.46,1.43,1.26,1.3,1.08,0.1,0.07,0.0,-1.1,-1.08,-1.22,-1.45,-1.28,-1.39,-1.53,-1.49,-1.6,-1.51,-1.78,-1.72,-2.15,-2.31,0.0,-1.91,-2.5,-2.19,0.0,100.01999999999998
08/13/2021,38.4,2.79,2.51,3.0,2.47,2.57,2.48,2.5,2.31,2.29,2.32,2.21,2.24,2.08,2.11,2.35,2.16,1.97,2.16,2.07,1.86,1.8,1.91,2.0,1.89,1.99,1.81,1.94,1.78,1.45,1.53,1.71,1.64,1.63,1.68,1.56,1.63,1.57,1.41,1.63,1.49,1.42,1.53,1.47,1.45,1.28,1.32,1.11,0.1,0.07,0.0,-1.12,-1.11,-1.22,-1.47,-1.3,-1.4,-1.55,-1.52,-1.69,-1.55,-1.74,-1.73,-2.22,-2.37,0.0,-1.91,-2.5,-2.23,0.0,100.02
08/16/2021,38.46,2.86,2.54,3.04,2.46,2.58,2.52,2.51,2.19,2.28,2.36,2.22,2.27,2.05,2.18,2.34,2.19,1.95,2.16,2.06,1.85,1.79,1.92,1.92,1.92,2.0,1.8,1.95,1.83,1.49,1.53,1.72,1.66,1.67,1.7,1.55,1.64,1.58,1.45,1.62,1.43,1.38,1.54,1.46,1.46,1.31,1.32,1.12,0.11,0.07,0.0,-1.13,-1.11,-1.23,-1.48,-1.31,-1.42,-1.54,-1.54,-1.71,-1.57,-1.76,-1.74,-2.3,-2.45,0.0,-1.89,-2.56,-2.24,0.0,100.03000000000002
08/17/2021,38.25,2.87,2.55,3.05,2.49,2.59,2.51,2.53,2.16,2.28,2.36,2.21,2.28,2.06,2.2,2.34,2.2,1.95,2.15,2.04,1.83,1.78,1.9,1.91,1.94,2.0,1.78,1.95,1.75,1.46,1.51,1.71,1.66,1.66,1.69,1.54,1.63,1.58,1.43,1.61,1.43,1.37,1.55,1.46,1.45,1.31,1.33,1.13,0.11,0.07,0.0,-1.13,-1.12,-1.21,-1.48,-1.29,-1.38,-1.56,-1.5,-1.69,-1.56,-1.75,-1.72,-2.3,-2.39,0.0,-1.83,-2.45,-2.2,0.0,100.04
08/18/2021,38.25,2.87,2.55,3.05,2.49,2.59,2.51,2.53,2.16,2.28,2.36,2.21,2.28,2.06,2.2,2.34,2.2,1.95,2.15,2.04,1.83,1.78,1.9,1.91,1.94,2.0,1.78,1.95,1.75,1.46,1.51,1.71,1.66,1.66,1.69,1.54,1.63,1.58,1.43,1.61,1.43,1.37,1.55,1.46,1.45,1.31,1.33,1.13,0.11,0.07,0.0,-1.13,-1.12,-1.21,-1.48,-1.29,-1.38,-1.56,-1.5,-1.69,-1.56,-1.75,-1.72,-2.3,-2.39,0.0,-1.83,-2.45,-2.2,0.0,100.04
08/19/2021,37.84,2.85,2.56,3.07,2.43,2.6,2.52,2.52,2.17,2.28,2.34,2.21,2.26,2.07,2.19,2.35,2.18,1.94,2.11,2.03,1.8,1.76,1.9,1.9,1.92,2.0,1.79,1.93,1.75,1.44,1.51,1.7,1.66,1.67,1.67,1.54,1.62,1.58,1.38,1.6,1.42,1.35,1.56,1.46,1.45,1.31,1.33,1.12,0.11,0.07,0.0,-1.13,-1.08,-1.19,-1.46,-1.26,-1.34,-1.55,-1.45,-1.67,-1.54,-1.71,-1.67,-2.27,-2.32,0.0,-1.74,-2.33,-2.14,0.0,99.97
08/20/2021,37.88,2.84,2.59,3.08,2.37,2.63,2.45,2.52,2.14,2.27,2.26,2.18,2.25,2.1,2.17,2.46,2.16,1.91,2.17,2.0,1.77,1.73,1.82,1.86,1.94,2.0,1.79,1.93,1.69,1.43,1.52,1.7,1.67,1.66,1.67,1.56,1.6,1.61,1.37,1.56,1.41,1.33,1.57,1.46,1.45,1.32,1.34,1.13,0.12,0.07,0.0,-1.13,-1.09,-1.18,-1.45,-1.25,-1.33,-1.54,-1.42,-1.64,-1.54,-1.68,-1.63,-2.22,-2.29,0.0,-1.72,-2.26,-2.11,0.0,100.03
08/23/2021,37.66,2.79,2.56,3.09,2.4,2.61,2.48,2.44,2.12,2.21,2.21,2.16,2.27,2.11,2.12,2.47,2.17,1.88,2.12,1.99,1.75,1.71,1.82,1.85,1.9,2.0,1.75,1.86,1.66,1.42,1.5,1.69,1.66,1.61,1.62,1.54,1.6,1.52,1.36,1.56,1.43,1.3,1.52,1.44,1.45,1.31,1.33,1.13,0.11,0.07,0.0,-1.13,-1.02,-1.15,-1.4,-1.18,-1.27,-1.49,-1.34,-1.58,-1.44,-1.66,-1.58,-2.14,-2.21,0.0,-1.64,-2.06,-2.05,0.0,99.99
08/24/2021,37.47,2.82,2.56,3.1,2.51,2.61,2.51,2.45,2.07,2.21,2.24,2.15,2.32,2.11,2.14,2.51,2.17,1.87,2.07,2.0,1.76,1.69,1.85,1.82,1.9,2.01,1.75,1.88,1.7,1.41,1.51,1.69,1.68,1.62,1.63,1.55,1.6,1.52,1.35,1.57,1.45,1.28,1.53,1.44,1.44,1.3,1.32,1.11,0.11,0.07,0.0,-1.14,-1.03,-1.15,-1.42,-1.17,-1.28,-1.47,-1.33,-1.59,-1.5,-1.69,-1.57,-2.13,-2.21,0.0,-1.65,-2.04,-2.05,0.0,100.01
08/25/2021,37.47,2.82,2.56,3.1,2.51,2.61,2.51,2.45,2.07,2.21,2.24,2.15,2.32,2.11,2.14,2.51,2.17,1.87,2.07,2.0,1.76,1.69,1.85,1.82,1.9,2.01,1.75,1.88,1.7,1.41,1.51,1.69,1.68,1.62,1.63,1.55,1.6,1.52,1.35,1.57,1.45,1.28,1.53,1.44,1.44,1.3,1.32,1.11,0.11,0.07,0.0,-1.14,-1.03,-1.15,-1.42,-1.17,-1.28,-1.47,-1.33,-1.59,-1.5,-1.69,-1.57,-2.13,-2.21,-2.05,-1.65,-2.04,0.0,0.0,100.01
08/26/2021,37.56,2.85,2.55,3.08,2.65,2.6,2.48,2.47,2.14,2.23,2.24,2.2,2.32,2.1,2.15,2.51,2.2,1.91,2.08,2.01,1.78,1.74,1.84,1.88,1.9,2.0,1.77,1.89,1.69,1.4,1.5,1.71,1.68,1.64,1.64,1.55,1.61,1.51,1.36,1.57,1.47,1.32,1.52,1.44,1.43,1.29,1.3,1.1,0.11,0.07,0.0,-1.13,-1.09,-1.17,-1.41,-1.2,-1.33,-1.48,-1.41,-1.6,-1.51,-1.73,-1.64,-2.15,-2.22,-2.08,-1.71,-2.19,0.0,0.0,99.99
08/27/2021,37.78,2.89,2.55,3.1,2.65,2.6,2.47,2.47,2.15,2.23,2.28,2.21,2.32,2.1,2.16,2.47,2.22,1.92,2.06,2.03,1.8,1.76,1.84,1.89,1.87,1.99,1.78,1.89,1.84,1.4,1.5,1.72,1.69,1.65,1.65,1.58,1.6,1.52,1.39,1.57,1.5,1.33,1.53,1.44,1.43,1.29,1.28,1.1,0.11,0.07,0.0,-1.13,-1.13,-1.19,-1.4,-1.22,-1.35,-1.48,-1.48,-1.65,-1.55,-1.78,-1.69,-2.18,-2.27,-2.14,-1.76,-2.28,0.0,0.0,99.99
08/30/2021,37.81,2.89,2.52,3.11,2.69,2.59,2.43,2.48,2.16,2.23,2.28,2.2,2.3,2.07,2.17,2.44,2.22,1.92,2.1,2.05,1.8,1.75,1.82,1.92,1.88,1.99,1.8,1.91,1.8,1.4,1.51,1.73,1.69,1.63,1.65,1.56,1.62,1.52,1.36,1.52,1.5,1.34,1.56,1.44,1.43,1.27,1.27,1.09,0.11,0.07,0.0,-1.13,-1.14,-1.17,-1.38,-1.2,-1.35,-1.47,-1.46,-1.64,-1.52,-1.81,-1.69,-2.2,-2.31,-2.14,-1.74,-2.25,0.0,0.0,100.0
08/31/2021,37.78,2.9,2.5,3.11,2.75,2.59,2.46,2.48,2.24,2.24,2.31,2.21,2.3,2.08,2.23,2.46,2.27,1.95,2.1,2.09,1.82,1.77,1.83,1.97,1.9,1.99,1.78,1.93,1.78,1.42,1.52,1.75,1.71,1.64,1.67,1.59,1.62,1.52,1.37,1.52,1.53,1.4,1.57,1.45,1.42,1.28,1.28,1.09,0.11,0.07,0.0,-1.13,-1.17,-1.19,-1.39,-1.23,-1.38,-1.48,-1.52,-1.69,-1.53,-1.87,-1.74,-2.25,-2.34,-2.2,-1.8,-2.41,0.0,0.0,100.03
09/01/2021,37.78,2.9,2.5,3.11,2.75,2.59,2.46,2.48,2.24,2.24,2.31,2.21,2.3,2.08,2.23,2.46,2.27,1.95,2.1,2.09,1.82,1.77,1.83,1.97,1.9,1.99,1.78,1.93,1.78,1.42,1.52,1.75,1.71,1.64,1.67,1.59,1.62,1.52,1.37,1.52,1.53,1.4,1.57,1.45,1.42,1.28,1.28,1.09,0.11,0.07,0.0,-1.13,-1.17,-1.19,-1.39,-1.23,-1.38,-1.48,-1.52,-1.69,-1.53,-1.87,-1.74,-2.25,-2.34,-2.2,-1.8,-2.41,0.0,0.0,100.03
09/02/2021,37.4,2.93,2.49,3.11,2.73,2.59,2.46,2.49,2.22,2.24,2.27,2.15,2.31,2.06,2.24,2.47,2.25,1.94,2.1,2.06,1.83,1.75,1.83,1.95,1.89,2.0,1.76,1.94,1.78,1.38,1.5,1.74,1.69,1.67,1.63,1.55,1.62,1.51,1.33,1.51,1.52,1.39,1.57,1.44,1.42,1.27,1.28,1.09,0.11,0.07,0.0,-1.12,-1.15,-1.17,-1.37,-1.2,-1.36,-1.44,-1.47,-1.65,-1.51,-1.81,-1.67,-2.1,-2.25,-2.16,-1.77,-2.35,0.0,0.0,99.98000000000002
09/03/2021,37.49,2.94,2.49,3.12,2.7,2.58,2.47,2.49,2.21,2.24,2.26,2.17,2.3,2.05,2.18,2.47,2.26,1.94,2.11,2.09,1.81,1.76,1.82,1.94,1.89,2.0,1.77,1.93,1.76,1.4,1.51,1.74,1.69,1.66,1.64,1.55,1.62,1.52,1.33,1.49,1.51,1.38,1.57,1.45,1.41,1.28,1.28,1.1,0.11,0.07,0.0,-1.11,-1.15,-1.18,-1.35,-1.2,-1.35,-1.45,-1.47,-1.68,-1.56,-1.83,-1.67,-2.11,-2.13,-2.17,-1.76,-2.39,0.0,0.0,99.99
09/06/2021,37.35,2.98,2.5,3.16,2.7,2.63,2.48,2.51,2.19,2.26,2.28,2.14,2.29,2.08,2.24,2.53,2.22,1.92,2.1,2.06,1.8,1.75,1.83,1.92,1.89,2.02,1.77,1.97,1.75,1.38,1.54,1.74,1.71,1.68,1.62,1.56,1.62,1.54,1.33,1.5,1.5,1.36,1.6,1.45,1.43,1.31,1.29,1.11,0.12,0.07,0.0,-1.12,-1.18,-1.2,-1.39,-1.21,-1.37,-1.45,-1.5,-1.69,-1.56,-1.82,-1.7,-2.03,-2.07,-2.18,-1.82,-2.47,0.0,0.0,100.02
09/07/2021,37.24,2.95,2.5,3.18,2.74,2.63,2.51,2.52,2.22,2.25,2.23,2.13,2.28,2.07,2.22,2.48,2.23,1.92,2.08,2.02,1.79,1.73,1.84,1.94,1.87,2.02,1.75,1.97,1.71,1.38,1.52,1.74,1.71,1.68,1.6,1.54,1.61,1.53,1.31,1.48,1.5,1.37,1.59,1.45,1.42,1.3,1.28,1.1,0.12,0.07,0.0,-1.11,-1.16,-1.19,-1.39,-1.2,-1.35,-1.44,-1.47,-1.69,-1.53,-1.78,-1.66,-1.99,-2.05,-2.14,-1.78,-2.4,0.0,0.0,99.99
09/08/2021,37.24,2.95,2.5,3.18,2.74,2.63,2.51,2.52,2.22,2.25,2.23,2.13,2.28,2.07,2.22,2.48,2.23,1.92,2.08,2.02,1.79,1.73,1.84,1.94,1.87,2.02,1.75,1.97,1.71,1.38,1.52,1.74,1.71,1.68,1.6,1.54,1.61,1.53,1.31,1.48,1.5,1.37,1.59,1.45,1.42,1.3,1.28,1.1,0.12,0.07,0.0,-1.11,-1.16,-1.19,-1.39,-1.2,-1.35,-1.44,-1.47,-1.69,-1.53,-1.78,-1.66,-1.99,-2.05,-2.14,-1.78,-2.4,0.0,0.0,99.99
09/09/2021,37.24,2.95,2.5,3.18,2.74,2.63,2.51,2.52,2.22,2.25,2.23,2.13,2.28,2.07,2.22,2.48,2.23,1.92,2.08,2.02,1.79,1.73,1.84,1.94,1.87,2.02,1.75,1.97,1.71,1.38,1.52,1.74,1.71,1.68,1.6,1.54,1.61,1.53,1.31,1.48,1.5,1.37,1.59,1.45,1.42,1.3,1.28,1.1,0.12,0.07,0.0,-1.11,-1.16,-1.19,-1.39,-1.2,-1.35,-1.44,-1.47,-1.69,-1.53,-1.78,-1.66,-1.99,-2.05,-2.14,-1.78,-2.4,0.0,0.0,99.99
09/10/2021,37.49,3.0,2.48,3.19,2.74,2.62,2.52,2.51,2.17,2.24,2.22,2.11,2.29,2.08,2.21,2.46,2.23,1.92,2.09,2.0,1.79,1.75,1.85,1.95,1.85,2.02,1.74,1.99,1.68,1.34,1.51,1.72,1.7,1.71,1.6,1.47,1.56,1.52,1.3,1.48,1.5,1.36,1.58,1.44,1.43,1.29,1.29,1.1,0.12,0.07,0.0,-1.09,-1.16,-1.18,-1.39,-1.19,-1.36,-1.44,-1.46,-1.66,-1.52,-1.79,-1.66,-2.0,-2.07,-2.12,-1.8,-2.39,0.0,0.0,100.0
09/13/2021,37.55,3.0,2.41,3.19,2.69,2.6,2.57,2.54,2.18,2.25,2.14,2.12,2.27,2.04,2.13,2.48,2.27,1.92,2.11,2.03,1.75,1.74,1.87,1.99,1.84,2.05,1.77,1.99,1.7,1.33,1.52,1.71,1.71,1.69,1.6,1.45,1.55,1.51,1.3,1.48,1.49,1.35,1.59,1.47,1.43,1.29,1.28,1.11,0.11,0.07,0.0,-1.12,-1.19,-1.16,-1.44,-1.18,-1.35,-1.48,-1.42,-1.68,-1.57,-1.8,-1.59,-1.99,-2.07,-2.13,-1.76,-2.34,0.0,0.0,99.96
09/14/2021,37.66,2.98,2.41,3.18,2.73,2.62,2.62,2.54,2.2,2.26,2.13,2.12,2.27,2.0,2.15,2.3,2.27,1.95,2.09,2.03,1.75,1.76,1.87,2.01,1.82,2.05,1.77,1.99,1.68,1.36,1.51,1.72,1.69,1.64,1.59,1.44,1.56,1.49,1.3,1.47,1.5,1.38,1.6,1.49,1.44,1.28,1.27,1.12,0.11,0.07,0.0,-1.11,-1.21,-1.17,-1.42,-1.18,-1.36,-1.47,-1.44,-1.68,-1.52,-1.81,-1.6,-1.99,-2.08,-2.11,-1.75,-2.34,0.0,0.0,100.0
09/15/2021,37.66,2.98,2.41,3.18,2.73,2.62,2.62,2.54,2.2,2.26,2.13,2.12,2.27,2.0,2.15,2.3,2.27,1.95,2.09,2.03,1.75,1.76,1.87,2.01,1.82,2.05,1.77,1.99,1.68,1.36,1.51,1.72,1.69,1.64,1.59,1.44,1.56,1.49,1.3,1.47,1.5,1.38,1.6,1.49,1.44,1.28,1.27,1.12,0.11,0.07,0.0,-1.11,-1.21,-1.17,-1.42,-1.18,-1.36,-1.47,-1.44,-1.68,-1.52,-1.81,-1.6,-1.99,-2.08,-2.11,-1.75,-2.34,0.0,0.0,100.0
09/16/2021,37.98,3.0,2.39,3.09,2.71,2.62,2.6,2.56,2.26,2.26,2.13,2.17,2.29,2.07,2.14,2.33,2.25,2.0,2.1,2.04,1.81,1.82,1.91,2.06,1.83,2.04,1.76,1.98,1.71,1.36,1.54,1.75,1.7,1.66,1.62,1.43,1.56,1.5,1.33,1.48,1.52,1.4,1.6,1.51,1.47,1.28,1.29,1.14,0.11,0.07,0.0,-1.11,-1.25,-1.2,-1.43,-1.21,-1.41,-1.5,-1.52,-1.69,-1.62,-1.84,-1.69,-2.05,-2.16,-2.18,-1.85,-2.51,0.0,0.0,100.00999999999998
09/17/2021,37.92,3.01,2.38,3.16,2.72,2.6,2.64,2.56,2.23,2.26,2.1,2.14,2.31,2.06,2.09,2.27,2.29,2.0,2.09,2.01,1.77,1.8,1.89,2.06,1.82,2.03,1.74,2.01,1.68,1.34,1.49,1.74,1.66,1.64,1.59,1.4,1.55,1.54,1.34,1.46,1.52,1.4,1.61,1.47,1.46,1.28,1.3,1.14,0.11,0.07,0.0,-1.1,-1.25,-1.2,-1.4,-1.19,-1.4,-1.48,-1.49,-1.65,-1.6,-1.82,-1.67,-1.99,-2.17,-2.09,-1.79,-2.47,0.0,0.0,99.99
09/20/2021,37.86,3.03,2.37,3.17,2.71,2.58,2.69,2.58,2.27,2.26,2.16,2.13,2.35,2.07,2.13,2.21,2.31,2.02,2.1,2.02,1.78,1.81,1.91,2.15,1.85,2.05,1.7,2.0,1.67,1.37,1.49,1.75,1.69,1.65,1.6,1.41,1.56,1.54,1.33,1.5,1.57,1.41,1.6,1.48,1.45,1.29,1.29,1.1,0.11,0.07,0.0,-1.08,-1.25,-1.23,-1.34,-1.2,-1.45,-1.49,-1.53,-1.65,-1.63,-1.84,-1.74,-2.06,-2.18,-2.1,-1.87,-2.57,0.0,0.0,99.99
09/21/2021,38.08,3.03,2.37,3.15,2.69,2.54,2.68,2.55,2.26,2.21,2.18,2.14,2.32,2.1,2.11,2.23,2.27,2.02,2.08,2.02,1.75,1.8,1.92,2.15,1.84,2.05,1.72,1.98,1.68,1.38,1.5,1.74,1.69,1.62,1.59,1.41,1.56,1.54,1.35,1.51,1.54,1.4,1.59,1.46,1.46,1.3,1.3,1.11,0.11,0.07,0.0,-1.08,-1.23,-1.23,-1.34,-1.2,-1.45,-1.5,-1.51,-1.63,-1.67,-1.84,-1.71,-2.06,-2.2,-2.1,-1.86,-2.55,0.0,0.0,99.99
09/22/2021,38.08,3.03,2.37,3.15,2.69,2.54,2.68,2.55,2.26,2.21,2.18,2.14,2.32,2.1,2.11,2.23,2.27,2.02,2.08,2.02,1.75,1.8,1.92,2.15,1.84,2.05,1.72,1.98,1.68,1.38,1.5,1.74,1.69,1.62,1.59,1.41,1.56,1.54,1.35,1.51,1.54,1.4,1.59,1.46,1.46,1.3,1.3,1.11,0.11,0.07,0.0,-1.08,-1.23,-1.23,-1.34,-1.2,-1.45,-1.5,-1.51,-1.63,-1.67,-1.84,-1.71,-2.06,-2.2,-2.1,-1.86,-2.55,0.0,0.0,99.99
09/23/2021,38.33,3.03,2.4,3.14,2.61,2.56,2.67,2.56,2.21,2.22,2.13,2.13,2.3,2.08,2.13,2.22,2.26,2.0,2.07,1.96,1.72,1.77,1.9,2.08,1.86,2.02,1.72,1.97,1.65,1.33,1.51,1.72,1.68,1.6,1.54,1.42,1.57,1.54,1.36,1.52,1.48,1.35,1.59,1.48,1.45,1.3,1.31,1.11,0.11,0.07,0.0,-1.09,-1.18,-1.22,-1.36,-1.18,-1.41,-1.49,-1.47,-1.61,-1.65,-1.84,-1.66,-2.03,-2.19,-2.1,-1.77,-2.43,0.0,0.0,100.06000000000002
09/24/2021,38.32,3.03,2.4,3.16,2.62,2.59,2.69,2.56,2.19,2.22,2.13,2.13,2.3,2.08,2.15,2.22,2.26,2.0,2.07,1.94,1.72,1.76,1.92,2.08,1.84,2.03,1.71,1.99,1.65,1.27,1.47,1.71,1.69,1.61,1.52,1.4,1.56,1.53,1.35,1.5,1.48,1.34,1.57,1.48,1.45,1.3,1.32,1.1,0.11,0.07,0.0,-1.09,-1.2,-1.21,-1.38,-1.19,-1.47,-1.48,-1.46,-1.59,-1.63,-1.82,-1.64,-2.03,-2.19,-2.04,-1.76,-2.42,0.0,0.0,99.99
09/27/2021,38.3,3.08,2.43,3.21,2.78,2.64,2.73,2.59,2.29,2.27,2.11,2.14,2.34,2.05,2.15,2.2,2.35,2.06,2.05,2.02,1.74,1.8,1.93,2.17,1.87,2.03,1.72,2.03,1.64,1.3,1.48,1.79,1.71,1.64,1.55,1.42,1.59,1.59,1.43,1.49,1.55,1.39,1.58,1.51,1.46,1.29,1.3,1.09,0.11,0.07,0.0,-1.09,-1.24,-1.25,-1.37,-1.24,-1.58,-1.5,-1.56,-1.66,-1.65,-1.98,-1.76,-2.16,-2.28,-2.16,-1.96,-2.66,0.0,0.0,99.96
09/28/2021,38.32,3.07,2.45,3.23,2.73,2.64,2.74,2.6,2.29,2.26,2.11,2.14,2.34,2.05,2.19,2.19,2.36,2.08,2.04,2.01,1.74,1.81,1.94,2.16,1.88,2.1,1.74,2.05,1.62,1.31,1.49,1.8,1.73,1.65,1.56,1.41,1.6,1.59,1.43,1.49,1.54,1.38,1.58,1.51,1.46,1.29,1.3,1.1,0.11,0.07,0.0,-1.09,-1.25,-1.24,-1.4,-1.25,-1.61,-1.5,-1.58,-1.67,-1.68,-1.97,-1.77,-2.16,-2.29,-2.18,-1.98,-2.68,0.0,0.0,99.98
09/29/2021,38.32,3.07,2.45,3.23,2.73,2.64,2.74,2.6,2.29,2.26,2.11,2.14,2.34,2.05,2.19,2.19,2.36,2.08,2.04,2.01,1.74,1.81,1.94,2.16,1.88,2.1,1.74,2.05,1.62,1.31,1.49,1.8,1.73,1.65,1.56,1.41,1.6,1.59,1.43,1.49,1.54,1.38,1.58,1.51,1.46,1.29,1.3,1.1,0.11,0.07,0.0,-1.09,-1.25,-1.24,-1.4,-1.25,-1.61,-1.5,-1.58,-1.67,-1.68,-1.97,-1.77,-2.16,-2.29,-2.18,-1.98,-2.68,0.0,0.0,99.98
09/30/2021,38.85,3.13,2.48,3.16,2.71,2.59,2.77,2.59,2.34,2.24,2.14,2.17,2.33,2.07,2.23,2.23,2.34,2.11,2.06,2.05,1.75,1.85,1.99,2.17,1.9,2.1,1.76,2.01,1.72,1.33,1.52,1.82,1.73,1.65,1.6,1.41,1.62,1.58,1.48,1.5,1.51,1.38,1.59,1.5,1.46,1.3,1.31,1.12,0.11,0.07,0.0,-1.09,-1.31,-1.29,-1.42,-1.3,-1.68,-1.54,-1.68,-1.73,-1.72,-2.01,-1.86,-2.24,-2.3,-2.25,-2.1,-2.92,0.0,0.0,99.99
10/01/2021,39.59,3.15,2.53,3.12,2.64,2.57,2.78,2.53,2.26,2.21,2.13,2.17,2.29,2.08,2.23,2.3,2.3,2.09,2.09,1.99,1.73,1.86,1.98,2.1,1.88,2.07,1.78,1.92,1.74,1.38,1.53,1.81,1.72,1.64,1.62,1.44,1.61,1.57,1.5,1.52,1.45,1.34,1.68,1.5,1.48,1.31,1.35,1.16,0.11,0.07,0.0,-1.11,-1.33,-1.32,-1.42,-1.32,-1.74,-1.56,-1.74,-1.78,-1.75,-2.0,-1.94,-2.25,-2.26,-2.3,-2.13,-2.94,0.0,0.0,100.01
10/04/2021,39.71,3.11,2.6,3.11,2.65,2.6,2.73,2.53,2.21,2.21,2.11,2.17,2.28,2.04,2.18,2.3,2.28,2.07,2.06,1.94,1.72,1.84,1.96,2.03,1.87,2.09,1.77,1.96,1.69,1.4,1.55,1.76,1.72,1.64,1.6,1.45,1.58,1.53,1.46,1.51,1.45,1.31,1.73,1.48,1.47,1.28,1.34,1.15,0.11,0.07,0.0,-1.11,-1.33,-1.32,-1.41,-1.31,-1.74,-1.58,-1.68,-1.71,-1.67,-1.95,-1.87,-2.18,-2.3,-2.25,-2.12,-2.92,0.0,0.0,99.95999999999998
10/05/2021,39.78,3.13,2.82,3.08,2.66,2.63,2.72,2.56,2.21,2.24,2.1,2.18,2.34,2.05,2.18,2.23,2.3,2.09,2.06,1.96,1.71,1.87,1.97,2.03,1.88,2.09,1.77,1.97,1.69,1.42,1.58,1.8,1.79,1.66,1.63,1.45,1.59,1.56,1.51,1.48,1.47,1.32,1.73,1.51,1.47,1.28,1.34,1.15,0.12,0.07,0.0,-1.1,-1.35,-1.34,-1.43,-1.32,-1.81,-1.57,-1.74,-1.75,-1.71,-2.01,-1.92,-2.25,-2.33,-2.31,-2.21,-3.08,0.0,0.0,100.0
10/06/2021,39.78,3.13,2.82,3.08,2.66,2.63,2.72,2.56,2.21,2.24,2.1,2.18,2.34,2.05,2.18,2.23,2.3,2.09,2.06,1.96,1.71,1.87,1.97,2.03,1.88,2.09,1.77,1.97,1.69,1.42,1.58,1.8,1.79,1.66,1.63,1.45,1.59,1.56,1.51,1.48,1.47,1.32,1.73,1.51,1.47,1.28,1.34,1.15,0.12,0.07,0.0,-1.1,-1.35,-1.34,-1.43,-1.32,-1.81,-1.57,-1.74,-1.75,-1.71,-2.01,-1.92,-2.25,-2.33,-2.31,-2.21,-3.08,0.0,0.0,100.0
10/07/2021,40.42,3.2,2.92,3.05,2.57,2.64,2.69,2.52,2.17,2.22,2.12,2.19,2.33,2.06,2.2,2.29,2.26,2.09,2.07,1.95,1.7,1.88,1.98,2.03,1.89,2.08,1.79,1.92,1.72,1.42,1.62,1.8,1.8,1.64,1.65,1.47,1.6,1.57,1.51,1.49,1.48,1.31,1.77,1.53,1.49,1.3,1.35,1.16,0.12,0.07,0.0,-1.13,-1.39,-1.41,-1.49,-1.35,-1.87,-1.61,-1.82,-1.79,-1.77,-2.04,-1.98,-2.28,-2.37,-2.33,-2.29,-3.2,0.0,0.0,99.98
10/08/2021,40.16,3.19,2.85,3.06,2.65,2.66,2.69,2.56,2.18,2.24,2.1,2.2,2.36,2.08,2.25,2.29,2.28,2.11,2.07,1.95,1.69,1.89,1.98,2.03,1.88,2.1,1.81,1.96,1.72,1.4,1.58,1.81,1.82,1.66,1.66,1.51,1.6,1.57,1.52,1.47,1.48,1.33,1.76,1.54,1.48,1.28,1.33,1.14,0.11,0.07,0.0,-1.12,-1.37,-1.4,-1.47,-1.34,-1.86,-1.6,-1.84,-1.79,-1.75,-2.04,-1.95,-2.3,-2.4,-2.31,-2.31,-3.27,0.0,0.0,99.99
10/11/2021,39.67,3.15,2.83,3.06,2.7,2.66,2.67,2.58,2.15,2.26,2.11,2.16,2.38,2.11,2.26,2.24,2.27,2.1,2.08,1.92,1.69,1.87,2.01,2.0,1.87,2.11,1.86,1.96,1.72,1.4,1.58,1.82,1.84,1.66,1.66,1.45,1.62,1.63,1.5,1.49,1.46,1.34,1.76,1.56,1.5,1.26,1.35,1.15,0.11,0.07,0.0,-1.12,-1.33,-1.4,-1.46,-1.32,-1.84,-1.59,-1.82,-1.74,-1.71,-2.0,-1.96,-2.26,-2.36,-2.3,-2.27,-3.21,0.0,0.0,99.97
10/12/2021,40.07,3.14,2.81,3.01,2.69,2.67,2.65,2.58,2.15,2.28,2.11,2.18,2.41,2.15,2.24,2.27,2.27,2.12,2.09,1.95,1.69,1.88,2.01,1.99,1.91,2.12,1.9,1.95,1.73,1.42,1.6,1.84,1.87,1.67,1.69,1.43,1.63,1.66,1.48,1.51,1.47,1.33,1.78,1.58,1.51,1.26,1.36,1.15,0.11,0.07,0.0,-1.11,-1.37,-1.45,-1.48,-1.38,-1.94,-1.59,-1.88,-1.74,-1.69,-2.01,-2.02,-2.3,-2.4,-2.3,-2.45,-3.35,0.0,0.0,99.98
10/13/2021,40.07,3.14,2.81,3.01,2.69,2.67,2.65,2.58,2.15,2.28,2.11,2.18,2.41,2.15,2.24,2.27,2.27,2.12,2.09,1.95,1.69,1.88,2.01,1.99,1.91,2.12,1.9,1.95,1.73,1.42,1.6,1.84,1.87,1.67,1.69,1.43,1.63,1.66,1.48,1.51,1.47,1.33,1.78,1.58,1.51,1.26,1.36,1.15,0.11,0.07,0.0,-1.11,-1.37,-1.45,-1.48,-1.38,-1.94,-1.59,-1.88,-1.74,-1.69,-2.01,-2.02,-2.3,-2.4,-2.3,-2.45,-3.35,0.0,0.0,99.98
10/14/2021,40.18,3.15,2.8,2.99,2.68,2.68,2.64,2.58,2.17,2.27,2.11,2.2,2.41,2.14,2.24,2.28,2.25,2.11,2.1,1.95,1.68,1.87,2.03,2.0,1.9,2.12,1.92,1.95,1.76,1.4,1.59,1.83,1.89,1.68,1.69,1.41,1.62,1.68,1.49,1.51,1.45,1.31,1.8,1.59,1.52,1.25,1.36,1.14,0.12,0.07,0.0,-1.11,-1.38,-1.47,-1.48,-1.4,-1.92,-1.59,-1.94,-1.78,-1.66,-1.99,-2.07,-2.27,-2.37,-2.3,-2.47,-3.34,0.0,0.0,100.02
10/15/2021,40.28,3.14,2.79,3.0,2.69,2.68,2.64,2.6,2.15,2.28,2.13,2.19,2.4,2.14,2.26,2.3,2.26,2.06,2.1,1.89,1.68,1.83,2.04,1.97,1.89,2.11,1.94,1.95,1.77,1.37,1.59,1.81,1.91,1.67,1.7,1.39,1.68,1.66,1.51,1.5,1.47,1.31,1.83,1.6,1.52,1.25,1.36,1.15,0.12,0.07,0.0,-1.12,-1.4,-1.49,-1.51,-1.42,-1.92,-1.6,-1.93,-1.78,-1.66,-1.99,-2.11,-2.29,-2.34,-2.27,-2.48,-3.31,0.0,0.0,100.00999999999998
10/18/2021,39.47,3.17,2.69,2.97,2.77,2.67,2.65,2.62,2.19,2.3,2.18,2.15,2.44,2.18,2.28,2.21,2.29,2.06,2.05,1.94,1.66,1.85,2.04,1.99,1.9,2.09,1.9,1.96,1.79,1.37,1.57,1.83,1.94,1.66,1.69,1.39,1.7,1.67,1.51,1.5,1.49,1.35,1.81,1.61,1.51,1.26,1.35,1.13,0.12,0.07,0.0,-1.11,-1.43,-1.48,-1.51,-1.43,-1.89,-1.59,-1.92,-1.68,-1.63,-1.93,-2.1,-2.23,-2.23,-2.23,-2.43,-3.14,0.0,0.0,100.03
10/19/2021,39.35,3.17,2.68,2.94,2.78,2.68,2.64,2.62,2.17,2.29,2.17,2.14,2.44,2.22,2.47,2.18,2.31,2.08,1.95,1.96,1.66,1.87,2.07,1.98,1.92,2.09,1.91,1.97,1.8,1.37,1.57,1.84,1.97,1.67,1.69,1.39,1.7,1.67,1.51,1.5,1.51,1.36,1.81,1.61,1.51,1.25,1.34,1.13,0.12,0.07,0.0,-1.1,-1.43,-1.49,-1.52,-1.43,-1.89,-1.57,-2.01,-1.58,-1.61,-1.9,-2.13,-2.25,-2.37,-2.26,-2.43,-3.1,0.0,0.0,100.03
10/20/2021,39.35,3.17,2.68,2.94,2.78,2.68,2.64,2.62,2.17,2.29,2.17,2.14,2.44,2.22,2.47,2.18,2.31,2.08,1.95,1.96,1.66,1.87,2.07,1.98,1.92,2.09,1.91,1.97,1.8,1.37,1.57,1.84,1.97,1.67,1.69,1.39,1.7,1.67,1.51,1.5,1.51,1.36,1.81,1.61,1.51,1.25,1.34,1.13,0.12,0.07,0.0,-1.1,-1.43,-1.49,-1.52,-1.43,-1.89,-1.57,-2.01,-1.58,-1.61,-1.9,-2.13,-2.25,-2.37,-2.26,-2.43,-3.1,0.0,0.0,100.03
10/21/2021,39.22,3.16,2.64,2.96,2.81,2.68,2.73,2.64,2.18,2.3,2.19,2.12,2.46,2.19,2.44,2.2,2.36,2.08,1.96,1.95,1.66,1.86,2.09,1.96,1.93,2.12,1.9,1.97,1.83,1.37,1.56,1.84,1.96,1.68,1.68,1.38,1.69,1.65,1.52,1.5,1.54,1.38,1.81,1.62,1.48,1.24,1.33,1.1,0.12,0.07,0.0,-1.08,-1.43,-1.47,-1.48,-1.43,-1.89,-1.56,-2.0,-1.62,-1.61,-1.89,-2.13,-2.26,-2.42,-2.24,-2.4,-3.22,0.0,0.0,99.98
10/22/2021,39.0,3.18,2.7,3.01,2.81,2.69,2.7,2.64,2.18,2.32,2.18,2.12,2.45,2.18,2.46,2.18,2.38,2.1,1.98,1.97,1.69,1.88,2.1,1.98,1.91,2.14,1.92,2.0,1.79,1.37,1.56,1.84,1.95,1.7,1.69,1.4,1.7,1.67,1.48,1.49,1.53,1.38,1.82,1.62,1.46,1.24,1.33,1.09,0.12,0.07,0.0,-1.12,-1.42,-1.45,-1.47,-1.42,-1.9,-1.55,-2.0,-1.62,-1.62,-1.85,-2.14,-2.25,-2.45,-2.25,-2.41,-3.2,0.0,0.0,100.03
10/25/2021,38.44,3.18,2.72,3.0,2.82,2.7,2.75,2.57,2.09,2.27,2.17,2.09,2.44,2.24,2.45,2.17,2.37,2.1,1.96,1.96,1.69,1.88,2.1,1.97,1.9,2.15,1.89,1.99,1.82,1.38,1.58,1.85,1.97,1.68,1.67,1.37,1.67,1.69,1.47,1.51,1.5,1.37,1.82,1.6,1.42,1.23,1.32,1.08,0.12,0.07,0.0,-1.14,-1.26,-1.4,-1.47,-1.33,-1.86,-1.51,-1.91,-1.61,-1.63,-1.81,-2.1,-2.17,-2.41,-2.18,-2.31,-3.14,0.0,0.0,100.01
10/26/2021,38.46,3.22,2.72,2.99,2.82,2.7,2.72,2.6,2.09,2.31,2.15,2.11,2.42,2.28,2.48,2.22,2.42,2.08,1.94,1.98,1.67,1.66,2.11,2.02,1.92,2.17,1.91,2.03,1.84,1.39,1.57,1.85,1.99,1.67,1.68,1.39,1.66,1.71,1.48,1.52,1.49,1.35,1.83,1.61,1.44,1.24,1.33,1.09,0.12,0.07,0.0,-1.14,-1.28,-1.41,-1.47,-1.34,-1.89,-1.51,-1.95,-1.61,-1.63,-1.81,-2.07,-2.19,-2.43,-2.2,-2.34,-3.25,0.0,0.0,100.0
10/27/2021,38.46,3.22,2.72,2.99,2.82,2.7,2.72,2.6,2.09,2.31,2.15,2.11,2.42,2.28,2.48,2.22,2.42,2.08,1.94,1.98,1.67,1.66,2.11,2.02,1.92,2.17,1.91,2.03,1.84,1.39,1.57,1.85,1.99,1.67,1.68,1.39,1.66,1.71,1.48,1.52,1.49,1.35,1.83,1.61,1.44,1.24,1.33,1.09,0.12,0.07,0.0,-1.14,-1.28,-1.41,-1.47,-1.34,-1.89,-1.51,-1.95,-1.61,-1.63,-1.81,-2.07,-2.19,-2.43,-2.2,-2.34,-3.25,0.0,0.0,100.0
10/28/2021,38.37,3.24,2.73,2.96,2.87,2.74,2.75,2.58,2.07,2.32,2.15,2.12,2.41,2.27,2.5,2.22,2.46,2.09,1.95,1.97,1.67,1.65,2.14,2.01,1.92,2.2,1.9,2.03,1.86,1.42,1.58,1.84,1.99,1.67,1.69,1.36,1.67,1.71,1.49,1.53,1.51,1.36,1.84,1.61,1.43,1.23,1.32,1.08,0.12,0.07,0.0,-1.12,-1.31,-1.41,-1.48,-1.35,-1.9,-1.5,-1.97,-1.61,-1.59,-1.78,-2.1,-2.2,-2.42,-2.22,-2.33,-3.36,0.0,0.0,100.02
10/29/2021,38.39,3.18,2.75,2.98,3.06,2.73,2.7,2.68,2.06,2.35,2.15,2.11,2.43,2.3,2.48,2.2,2.49,2.05,1.95,2.0,1.66,1.62,2.13,2.01,1.92,2.19,1.82,2.0,1.88,1.41,1.56,1.83,1.91,1.68,1.7,1.35,1.66,1.71,1.5,1.52,1.52,1.34,1.85,1.62,1.46,1.24,1.33,1.09,0.12,0.07,0.0,-1.12,-1.33,-1.41,-1.48,-1.33,-1.91,-1.51,-1.97,-1.62,-1.58,-1.81,-2.09,-2.15,-2.42,-2.27,-2.35,-3.38,0.0,0.0,100.01000000000002
11/01/2021,37.82,3.13,2.85,2.94,3.05,2.71,2.7,2.67,2.09,2.42,2.14,2.05,2.5,2.27,2.47,2.15,2.48,1.92,1.98,2.03,1.69,1.59,2.11,2.06,1.78,2.18,1.72,2.01,1.85,1.36,1.5,1.76,1.86,1.69,1.62,1.34,1.65,1.67,1.5,1.5,1.5,1.57,1.84,1.58,1.43,1.22,1.32,1.07,0.12,0.07,0.0,-1.1,-1.3,-1.38,-1.44,-1.25,-1.84,-1.49,-1.9,-1.6,-1.52,-1.78,-2.01,-1.96,-2.43,-2.19,-2.17,-3.19,0.0,0.0,99.98
11/02/2021,37.35,3.13,2.87,2.97,3.09,2.73,2.76,2.66,2.06,2.37,2.11,1.98,2.53,2.27,2.43,2.14,2.49,1.9,1.99,2.02,1.64,1.6,2.09,2.13,1.79,2.15,1.75,2.02,1.84,1.33,1.6,1.74,1.84,1.64,1.55,1.33,1.65,1.65,1.46,1.48,1.49,1.57,1.84,1.59,1.42,1.19,1.34,1.07,0.12,0.07,0.0,-1.09,-1.26,-1.34,-1.41,-1.23,-1.8,-1.45,-1.83,-1.55,-1.5,-1.75,-1.92,-1.92,-2.39,-2.15,-2.12,-3.12,0.0,0.0,100.0
11/03/2021,37.35,3.13,2.87,2.97,3.09,2.73,2.76,2.66,2.06,2.37,2.11,1.98,2.53,2.27,2.43,2.14,2.49,1.9,1.99,2.02,1.64,1.6,2.09,2.13,1.79,2.15,1.75,2.02,1.84,1.33,1.6,1.74,1.84,1.64,1.55,1.33,1.65,1.65,1.46,1.48,1.49,1.57,1.84,1.59,1.42,1.19,1.34,1.07,0.12,0.07,0.0,-1.09,-1.26,-1.34,-1.41,-1.23,-1.8,-1.45,-1.83,-1.55,-1.5,-1.75,-1.92,-1.92,-2.39,-2.15,-2.12,-3.12,0.0,0.0,100.0
11/04/2021,37.65,3.21,2.88,2.97,3.14,2.71,2.74,2.62,2.11,2.33,2.15,1.99,2.53,2.25,2.43,2.18,2.44,1.92,2.0,2.03,1.68,1.63,2.07,2.19,1.8,2.17,1.69,2.01,1.88,1.36,1.63,1.76,1.81,1.64,1.6,1.34,1.65,1.68,1.46,1.49,1.52,1.59,1.81,1.59,1.43,1.21,1.35,1.08,0.12,0.07,0.0,-1.09,-1.31,-1.38,-1.43,-1.27,-1.82,-1.49,-1.89,-1.56,-1.54,-1.81,-2.0,-1.96,-2.43,-2.2,-2.18,-3.26,0.0,0.0,99.96999999999996
11/05/2021,37.65,3.21,2.88,2.97,3.14,2.71,2.74,2.62,2.11,2.33,2.15,1.99,2.53,2.25,2.43,2.18,2.44,1.92,2.0,2.03,1.68,1.63,2.07,2.19,1.8,2.17,1.69,2.01,1.88,1.36,1.63,1.76,1.81,1.64,1.6,1.34,1.65,1.68,1.46,1.49,1.52,1.59,1.81,1.59,1.43,1.21,1.35,1.08,0.12,0.07,0.0,-1.09,-1.31,-1.38,-1.43,-1.27,-1.82,-1.49,-1.89,-1.56,-1.54,-1.81,-2.0,-1.96,-2.43,-2.2,-2.18,-3.26,0.0,0.0,99.96999999999996
11/08/2021,36.96,3.2,2.92,2.96,3.56,2.72,2.74,2.57,2.16,2.26,2.11,1.86,2.54,2.22,2.4,2.3,2.46,1.92,2.05,2.02,1.67,1.62,2.07,2.31,1.68,2.24,1.67,1.99,1.92,1.15,1.59,1.77,1.77,1.63,1.6,1.25,1.67,1.55,1.46,1.5,1.54,1.62,1.82,1.6,1.43,1.2,1.35,1.07,0.12,0.07,0.0,-1.07,-1.25,-1.34,-1.41,-1.22,-1.76,-1.48,-1.78,-1.53,-1.72,-1.75,-1.95,-1.93,-2.34,-2.14,-2.08,-3.11,0.0,0.0,100.0
11/09/2021,37.36,3.22,2.66,2.79,3.59,2.73,2.8,2.58,2.23,2.27,2.19,1.88,2.56,2.24,2.38,2.27,2.45,1.96,2.02,2.06,1.61,1.66,2.07,2.38,1.7,2.25,1.7,1.98,1.95,1.16,1.6,1.85,1.81,1.66,1.64,1.26,1.68,1.59,1.55,1.51,1.35,1.63,1.85,1.62,1.45,1.21,1.36,1.07,0.12,0.07,0.0,-1.09,-1.25,-1.37,-1.44,-1.25,-1.83,-1.53,-1.81,-1.58,-1.79,-1.87,-1.99,-1.97,-2.35,-2.23,-2.12,-3.11,0.0,0.0,100.0
11/10/2021,37.36,3.22,2.66,2.79,3.59,2.73,2.8,2.58,2.23,2.27,2.19,1.88,2.56,2.24,2.38,2.27,2.45,1.96,2.02,2.06,1.61,1.66,2.07,2.38,1.7,2.25,1.7,1.98,1.95,1.16,1.6,1.85,1.81,1.66,1.64,1.26,1.68,1.59,1.55,1.51,1.35,1.63,1.85,1.62,1.45,1.21,1.36,1.07,0.12,0.07,0.0,-1.09,-1.25,-1.37,-1.44,-1.25,-1.83,-1.53,-1.81,-1.58,-1.79,-1.87,-1.99,-1.97,-2.35,-2.23,-2.12,-3.11,0.0,0.0,100.0
11/11/2021,37.28,3.22,2.69,2.85,3.71,2.74,2.81,2.59,2.22,2.27,2.19,1.87,2.56,2.27,2.39,2.23,2.45,1.95,2.02,2.06,1.65,1.68,2.07,2.35,1.73,2.21,1.7,1.98,1.96,1.14,1.61,1.85,1.83,1.64,1.64,1.27,1.68,1.62,1.57,1.47,1.39,1.63,1.85,1.6,1.44,1.19,1.35,1.08,0.12,0.07,0.0,-1.06,-1.26,-1.36,-1.43,-1.24,-1.84,-1.5,-1.84,-1.58,-1.77,-1.86,-2.04,-1.97,-2.37,-2.22,-2.21,-3.19,0.0,0.0,100.0
11/12/2021,37.15,3.22,2.68,2.84,3.68,2.76,2.79,2.58,2.26,2.29,2.29,1.84,2.55,2.27,2.39,2.23,2.43,1.93,2.02,2.03,1.61,1.66,2.07,2.37,1.7,2.22,1.7,1.97,1.99,1.14,1.61,1.86,1.83,1.64,1.62,1.25,1.69,1.61,1.61,1.46,1.41,1.64,1.84,1.59,1.44,1.2,1.37,1.08,0.12,0.07,0.0,-1.06,-1.27,-1.36,-1.42,-1.23,-1.83,-1.5,-1.83,-1.56,-1.76,-1.88,-2.02,-1.97,-2.31,-2.27,-2.2,-3.12,0.0,0.0,100.01
11/15/2021,37.11,3.24,2.72,2.86,3.64,2.7,2.76,2.52,2.23,2.25,2.26,1.83,2.52,2.24,2.4,2.24,2.4,1.9,2.05,1.98,1.58,1.64,2.05,2.34,1.7,2.23,1.65,1.93,1.99,1.14,1.62,1.87,1.84,1.61,1.62,1.24,1.7,1.62,1.58,1.47,1.36,1.61,1.88,1.58,1.44,1.2,1.37,1.08,0.11,0.07,0.0,-1.07,-1.22,-1.37,-1.44,-1.23,-1.74,-1.49,-1.73,-1.59,-1.8,-1.82,-1.94,-1.98,-2.34,-2.18,-2.07,-2.97,0.0,0.0,99.99
11/16/2021,36.77,3.24,2.69,2.85,3.61,2.69,2.77,2.51,2.25,2.24,2.28,1.81,2.53,2.23,2.41,2.24,2.46,1.9,2.06,1.99,1.59,1.61,2.06,2.32,1.67,2.23,1.65,1.95,2.01,1.17,1.63,1.88,1.85,1.62,1.63,1.25,1.72,1.61,1.55,1.48,1.39,1.63,1.86,1.58,1.43,1.2,1.36,1.07,0.11,0.07,0.0,-1.05,-1.21,-1.35,-1.41,-1.21,-1.73,-1.48,-1.7,-1.56,-1.77,-1.79,-1.92,-1.96,-2.34,-2.18,-2.07,-2.94,0.0,0.0,100.04
11/17/2021,36.77,3.24,2.69,2.85,3.61,2.69,2.77,2.51,2.25,2.24,2.28,1.81,2.53,2.23,2.41,2.24,2.46,1.9,2.06,1.99,1.59,1.61,2.06,2.32,1.67,2.23,1.65,1.95,2.01,1.17,1.63,1.88,1.85,1.62,1.63,1.25,1.72,1.61,1.55,1.48,1.39,1.63,1.86,1.58,1.43,1.2,1.36,1.07,0.11,0.07,0.0,-1.05,-1.21,-1.35,-1.41,-1.21,-1.73,-1.48,-1.7,-1.56,-1.77,-1.79,-1.92,-1.96,-2.34,-2.18,-2.07,-2.94,0.0,0.0,100.04
11/18/2021,36.73,3.21,2.68,2.87,3.56,2.68,2.78,2.54,2.26,2.26,2.26,1.81,2.52,2.18,2.41,2.25,2.45,1.89,2.07,1.98,1.58,1.61,2.05,2.32,1.66,2.24,1.65,1.97,1.96,1.18,1.61,1.89,1.84,1.61,1.63,1.25,1.72,1.61,1.56,1.49,1.39,1.65,1.88,1.58,1.44,1.21,1.37,1.09,0.11,0.07,0.0,-1.07,-1.23,-1.35,-1.43,-1.22,-1.73,-1.49,-1.69,-1.56,-1.76,-1.76,-1.91,-1.95,-2.34,-2.16,-2.07,-2.93,0.0,0.0,99.96
11/19/2021,36.31,3.2,2.66,2.97,3.54,2.7,2.83,2.57,2.25,2.29,2.28,1.8,2.51,2.15,2.41,2.17,2.5,1.86,2.08,1.95,1.57,1.6,2.14,2.35,1.65,2.24,1.62,1.99,1.98,1.1,1.59,1.87,1.84,1.61,1.61,1.24,1.72,1.62,1.51,1.5,1.36,1.67,1.85,1.58,1.42,1.21,1.36,1.08,0.11,0.07,0.0,-1.05,-1.24,-1.31,-1.4,-1.19,-1.71,-1.45,-1.68,-1.54,-1.72,-1.73,-1.9,-1.9,-2.28,-2.06,-2.03,-2.88,0.0,0.0,100.02
11/22/2021,36.35,3.23,2.62,2.99,3.44,2.72,2.8,2.54,2.24,2.27,2.34,1.77,2.52,2.15,2.39,2.12,2.46,1.87,2.1,1.91,1.56,1.59,2.16,2.33,1.61,2.24,1.63,1.97,1.95,1.06,1.59,1.87,1.84,1.63,1.6,1.21,1.72,1.59,1.54,1.45,1.35,1.67,1.86,1.59,1.42,1.22,1.36,1.08,0.1,0.07,0.0,-1.05,-1.2,-1.31,-1.4,-1.18,-1.7,-1.43,-1.64,-1.54,-1.7,-1.73,-1.86,-1.88,-2.26,-2.04,-1.99,-2.79,0.0,0.0,99.99
11/23/2021,36.35,3.23,2.62,2.99,3.44,2.72,2.8,2.54,2.24,2.27,2.34,1.77,2.52,2.15,2.39,2.12,2.46,1.87,2.1,1.91,1.56,1.59,2.16,2.33,1.61,2.24,1.63,1.97,1.95,1.06,1.59,1.87,1.84,1.63,1.6,1.21,1.72,1.59,1.54,1.45,1.35,1.67,1.86,1.59,1.42,1.22,1.36,1.08,0.1,0.07,0.0,-1.05,-1.2,-1.31,-1.4,-1.18,-1.7,-1.43,-1.64,-1.54,-1.7,-1.73,-1.86,-1.88,-2.26,-2.04,-1.99,-2.79,0.0,0.0,99.99
11/24/2021,35.78,3.15,2.52,2.96,3.81,2.73,2.81,2.48,2.26,2.18,2.31,1.72,2.5,2.07,2.29,2.1,2.64,1.9,2.09,1.88,1.51,1.54,2.2,2.31,1.58,2.24,1.6,1.91,1.97,1.02,1.54,1.85,1.8,1.68,1.54,1.12,1.69,1.58,1.52,1.44,1.3,1.64,1.83,1.57,1.4,1.2,1.35,1.05,0.1,0.07,0.0,-1.02,-1.09,-1.26,-1.37,-1.14,-1.62,-1.37,-1.55,-1.45,-1.62,-1.66,-1.71,-1.84,-2.18,-1.97,-1.87,-2.6,0.0,0.0,100.01
11/25/2021,36.09,3.18,2.57,2.92,3.73,2.73,2.81,2.48,2.28,2.18,2.29,1.76,2.5,2.08,2.35,2.22,2.54,1.89,2.1,1.86,1.49,1.57,2.22,2.25,1.59,2.28,1.63,1.87,2.01,1.02,1.58,1.85,1.84,1.7,1.56,1.15,1.71,1.58,1.52,1.46,1.28,1.63,1.82,1.57,1.42,1.22,1.39,1.06,0.1,0.07,0.0,-1.02,-1.11,-1.28,-1.39,-1.15,-1.68,-1.38,-1.58,-1.5,-1.67,-1.72,-1.74,-1.88,-2.27,-2.01,-1.92,-2.7,0.0,0.0,100.0
11/26/2021,36.33,3.21,2.62,2.89,3.73,2.74,2.78,2.5,2.35,2.21,2.34,1.79,2.5,2.14,2.4,2.24,2.6,1.9,2.11,1.89,1.5,1.56,2.23,2.29,1.6,2.32,1.64,1.87,1.77,1.02,1.58,1.87,1.87,1.72,1.6,1.15,1.71,1.57,1.52,1.46,1.3,1.64,1.87,1.57,1.44,1.24,1.4,1.08,0.1,0.07,0.0,-1.04,-1.17,-1.31,-1.4,-1.17,-1.74,-1.39,-1.64,-1.51,-1.7,-1.75,-1.8,-1.93,-2.33,-2.04,-2.03,-2.89,0.0,0.0,99.99
11/29/2021,36.24,3.22,2.6,2.91,3.83,2.73,2.79,2.53,2.35,2.24,2.32,1.79,2.5,2.15,2.39,2.21,2.65,1.91,2.11,1.88,1.5,1.57,2.25,2.29,1.59,2.34,1.61,1.89,1.71,1.01,1.56,1.86,1.88,1.72,1.6,1.14,1.71,1.56,1.52,1.45,1.3,1.66,1.89,1.57,1.43,1.24,1.39,1.07,0.1,0.07,0.0,-1.04,-1.18,-1.33,-1.4,-1.18,-1.76,-1.38,-1.65,-1.47,-1.67,-1.75,-1.82,-1.92,-2.32,-2.04,-2.03,-2.89,0.0,0.0,100.0
11/30/2021,36.44,3.1,2.52,2.96,3.71,2.7,2.83,2.49,2.29,2.2,2.28,1.79,2.45,2.12,2.34,2.26,2.59,1.87,2.11,1.84,1.46,1.55,2.21,2.23,1.58,2.34,1.59,1.84,1.69,1.01,1.53,1.81,1.84,1.67,1.57,1.15,1.7,1.57,1.44,1.46,1.27,1.62,1.85,1.53,1.43,1.24,1.4,1.11,0.1,0.07,0.0,-1.03,-1.14,-1.32,-1.38,-1.17,-1.69,-1.37,-1.55,-1.46,-1.63,-1.66,-1.73,-1.85,-2.21,-1.96,-1.9,-2.7,0.0,0.0,100.0
12/01/2021,36.44,3.1,2.52,2.96,3.71,2.7,2.83,2.49,2.29,2.2,2.28,1.79,2.45,2.12,2.34,2.26,2.59,1.87,2.11,1.84,1.46,1.55,2.21,2.23,1.58,2.34,1.59,1.84,1.69,1.01,1.53,1.81,1.84,1.67,1.57,1.15,1.7,1.57,1.44,1.46,1.27,1.62,1.85,1.53,1.43,1.24,1.4,1.11,0.1,0.07,0.0,-1.03,-1.14,-1.32,-1.38,-1.17,-1.69,-1.37,-1.55,-1.46,-1.63,-1.66,-1.73,-1.85,-2.21,-1.96,-1.9,-2.7,0.0,0.0,100.0
12/02/2021,35.99,3.11,2.35,2.98,3.89,2.72,2.78,2.52,2.4,2.25,2.25,1.75,2.48,2.15,2.33,2.19,2.67,1.9,2.1,1.86,1.47,1.57,2.2,2.28,1.58,2.35,1.57,1.89,1.61,0.99,1.53,1.81,1.84,1.69,1.56,1.11,1.7,1.54,1.43,1.45,1.29,1.69,1.87,1.54,1.43,1.25,1.38,1.07,0.1,0.07,0.0,-1.03,-1.15,-1.29,-1.38,-1.14,-1.69,-1.35,-1.57,-1.44,-1.58,-1.66,-1.69,-1.8,-2.21,-1.95,-1.88,-2.7,0.0,0.0,100.02
12/06/2021,0.0,3.14,2.34,2.94,3.77,2.74,2.81,2.52,2.35,2.22,2.36,1.71,2.44,2.13,2.28,2.33,2.6,1.91,2.08,1.83,1.43,1.57,2.23,2.24,1.59,2.24,1.56,1.86,1.52,0.95,1.55,1.8,1.87,1.74,1.56,1.11,1.68,1.52,1.44,1.4,1.26,1.66,1.9,1.54,1.42,1.26,1.36,1.06,0.09,0.07,0.0,-1.0,-1.18,-1.27,-1.38,-1.13,-1.68,-1.31,-1.57,-1.41,-1.52,-1.69,-1.7,-1.77,-2.22,-1.9,-1.92,-2.69,0.0,36.32,99.96
12/07/2021,0.0,3.14,2.34,2.94,3.77,2.74,2.81,2.52,2.35,2.22,2.36,1.71,2.44,2.13,2.28,2.33,2.6,1.91,2.08,1.83,1.43,1.57,2.23,2.24,1.59,2.24,1.56,1.86,1.52,0.95,1.55,1.8,1.87,1.74,1.56,1.11,1.68,1.52,1.44,1.4,1.26,1.66,1.9,1.54,1.42,1.26,1.36,1.06,0.09,0.07,0.0,-1.0,-1.18,-1.27,-1.38,-1.13,-1.68,-1.31,-1.57,-1.41,-1.52,-1.69,-1.7,-1.77,-2.22,-1.9,-1.92,-2.69,0.0,36.32,99.96
12/08/2021,0.0,3.14,2.34,2.94,3.77,2.74,2.81,2.52,2.35,2.22,2.36,1.71,2.44,2.13,2.28,2.33,2.6,1.91,2.08,1.83,1.43,1.57,2.23,2.24,1.59,2.24,1.56,1.86,1.52,0.95,1.55,1.8,1.87,1.74,1.56,1.11,1.68,1.52,1.44,1.4,1.26,1.66,1.9,1.54,1.42,1.26,1.36,1.06,0.09,0.07,0.0,-1.0,-1.18,-1.27,-1.38,-1.13,-1.68,-1.31,-1.57,-1.41,-1.52,-1.69,-1.7,-1.77,-2.22,-1.9,-1.92,-2.69,0.0,36.32,99.96
12/09/2021,0.0,3.14,2.34,2.94,3.77,2.74,2.81,2.52,2.35,2.22,2.36,1.71,2.44,2.13,2.28,2.33,2.6,1.91,2.08,1.83,1.43,1.57,2.23,2.24,1.59,2.24,1.56,1.86,1.52,0.95,1.55,1.8,1.87,1.74,1.56,1.11,1.68,1.52,1.44,1.4,1.26,1.66,1.9,1.54,1.42,1.26,1.36,1.06,0.09,0.07,0.0,-1.0,-1.18,-1.27,-1.38,-1.13,-1.68,-1.31,-1.57,-1.41,-1.52,-1.69,-1.7,-1.77,-2.22,-1.9,-1.92,-2.69,0.0,36.32,99.96
12/10/2021,0.0,3.14,2.34,2.94,3.77,2.74,2.81,2.52,2.35,2.22,2.36,1.71,2.44,2.13,2.28,2.33,2.6,1.91,2.08,1.83,1.43,1.57,2.23,2.24,1.59,2.24,1.56,1.86,1.52,0.95,1.55,1.8,1.87,1.74,1.56,1.11,1.68,1.52,1.44,1.4,1.26,1.66,1.9,1.54,1.42,1.26,1.36,1.06,0.09,0.07,0.0,-1.0,-1.18,-1.27,-1.38,-1.13,-1.68,-1.31,-1.57,-1.41,-1.52,-1.69,-1.7,-1.77,-2.22,-1.9,-1.92,-2.69,0.0,36.32,99.96
12/13/2021,0.0,3.14,2.34,2.94,3.77,2.74,2.81,2.52,2.35,2.22,2.36,1.71,2.44,2.13,2.28,2.33,2.6,1.91,2.08,1.83,1.43,1.57,2.23,2.24,1.59,2.24,1.56,1.86,1.52,0.95,1.55,1.8,1.87,1.74,1.56,1.11,1.68,1.52,1.44,1.4,1.26,1.66,1.9,1.54,1.42,1.26,1.36,1.06,0.09,0.07,0.0,-1.0,-1.18,-1.27,-1.38,-1.13,-1.68,-1.31,-1.57,-1.41,-1.52,-1.69,-1.7,-1.77,-2.22,-1.9,-1.92,-2.69,0.0,36.32,99.96
12/14/2021,0.0,3.14,2.34,2.94,3.77,2.74,2.81,2.52,2.35,2.22,2.36,1.71,2.44,2.13,2.28,2.33,2.6,1.91,2.08,1.83,1.43,1.57,2.23,2.24,1.59,2.24,1.56,1.86,1.52,0.95,1.55,1.8,1.87,1.74,1.56,1.11,1.68,1.52,1.44,1.4,1.26,1.66,1.9,1.54,1.42,1.26,1.36,1.06,0.09,0.07,0.0,-1.0,-1.18,-1.27,-1.38,-1.13,-1.68,-1.31,-1.57,-1.41,-1.52,-1.69,-1.7,-1.77,-2.22,-1.9,-1.92,-2.69,0.0,36.32,99.96
12/15/2021,0.0,3.14,2.34,2.94,3.77,2.74,2.81,2.52,2.35,2.22,2.36,1.71,2.44,2.13,2.28,2.33,2.6,1.91,2.08,1.83,1.43,1.57,2.23,2.24,1.59,2.24,1.56,1.86,1.52,0.95,1.55,1.8,1.87,1.74,1.56,1.11,1.68,1.52,1.44,1.4,1.26,1.66,1.9,1.54,1.42,1.26,1.36,1.06,0.09,0.07,0.0,-1.0,-1.18,-1.27,-1.38,-1.13,-1.68,-1.31,-1.57,-1.41,-1.52,-1.69,-1.7,-1.77,-2.22,-1.9,-1.92,-2.69,0.0,36.32,99.96
12/16/2021,0.0,3.14,2.34,2.94,3.77,2.74,2.81,2.52,2.35,2.22,2.36,1.71,2.44,2.13,2.28,2.33,2.6,1.91,2.08,1.83,1.43,1.57,2.23,2.24,1.59,2.24,1.56,1.86,1.52,0.95,1.55,1.8,1.87,1.74,1.56,1.11,1.68,1.52,1.44,1.4,1.26,1.66,1.9,1.54,1.42,1.26,1.36,1.06,0.09,0.07,0.0,-1.0,-1.18,-1.27,-1.38,-1.13,-1.68,-1.31,-1.57,-1.41,-1.52,-1.69,-1.7,-1.77,-2.22,-1.9,-1.92,-2.69,0.0,36.32,99.96
