,NVDA,MSFT,FB,GOOGL,V,AAPL,JNJ,HD,PG,MA,ADBE,BRK.B,VZ,CSCO,INTC,ACN,AMZN,MRK,COST,TXN,LLY,ABBV,MCD,QCOM,UNP,CVX,ORCL,PFE,LOW,AMGN,NEE,TGT,INTU,AMT,AMAT,MMM,IBM,BLK,SPGI,ZTS,LMT,ADP,TJX,MO,AVGO,NOW,MMC,GILD,ITW,ADSK,EW,CL,USB,ILMN,IDXX,MCO,PGR,NKE,EL,ZM,DG,WM,MRNA,AON,VRTX,PSA,ROST,PM,EOG,ORLY,EBAY,ADI,SNPS,PANW,KLAC,ALL,EA,RMD,FTNT,CRWD,ICE,MTD,XLNX,CDNS,AZO,PAYX,ETSY,YUM,TROW,HCA,APD,CPRT,MNST,NEM,AJG,KEYS,CTSH,EPAM,CB,CMI,HLT,CTAS,REGN,MXIM,ROK,BBY,BIIB,MCK,WAT,RSG,EXR,QRVO,IT,AFL,NDAQ,VRSN,CBRE,TRV,TSCO,POOL,TER,MSI,BR,VRSK,TECH,WEC,GWW,IEX,SPG,SWKS,GGG,FDS,CLX,CE,AKAM,BRO,HSY,MTCH,ALLE,WSO,CERN,WSM,VMW,MANH,IPG,CHE,ROL,RHI,LAMR,KMI,MAR,PAYC,TYL,DKS,WMT,COG,DECK,JAZZ,YETI,GNTX,XEC,FUO.,DVA,CBSH,CRI,LECO,FL,LSTR,AZPN,ELS,CDW,OMC,SIRI,WRB,NTAP,OLLI,JKHY,BF.B,TPL,WU,CTXS,ACGL,PFPT,SEIC,SLB,GPC,RGLD,UI,GL,WY,CHD,SSNC,LII,COR,AOS,DCI,MKTX,APH,TRGP,AYI,QDEL,CABO,BC,ERIE,AGNC,EVRG,JPMORGAN US GOVT MMKT FUN,EQR,CBOE,IDA,DLB,ANSGR.IS,FNF,BOH,SNX,n/a,LSI,WWE,SBUX,NXPI,ULTA,MCHP,DASH,LITE,DELL,VSCO,DT,ABT,FFIV,NLOK,NFG,CTRA,DOX,CF,SUM
07/09/2021,2.24,2.07,2.07,2.03,1.82,1.78,1.78,1.69,1.63,1.63,1.41,1.35,1.19,1.15,1.08,1.05,1.05,1.04,0.97,0.97,0.96,0.91,0.9,0.9,0.84,0.83,0.82,0.82,0.81,0.78,0.75,0.74,0.74,0.74,0.7,0.68,0.68,0.64,0.64,0.61,0.57,0.57,0.56,0.56,0.54,0.52,0.52,0.49,0.49,0.49,0.49,0.48,0.47,0.47,0.46,0.46,0.45,0.44,0.44,0.44,0.43,0.42,0.42,0.42,0.41,0.41,0.4,0.4,0.4,0.39,0.39,0.39,0.39,0.37,0.37,0.36,0.36,0.36,0.36,0.36,0.36,0.35,0.35,0.35,0.35,0.34,0.34,0.34,0.34,0.34,0.34,0.34,0.33,0.32,0.32,0.32,0.32,0.32,0.32,0.32,0.32,0.32,0.31,0.31,0.31,0.31,0.31,0.31,0.3,0.3,0.3,0.3,0.3,0.3,0.29,0.29,0.29,0.29,0.29,0.29,0.28,0.28,0.28,0.28,0.28,0.27,0.27,0.27,0.26,0.26,0.26,0.26,0.26,0.25,0.25,0.25,0.24,0.24,0.24,0.24,0.24,0.24,0.24,0.24,0.24,0.23,0.23,0.23,0.23,0.23,0.23,0.22,0.22,0.22,0.22,0.22,0.22,0.22,0.22,0.22,0.22,0.22,0.22,0.21,0.21,0.21,0.21,0.21,0.21,0.21,0.2,0.2,0.2,0.2,0.19,0.19,0.19,0.19,0.18,0.18,0.18,0.18,0.17,0.17,0.17,0.17,0.17,0.17,0.17,0.17,0.16,0.16,0.16,0.16,0.16,0.16,0.16,0.15,0.15,0.15,0.0,0.0,0.0,0.0,0.0,0.0,0.0,0.0,0.0,0.0,0.0,0.0,0.0,0.0,0.0,0.0,0.0,0.0,0.0,0.0,0.0,0.0,0.0,0.0,0.0,0.0,0.0,0.0,0.0,0.0,0.0,0.0,0.0,0.0,93.08
07/12/2021,2.16,2.06,2.04,2.01,1.8,1.81,1.79,1.7,1.64,1.61,1.42,1.36,1.17,1.16,1.07,1.07,1.06,1.03,1.0,0.96,0.96,0.91,0.9,0.89,0.83,0.82,0.87,0.82,0.8,0.78,0.74,0.74,0.74,0.74,0.69,0.69,0.69,0.65,0.64,0.62,0.57,0.57,0.56,0.56,0.54,0.52,0.51,0.48,0.49,0.49,0.49,0.48,0.47,0.47,0.46,0.46,0.46,0.44,0.43,0.42,0.43,0.42,0.41,0.41,0.41,0.41,0.39,0.4,0.4,0.39,0.39,0.38,0.39,0.37,0.36,0.37,0.36,0.36,0.37,0.36,0.36,0.35,0.33,0.35,0.36,0.35,0.34,0.35,0.34,0.34,0.34,0.34,0.33,0.32,0.31,0.32,0.32,0.32,0.33,0.33,0.32,0.33,0.31,0.3,0.32,0.31,0.32,0.3,0.31,0.3,0.3,0.3,0.3,0.29,0.28,0.29,0.29,0.29,0.29,0.3,0.28,0.28,0.29,0.28,0.28,0.27,0.27,0.27,0.27,0.26,0.26,0.26,0.26,0.25,0.25,0.24,0.24,0.24,0.23,0.24,0.24,0.24,0.24,0.24,0.24,0.22,0.23,0.23,0.24,0.23,0.24,0.21,0.22,0.22,0.22,0.23,0.22,0.22,0.22,0.22,0.23,0.22,0.22,0.21,0.21,0.21,0.22,0.21,0.21,0.22,0.2,0.2,0.2,0.19,0.19,0.2,0.19,0.19,0.18,0.18,0.18,0.17,0.17,0.17,0.17,0.17,0.17,0.17,0.17,0.18,0.17,0.16,0.16,0.16,0.16,0.16,0.0,0.15,0.15,0.0,0.15,0.15,0.0,0.0,0.0,0.0,0.0,0.0,0.0,0.0,0.0,0.0,0.0,0.0,0.0,0.0,0.0,0.0,0.0,0.0,0.0,0.0,0.0,0.0,0.0,0.0,0.0,0.0,0.0,0.0,0.0,0.0,0.0,0.0,93.03
07/13/2021,2.16,2.06,2.04,2.01,1.8,1.81,1.79,1.7,1.64,1.61,1.42,1.36,1.17,1.16,1.07,1.07,1.06,1.03,1.0,0.96,0.96,0.91,0.9,0.89,0.83,0.82,0.87,0.82,0.8,0.78,0.74,0.74,0.74,0.74,0.69,0.69,0.69,0.65,0.64,0.62,0.57,0.57,0.56,0.56,0.54,0.52,0.51,0.48,0.49,0.49,0.49,0.48,0.47,0.47,0.46,0.46,0.46,0.44,0.43,0.42,0.43,0.42,0.41,0.41,0.41,0.41,0.39,0.4,0.4,0.39,0.39,0.38,0.39,0.37,0.36,0.37,0.36,0.36,0.37,0.36,0.36,0.35,0.33,0.35,0.36,0.35,0.34,0.35,0.34,0.34,0.34,0.34,0.33,0.32,0.31,0.32,0.32,0.32,0.33,0.33,0.32,0.33,0.31,0.3,0.32,0.31,0.32,0.3,0.31,0.3,0.3,0.3,0.3,0.29,0.28,0.29,0.29,0.29,0.29,0.3,0.28,0.28,0.29,0.28,0.28,0.27,0.27,0.27,0.27,0.26,0.26,0.26,0.26,0.25,0.25,0.24,0.24,0.24,0.23,0.24,0.24,0.24,0.24,0.24,0.24,0.22,0.23,0.23,0.24,0.23,0.24,0.21,0.22,0.22,0.22,0.23,0.22,0.22,0.22,0.22,0.23,0.22,0.22,0.21,0.21,0.21,0.22,0.21,0.21,0.22,0.2,0.2,0.2,0.19,0.19,0.2,0.19,0.19,0.18,0.18,0.18,0.17,0.17,0.17,0.17,0.17,0.17,0.17,0.17,0.18,0.17,0.16,0.16,0.16,0.16,0.16,0.0,0.15,0.15,0.0,0.15,0.15,0.0,0.0,0.0,0.0,0.0,0.0,0.0,0.0,0.0,0.0,0.0,0.0,0.0,0.0,0.0,0.0,0.0,0.0,0.0,0.0,0.0,0.0,0.0,0.0,0.0,0.0,0.0,0.0,0.0,0.0,0.0,0.0,93.03
07/14/2021,2.16,2.06,2.04,2.01,1.8,1.81,1.79,1.7,1.64,1.61,1.42,1.36,1.17,1.16,1.07,1.07,1.06,1.03,1.0,0.96,0.96,0.91,0.9,0.89,0.83,0.82,0.87,0.82,0.8,0.78,0.74,0.74,0.74,0.74,0.69,0.69,0.69,0.65,0.64,0.62,0.57,0.57,0.56,0.56,0.54,0.52,0.51,0.48,0.49,0.49,0.49,0.48,0.47,0.47,0.46,0.46,0.46,0.44,0.43,0.42,0.43,0.42,0.41,0.41,0.41,0.41,0.39,0.4,0.4,0.39,0.39,0.38,0.39,0.37,0.36,0.37,0.36,0.36,0.37,0.36,0.36,0.35,0.33,0.35,0.36,0.35,0.34,0.35,0.34,0.34,0.34,0.34,0.33,0.32,0.31,0.32,0.32,0.32,0.33,0.33,0.32,0.33,0.31,0.3,0.32,0.31,0.32,0.3,0.31,0.3,0.3,0.3,0.3,0.29,0.28,0.29,0.29,0.29,0.29,0.3,0.28,0.28,0.29,0.28,0.28,0.27,0.27,0.27,0.27,0.26,0.26,0.26,0.26,0.25,0.25,0.24,0.24,0.24,0.23,0.24,0.24,0.24,0.24,0.24,0.24,0.22,0.23,0.23,0.24,0.23,0.24,0.21,0.22,0.22,0.22,0.23,0.22,0.22,0.22,0.22,0.23,0.22,0.22,0.21,0.21,0.21,0.22,0.21,0.21,0.22,0.2,0.2,0.2,0.19,0.19,0.2,0.19,0.19,0.18,0.18,0.18,0.17,0.17,0.17,0.17,0.17,0.17,0.17,0.17,0.18,0.17,0.16,0.16,0.16,0.16,0.16,0.0,0.15,0.15,0.0,0.15,0.15,0.0,0.0,0.0,0.0,0.0,0.0,0.0,0.0,0.0,0.0,0.0,0.0,0.0,0.0,0.0,0.0,0.0,0.0,0.0,0.0,0.0,0.0,0.0,0.0,0.0,0.0,0.0,0.0,0.0,0.0,0.0,0.0,93.03
07/15/2021,2.21,2.05,2.05,2.03,1.79,1.8,1.79,1.69,1.64,1.62,1.41,1.35,1.17,1.15,1.09,1.07,1.06,1.03,0.98,0.96,0.96,0.91,0.9,0.9,0.83,0.82,0.86,0.83,0.8,0.78,0.74,0.75,0.74,0.75,0.7,0.69,0.68,0.66,0.63,0.62,0.57,0.57,0.56,0.56,0.55,0.52,0.51,0.48,0.49,0.48,0.49,0.48,0.48,0.47,0.46,0.46,0.46,0.44,0.44,0.41,0.43,0.42,0.43,0.41,0.41,0.41,0.39,0.4,0.4,0.39,0.38,0.38,0.39,0.37,0.37,0.37,0.36,0.36,0.36,0.35,0.36,0.35,0.33,0.35,0.36,0.35,0.33,0.34,0.35,0.35,0.34,0.34,0.33,0.31,0.31,0.32,0.32,0.33,0.33,0.33,0.32,0.33,0.31,0.31,0.32,0.31,0.31,0.31,0.31,0.3,0.3,0.3,0.3,0.3,0.29,0.28,0.29,0.29,0.29,0.29,0.28,0.28,0.29,0.28,0.27,0.27,0.27,0.27,0.27,0.26,0.26,0.26,0.25,0.25,0.24,0.24,0.24,0.24,0.23,0.24,0.24,0.25,0.24,0.23,0.24,0.23,0.23,0.23,0.24,0.23,0.24,0.21,0.22,0.22,0.22,0.23,0.23,0.22,0.22,0.22,0.23,0.22,0.23,0.21,0.21,0.21,0.22,0.21,0.21,0.22,0.2,0.2,0.2,0.2,0.19,0.2,0.19,0.19,0.18,0.18,0.17,0.17,0.17,0.17,0.17,0.17,0.17,0.17,0.17,0.18,0.17,0.16,0.16,0.17,0.16,0.16,0.0,0.15,0.0,0.0,0.15,0.15,0.15,0.0,0.0,0.0,0.0,0.0,0.0,0.0,0.0,0.0,0.0,0.0,0.0,0.0,0.0,0.0,0.0,0.0,0.0,0.0,0.0,0.0,0.0,0.0,0.0,0.0,0.0,0.0,0.0,0.0,0.0,0.0,93.11
07/16/2021,2.19,2.09,2.06,2.04,1.83,1.82,1.79,1.67,1.64,1.66,1.43,1.35,1.18,1.15,1.09,1.08,1.05,1.03,0.99,0.96,0.96,0.92,0.91,0.89,0.82,0.83,0.86,0.83,0.8,0.78,0.74,0.75,0.74,0.75,0.7,0.69,0.68,0.65,0.63,0.62,0.57,0.57,0.55,0.56,0.55,0.52,0.51,0.48,0.5,0.49,0.49,0.48,0.47,0.47,0.46,0.46,0.45,0.44,0.44,0.41,0.43,0.42,0.42,0.4,0.41,0.41,0.39,0.4,0.4,0.39,0.38,0.38,0.39,0.37,0.37,0.36,0.36,0.36,0.37,0.35,0.36,0.36,0.33,0.35,0.35,0.35,0.32,0.34,0.34,0.35,0.34,0.34,0.34,0.32,0.31,0.33,0.31,0.33,0.33,0.33,0.32,0.32,0.31,0.31,0.32,0.31,0.31,0.31,0.31,0.3,0.3,0.3,0.3,0.29,0.29,0.28,0.28,0.29,0.29,0.29,0.28,0.28,0.29,0.29,0.28,0.27,0.27,0.27,0.26,0.26,0.26,0.25,0.25,0.25,0.24,0.24,0.24,0.24,0.23,0.24,0.24,0.24,0.23,0.23,0.24,0.23,0.23,0.23,0.23,0.23,0.23,0.21,0.22,0.22,0.22,0.23,0.22,0.22,0.22,0.22,0.23,0.22,0.22,0.21,0.21,0.21,0.21,0.21,0.21,0.22,0.2,0.19,0.19,0.19,0.18,0.2,0.19,0.19,0.18,0.18,0.17,0.17,0.17,0.16,0.17,0.17,0.17,0.17,0.17,0.18,0.16,0.16,0.16,0.16,0.16,0.16,0.0,0.0,0.15,0.15,0.0,0.15,0.0,0.15,0.0,0.0,0.0,0.0,0.0,0.0,0.0,0.0,0.0,0.0,0.0,0.0,0.0,0.0,0.0,0.0,0.0,0.0,0.0,0.0,0.0,0.0,0.0,0.0,0.0,0.0,0.0,0.0,0.0,0.0,93.07
07/19/2021,2.05,2.09,2.01,2.04,1.88,1.86,1.79,1.71,1.67,1.69,1.43,1.36,1.19,1.16,1.07,1.09,1.04,1.04,1.0,0.95,0.95,0.92,0.91,0.9,0.83,0.81,0.85,0.84,0.81,0.79,0.77,0.76,0.74,0.75,0.69,0.7,0.69,0.63,0.63,0.63,0.57,0.58,0.56,0.57,0.54,0.52,0.51,0.48,0.5,0.49,0.49,0.49,0.49,0.45,0.46,0.46,0.44,0.44,0.45,0.39,0.44,0.43,0.46,0.4,0.41,0.41,0.39,0.4,0.37,0.4,0.38,0.37,0.39,0.37,0.36,0.36,0.36,0.36,0.37,0.34,0.36,0.35,0.32,0.35,0.36,0.35,0.31,0.34,0.34,0.35,0.34,0.35,0.35,0.32,0.31,0.32,0.32,0.33,0.33,0.33,0.32,0.31,0.32,0.3,0.32,0.31,0.29,0.31,0.32,0.31,0.3,0.29,0.3,0.3,0.29,0.28,0.29,0.3,0.3,0.29,0.28,0.28,0.29,0.29,0.27,0.28,0.28,0.28,0.26,0.26,0.26,0.26,0.26,0.26,0.25,0.25,0.24,0.24,0.23,0.24,0.24,0.24,0.23,0.23,0.24,0.22,0.23,0.23,0.23,0.22,0.23,0.21,0.22,0.22,0.22,0.21,0.22,0.22,0.22,0.22,0.21,0.22,0.22,0.21,0.2,0.21,0.2,0.21,0.21,0.22,0.2,0.2,0.19,0.2,0.18,0.2,0.2,0.19,0.17,0.18,0.18,0.17,0.17,0.17,0.16,0.17,0.17,0.17,0.17,0.18,0.17,0.17,0.0,0.16,0.16,0.16,0.0,0.15,0.0,0.15,0.0,0.0,0.0,0.15,0.15,0.15,0.0,0.0,0.0,0.0,0.0,0.0,0.0,0.0,0.0,0.0,0.0,0.0,0.0,0.0,0.0,0.0,0.0,0.0,0.0,0.0,0.0,0.0,0.0,0.0,0.0,0.0,0.0,0.0,93.21
07/20/2021,1.97,2.1,2.0,2.05,1.89,1.85,1.79,1.71,1.69,1.68,1.44,1.36,1.19,1.17,1.06,1.08,1.03,1.04,1.0,0.94,0.95,0.92,0.91,0.89,0.83,0.79,0.87,0.85,0.81,0.8,0.78,0.76,0.74,0.76,0.66,0.69,0.68,0.63,0.64,0.63,0.57,0.58,0.56,0.57,0.53,0.52,0.51,0.49,0.5,0.49,0.5,0.49,0.48,0.46,0.47,0.47,0.45,0.44,0.45,0.4,0.44,0.43,0.52,0.41,0.42,0.41,0.38,0.4,0.36,0.4,0.38,0.37,0.39,0.37,0.35,0.36,0.37,0.37,0.37,0.34,0.36,0.36,0.32,0.35,0.37,0.35,0.32,0.34,0.34,0.35,0.34,0.35,0.35,0.31,0.32,0.32,0.31,0.33,0.34,0.33,0.31,0.33,0.31,0.3,0.32,0.31,0.29,0.31,0.32,0.31,0.3,0.29,0.3,0.3,0.29,0.28,0.29,0.3,0.3,0.29,0.27,0.28,0.29,0.3,0.28,0.28,0.27,0.28,0.26,0.26,0.26,0.26,0.27,0.25,0.25,0.25,0.25,0.24,0.24,0.24,0.24,0.23,0.23,0.23,0.23,0.22,0.23,0.23,0.23,0.22,0.23,0.21,0.22,0.21,0.22,0.21,0.22,0.21,0.21,0.21,0.21,0.22,0.22,0.21,0.2,0.21,0.2,0.21,0.21,0.22,0.2,0.19,0.19,0.2,0.18,0.2,0.2,0.19,0.17,0.18,0.18,0.17,0.17,0.17,0.0,0.17,0.17,0.17,0.17,0.18,0.17,0.17,0.0,0.17,0.16,0.16,0.16,0.0,0.0,0.0,0.0,0.15,0.0,0.0,0.15,0.0,0.16,0.15,0.15,0.0,0.0,0.0,0.0,0.0,0.0,0.0,0.0,0.0,0.0,0.0,0.0,0.0,0.0,0.0,0.0,0.0,0.0,0.0,0.0,0.0,0.0,0.0,0.0,0.0,93.24
07/21/2021,1.97,2.1,2.0,2.05,1.89,1.85,1.79,1.71,1.69,1.68,1.44,1.36,1.19,1.17,1.06,1.08,1.03,1.04,1.0,0.94,0.95,0.92,0.91,0.89,0.83,0.79,0.87,0.85,0.81,0.8,0.78,0.76,0.74,0.76,0.66,0.69,0.68,0.63,0.64,0.63,0.57,0.58,0.56,0.57,0.53,0.52,0.51,0.49,0.5,0.49,0.5,0.49,0.48,0.46,0.47,0.47,0.45,0.44,0.45,0.4,0.44,0.43,0.52,0.41,0.42,0.41,0.38,0.4,0.36,0.4,0.38,0.37,0.39,0.37,0.35,0.36,0.37,0.37,0.37,0.34,0.36,0.36,0.32,0.35,0.37,0.35,0.32,0.34,0.34,0.35,0.34,0.35,0.35,0.31,0.32,0.32,0.31,0.33,0.34,0.33,0.31,0.33,0.31,0.3,0.32,0.31,0.29,0.31,0.32,0.31,0.3,0.29,0.3,0.3,0.29,0.28,0.29,0.3,0.3,0.29,0.27,0.28,0.29,0.3,0.28,0.28,0.27,0.28,0.26,0.26,0.26,0.26,0.27,0.25,0.25,0.25,0.25,0.24,0.24,0.24,0.24,0.23,0.23,0.23,0.23,0.22,0.23,0.23,0.23,0.22,0.23,0.21,0.22,0.21,0.22,0.21,0.22,0.21,0.21,0.21,0.21,0.22,0.22,0.21,0.2,0.21,0.2,0.21,0.21,0.22,0.2,0.19,0.19,0.2,0.18,0.2,0.2,0.19,0.17,0.18,0.18,0.17,0.17,0.17,0.0,0.17,0.17,0.17,0.17,0.18,0.17,0.17,0.0,0.17,0.16,0.16,0.16,0.0,0.0,0.0,0.0,0.15,0.0,0.0,0.15,0.0,0.16,0.15,0.15,0.0,0.0,0.0,0.0,0.0,0.0,0.0,0.0,0.0,0.0,0.0,0.0,0.0,0.0,0.0,0.0,0.0,0.0,0.0,0.0,0.0,0.0,0.0,0.0,0.0,93.24
07/22/2021,2.07,2.1,2.0,2.04,1.85,1.82,1.8,1.71,1.71,1.61,1.44,1.35,1.19,1.17,1.07,1.08,1.03,1.04,1.02,0.95,0.97,0.92,0.9,0.89,0.82,0.78,0.88,0.85,0.81,0.8,0.78,0.77,0.74,0.77,0.67,0.69,0.69,0.62,0.64,0.63,0.57,0.58,0.54,0.57,0.54,0.52,0.51,0.49,0.5,0.48,0.48,0.5,0.46,0.47,0.47,0.47,0.44,0.44,0.44,0.39,0.45,0.43,0.57,0.4,0.42,0.41,0.37,0.4,0.34,0.4,0.39,0.37,0.39,0.37,0.35,0.36,0.36,0.38,0.37,0.35,0.36,0.36,0.32,0.36,0.37,0.35,0.33,0.34,0.33,0.35,0.34,0.35,0.35,0.31,0.31,0.33,0.31,0.34,0.33,0.32,0.31,0.33,0.32,0.3,0.32,0.31,0.29,0.31,0.31,0.31,0.3,0.29,0.3,0.29,0.29,0.29,0.28,0.29,0.29,0.29,0.27,0.28,0.29,0.3,0.28,0.28,0.27,0.28,0.25,0.26,0.26,0.26,0.27,0.25,0.25,0.25,0.25,0.23,0.24,0.23,0.24,0.23,0.24,0.23,0.23,0.23,0.24,0.23,0.22,0.22,0.22,0.21,0.23,0.21,0.22,0.21,0.22,0.21,0.22,0.21,0.2,0.22,0.22,0.21,0.19,0.21,0.19,0.21,0.21,0.22,0.2,0.19,0.19,0.2,0.18,0.2,0.2,0.19,0.17,0.18,0.18,0.17,0.17,0.16,0.15,0.17,0.17,0.17,0.17,0.17,0.17,0.16,0.0,0.17,0.16,0.16,0.16,0.0,0.0,0.0,0.17,0.15,0.0,0.0,0.15,0.0,0.16,0.0,0.0,0.0,0.0,0.0,0.0,0.0,0.0,0.0,0.0,0.0,0.0,0.0,0.0,0.0,0.0,0.0,0.0,0.0,0.0,0.0,0.0,0.0,0.0,0.0,0.0,0.0,93.18
07/23/2021,2.02,2.09,2.01,2.04,1.85,1.84,1.79,1.73,1.68,1.63,1.44,1.35,1.17,1.16,1.07,1.08,1.03,1.02,1.01,0.95,0.96,0.91,0.91,0.89,0.81,0.77,0.88,0.86,0.81,0.79,0.77,0.77,0.75,0.76,0.68,0.69,0.69,0.64,0.64,0.63,0.57,0.58,0.55,0.57,0.53,0.52,0.51,0.49,0.5,0.49,0.49,0.48,0.47,0.48,0.47,0.47,0.44,0.44,0.45,0.39,0.45,0.43,0.55,0.4,0.41,0.41,0.38,0.39,0.35,0.41,0.39,0.37,0.39,0.38,0.36,0.35,0.36,0.37,0.38,0.34,0.36,0.36,0.32,0.36,0.37,0.35,0.34,0.34,0.34,0.39,0.34,0.36,0.35,0.3,0.31,0.33,0.31,0.34,0.34,0.33,0.31,0.33,0.32,0.3,0.33,0.31,0.29,0.32,0.32,0.31,0.3,0.29,0.3,0.3,0.3,0.28,0.29,0.29,0.29,0.28,0.28,0.28,0.29,0.3,0.29,0.28,0.28,0.28,0.26,0.26,0.26,0.26,0.26,0.25,0.25,0.25,0.25,0.23,0.24,0.24,0.24,0.24,0.24,0.24,0.23,0.23,0.24,0.23,0.23,0.22,0.23,0.21,0.22,0.22,0.22,0.2,0.22,0.21,0.22,0.22,0.2,0.22,0.22,0.21,0.2,0.21,0.2,0.21,0.21,0.23,0.2,0.18,0.2,0.2,0.18,0.21,0.2,0.19,0.18,0.18,0.18,0.17,0.17,0.17,0.0,0.17,0.17,0.17,0.17,0.17,0.17,0.17,0.0,0.16,0.16,0.16,0.16,0.0,0.0,0.15,0.17,0.15,0.15,0.0,0.0,0.0,0.16,0.0,0.0,0.0,0.0,0.0,0.0,0.0,0.0,0.0,0.0,0.0,0.0,0.0,0.0,0.0,0.0,0.0,0.0,0.0,0.0,0.0,0.0,0.0,0.0,0.0,0.0,0.0,93.36
07/26/2021,2.11,2.12,2.04,2.05,1.84,1.83,1.79,1.72,1.65,1.65,1.46,1.34,1.17,1.18,1.07,1.07,1.03,1.01,1.0,0.92,0.97,0.91,0.91,0.9,0.82,0.78,0.89,0.86,0.81,0.78,0.75,0.76,0.76,0.75,0.7,0.68,0.68,0.62,0.64,0.62,0.57,0.57,0.55,0.56,0.54,0.53,0.52,0.48,0.49,0.51,0.49,0.47,0.47,0.47,0.47,0.47,0.43,0.44,0.44,0.39,0.44,0.42,0.57,0.4,0.4,0.4,0.38,0.39,0.35,0.4,0.4,0.37,0.4,0.37,0.37,0.35,0.36,0.37,0.38,0.35,0.36,0.36,0.33,0.37,0.36,0.35,0.35,0.35,0.34,0.39,0.34,0.36,0.34,0.31,0.32,0.33,0.31,0.34,0.33,0.32,0.31,0.33,0.31,0.3,0.32,0.3,0.29,0.32,0.32,0.31,0.29,0.29,0.3,0.29,0.3,0.28,0.29,0.28,0.28,0.28,0.28,0.28,0.29,0.29,0.28,0.27,0.27,0.27,0.26,0.26,0.26,0.26,0.25,0.24,0.24,0.25,0.24,0.23,0.24,0.24,0.24,0.23,0.24,0.24,0.25,0.22,0.24,0.23,0.22,0.22,0.23,0.21,0.22,0.22,0.22,0.2,0.23,0.21,0.23,0.21,0.2,0.21,0.22,0.2,0.2,0.21,0.2,0.2,0.21,0.22,0.2,0.18,0.19,0.19,0.17,0.2,0.2,0.18,0.18,0.18,0.17,0.18,0.17,0.17,0.0,0.18,0.17,0.17,0.18,0.17,0.17,0.17,0.15,0.16,0.0,0.16,0.16,0.15,0.0,0.0,0.18,0.0,0.0,0.0,0.15,0.0,0.18,0.0,0.0,0.15,0.0,0.0,0.0,0.0,0.0,0.0,0.0,0.0,0.0,0.0,0.0,0.0,0.0,0.0,0.0,0.0,0.0,0.0,0.0,0.0,0.0,0.0,0.0,0.0,93.21
07/27/2021,2.08,2.12,2.13,2.11,1.86,1.84,1.8,1.74,1.65,1.68,1.45,1.34,1.16,1.18,1.0,1.08,1.03,1.01,1.01,0.93,0.98,0.91,0.92,0.9,0.81,0.77,0.85,0.85,0.82,0.78,0.76,0.77,0.76,0.75,0.7,0.68,0.68,0.61,0.63,0.63,0.56,0.57,0.55,0.56,0.54,0.53,0.52,0.48,0.49,0.51,0.5,0.48,0.46,0.48,0.47,0.46,0.43,0.45,0.45,0.39,0.44,0.42,0.61,0.4,0.41,0.41,0.38,0.39,0.34,0.41,0.4,0.37,0.4,0.37,0.37,0.35,0.36,0.37,0.39,0.36,0.36,0.36,0.33,0.37,0.37,0.35,0.35,0.35,0.34,0.38,0.34,0.36,0.35,0.3,0.31,0.32,0.31,0.34,0.33,0.32,0.32,0.33,0.31,0.3,0.32,0.31,0.28,0.32,0.32,0.31,0.3,0.29,0.3,0.29,0.3,0.27,0.3,0.28,0.29,0.28,0.28,0.28,0.29,0.29,0.28,0.27,0.27,0.27,0.25,0.26,0.26,0.26,0.26,0.25,0.25,0.25,0.24,0.24,0.24,0.24,0.24,0.23,0.24,0.24,0.26,0.22,0.24,0.24,0.22,0.21,0.23,0.22,0.22,0.23,0.22,0.2,0.23,0.21,0.23,0.21,0.2,0.22,0.22,0.2,0.2,0.21,0.2,0.2,0.21,0.22,0.2,0.18,0.19,0.19,0.17,0.2,0.2,0.18,0.17,0.18,0.17,0.18,0.17,0.17,0.0,0.18,0.17,0.17,0.17,0.17,0.17,0.17,0.0,0.16,0.16,0.16,0.16,0.15,0.0,0.0,0.18,0.15,0.0,0.0,0.0,0.0,0.19,0.0,0.0,0.15,0.0,0.0,0.0,0.0,0.0,0.0,0.0,0.0,0.0,0.0,0.0,0.0,0.0,0.0,0.0,0.0,0.0,0.0,0.0,0.0,0.0,0.0,0.0,0.0,93.51
07/28/2021,2.08,2.12,2.13,2.1,1.85,1.83,1.79,1.73,1.65,1.67,1.45,1.33,1.16,1.18,1.0,1.08,1.03,1.01,1.01,0.92,0.98,0.91,0.92,0.9,0.81,0.77,0.85,0.85,0.81,0.78,0.75,0.77,0.76,0.75,0.7,0.68,0.68,0.61,0.63,0.62,0.56,0.57,0.55,0.56,0.54,0.53,0.52,0.48,0.48,0.51,0.5,0.47,0.46,0.48,0.47,0.46,0.43,0.45,0.45,0.39,0.44,0.42,0.61,0.4,0.4,0.4,0.38,0.39,0.34,0.41,0.4,0.37,0.4,0.37,0.37,0.35,0.36,0.37,0.39,0.36,0.36,0.36,0.33,0.37,0.37,0.35,0.35,0.35,0.34,0.38,0.34,0.36,0.35,0.3,0.31,0.32,0.31,0.34,0.33,0.32,0.32,0.33,0.31,0.3,0.32,0.31,0.28,0.32,0.32,0.31,0.29,0.29,0.3,0.29,0.3,0.27,0.29,0.28,0.29,0.28,0.28,0.28,0.29,0.29,0.28,0.27,0.27,0.27,0.25,0.26,0.26,0.26,0.26,0.25,0.25,0.25,0.24,0.24,0.24,0.24,0.23,0.23,0.24,0.24,0.26,0.22,0.24,0.24,0.22,0.21,0.23,0.22,0.22,0.23,0.22,0.2,0.23,0.21,0.23,0.21,0.2,0.0,0.22,0.2,0.2,0.21,0.2,0.2,0.21,0.22,0.2,0.18,0.19,0.19,0.17,0.2,0.2,0.18,0.17,0.18,0.17,0.18,0.17,0.17,0.0,0.18,0.17,0.17,0.17,0.17,0.17,0.17,0.0,0.16,0.16,0.16,0.16,0.0,0.0,0.0,0.18,0.0,0.0,0.15,0.0,0.0,0.0,0.0,0.15,0.0,0.21,0.19,0.15,0.0,0.0,0.0,0.0,0.0,0.0,0.0,0.0,0.0,0.0,0.0,0.0,0.0,0.0,0.0,0.0,0.0,0.0,0.0,0.0,0.0,93.32
07/29/2021,2.06,2.12,2.15,2.12,1.87,1.84,1.8,1.73,1.66,1.67,1.44,1.34,1.16,1.19,1.03,1.08,1.04,1.01,1.01,0.93,0.98,0.9,0.92,0.89,0.81,0.79,0.85,0.86,0.8,0.77,0.75,0.77,0.76,0.75,0.7,0.68,0.68,0.62,0.63,0.62,0.54,0.57,0.55,0.56,0.54,0.53,0.52,0.48,0.49,0.51,0.49,0.48,0.47,0.47,0.47,0.46,0.43,0.44,0.45,0.4,0.44,0.42,0.59,0.43,0.4,0.4,0.38,0.39,0.35,0.41,0.4,0.37,0.39,0.37,0.37,0.35,0.36,0.37,0.38,0.35,0.36,0.36,0.33,0.37,0.36,0.35,0.35,0.35,0.34,0.38,0.33,0.35,0.35,0.3,0.31,0.32,0.31,0.34,0.33,0.32,0.32,0.32,0.3,0.3,0.32,0.31,0.29,0.32,0.32,0.31,0.29,0.29,0.3,0.29,0.3,0.27,0.3,0.28,0.29,0.29,0.28,0.28,0.29,0.29,0.28,0.27,0.27,0.27,0.26,0.26,0.25,0.26,0.26,0.25,0.25,0.25,0.24,0.24,0.24,0.23,0.24,0.23,0.24,0.24,0.26,0.22,0.24,0.24,0.23,0.22,0.23,0.21,0.22,0.23,0.22,0.21,0.23,0.21,0.23,0.21,0.21,0.21,0.22,0.2,0.2,0.21,0.2,0.2,0.21,0.22,0.2,0.18,0.19,0.19,0.18,0.2,0.2,0.18,0.17,0.18,0.17,0.18,0.17,0.17,0.16,0.18,0.17,0.17,0.18,0.17,0.17,0.17,0.0,0.16,0.16,0.16,0.16,0.0,0.0,0.15,0.17,0.15,0.0,0.0,0.15,0.0,0.0,0.0,0.0,0.0,0.0,0.0,0.0,0.0,0.0,0.0,0.0,0.0,0.0,0.0,0.0,0.0,0.0,0.0,0.0,0.0,0.0,0.0,0.0,0.0,0.0,0.0,0.0,0.0,93.42
07/30/2021,2.05,2.11,2.13,2.1,1.88,1.82,1.81,1.71,1.67,1.67,1.44,1.35,1.17,1.19,1.01,1.09,1.02,1.02,1.01,0.92,0.98,0.91,0.94,0.88,0.81,0.79,0.86,0.87,0.79,0.77,0.76,0.76,0.76,0.76,0.68,0.68,0.69,0.61,0.63,0.62,0.56,0.58,0.55,0.56,0.53,0.53,0.52,0.48,0.49,0.5,0.5,0.48,0.47,0.47,0.47,0.46,0.44,0.44,0.45,0.4,0.45,0.42,0.58,0.45,0.41,0.41,0.38,0.4,0.34,0.41,0.4,0.37,0.39,0.37,0.36,0.36,0.36,0.38,0.38,0.34,0.36,0.36,0.32,0.37,0.37,0.35,0.34,0.36,0.33,0.39,0.34,0.36,0.35,0.31,0.31,0.32,0.31,0.34,0.34,0.31,0.33,0.32,0.31,0.29,0.32,0.31,0.29,0.33,0.32,0.31,0.3,0.28,0.3,0.29,0.3,0.27,0.31,0.28,0.29,0.29,0.27,0.28,0.29,0.29,0.29,0.28,0.27,0.27,0.26,0.26,0.25,0.26,0.26,0.25,0.25,0.26,0.24,0.23,0.24,0.23,0.24,0.23,0.24,0.23,0.26,0.22,0.24,0.25,0.23,0.22,0.24,0.21,0.22,0.23,0.22,0.2,0.23,0.21,0.23,0.22,0.2,0.21,0.22,0.2,0.2,0.21,0.2,0.2,0.21,0.23,0.2,0.18,0.2,0.19,0.18,0.2,0.2,0.19,0.17,0.18,0.17,0.18,0.17,0.17,0.16,0.18,0.18,0.17,0.18,0.18,0.17,0.17,0.16,0.16,0.16,0.16,0.16,0.0,0.0,0.0,0.16,0.0,0.0,0.0,0.15,0.0,0.0,0.0,0.15,0.0,0.0,0.0,0.0,0.0,0.0,0.0,0.0,0.0,0.0,0.0,0.0,0.0,0.0,0.0,0.0,0.0,0.0,0.0,0.0,0.0,0.0,0.0,0.0,0.0,93.55
08/02/2021,2.09,2.09,2.06,2.14,1.85,1.8,1.79,1.7,1.65,1.65,1.44,1.34,1.16,1.17,1.01,1.07,1.01,1.0,1.01,0.94,0.98,0.91,0.92,0.94,0.8,0.8,0.85,0.87,0.78,0.76,0.76,0.77,0.76,0.74,0.69,0.67,0.68,0.61,0.64,0.63,0.55,0.58,0.55,0.57,0.54,0.53,0.52,0.48,0.49,0.52,0.5,0.48,0.47,0.47,0.48,0.46,0.43,0.45,0.45,0.41,0.45,0.42,0.61,0.45,0.4,0.4,0.38,0.4,0.35,0.39,0.4,0.37,0.4,0.37,0.37,0.36,0.36,0.38,0.38,0.35,0.36,0.37,0.35,0.37,0.36,0.35,0.34,0.37,0.33,0.38,0.33,0.36,0.34,0.31,0.31,0.33,0.33,0.34,0.33,0.31,0.34,0.33,0.31,0.3,0.33,0.31,0.28,0.32,0.32,0.3,0.3,0.29,0.3,0.3,0.3,0.26,0.32,0.28,0.28,0.29,0.28,0.28,0.29,0.29,0.29,0.27,0.27,0.27,0.25,0.27,0.25,0.26,0.25,0.25,0.25,0.25,0.24,0.23,0.23,0.23,0.24,0.23,0.23,0.26,0.25,0.22,0.24,0.25,0.23,0.22,0.24,0.22,0.22,0.23,0.22,0.2,0.23,0.2,0.23,0.23,0.2,0.21,0.22,0.2,0.2,0.21,0.2,0.21,0.21,0.23,0.2,0.18,0.19,0.19,0.18,0.2,0.2,0.18,0.17,0.18,0.0,0.18,0.17,0.17,0.16,0.18,0.18,0.17,0.18,0.17,0.17,0.17,0.0,0.16,0.16,0.16,0.16,0.15,0.0,0.15,0.17,0.0,0.0,0.0,0.0,0.0,0.0,0.0,0.15,0.0,0.0,0.0,0.0,0.15,0.0,0.0,0.0,0.0,0.0,0.0,0.0,0.0,0.0,0.0,0.0,0.0,0.0,0.0,0.0,0.0,0.0,0.0,0.0,0.0,93.44
08/03/2021,2.08,2.09,2.05,2.13,1.84,1.8,1.8,1.71,1.68,1.64,1.44,1.33,1.16,1.18,1.01,1.07,0.93,1.0,1.02,0.94,0.98,0.89,0.92,0.93,0.81,0.79,0.85,0.88,0.78,0.76,0.76,0.77,0.76,0.74,0.71,0.67,0.68,0.61,0.65,0.62,0.55,0.58,0.55,0.56,0.54,0.53,0.52,0.48,0.49,0.52,0.51,0.45,0.46,0.48,0.46,0.46,0.43,0.45,0.45,0.41,0.45,0.43,0.62,0.45,0.41,0.4,0.38,0.4,0.34,0.4,0.37,0.38,0.4,0.37,0.4,0.35,0.36,0.39,0.38,0.34,0.36,0.36,0.36,0.38,0.36,0.35,0.31,0.38,0.33,0.38,0.34,0.36,0.34,0.31,0.31,0.33,0.33,0.34,0.33,0.31,0.33,0.33,0.3,0.3,0.33,0.31,0.28,0.32,0.32,0.31,0.3,0.29,0.3,0.3,0.3,0.26,0.32,0.28,0.28,0.29,0.28,0.28,0.29,0.29,0.29,0.27,0.26,0.27,0.26,0.25,0.26,0.27,0.25,0.25,0.25,0.25,0.24,0.23,0.24,0.23,0.24,0.22,0.23,0.26,0.26,0.22,0.24,0.25,0.23,0.21,0.24,0.22,0.22,0.23,0.22,0.2,0.23,0.2,0.23,0.23,0.2,0.21,0.22,0.2,0.2,0.21,0.2,0.21,0.21,0.23,0.2,0.18,0.19,0.19,0.18,0.2,0.2,0.18,0.17,0.18,0.0,0.18,0.17,0.17,0.0,0.18,0.18,0.17,0.17,0.17,0.17,0.17,0.0,0.16,0.16,0.16,0.16,0.0,0.0,0.15,0.17,0.0,0.16,0.0,0.0,0.15,0.0,0.0,0.15,0.15,0.0,0.0,0.0,0.0,0.0,0.0,0.0,0.0,0.0,0.0,0.0,0.0,0.0,0.0,0.0,0.0,0.0,0.0,0.0,0.0,0.0,0.0,0.0,0.0,93.33
08/04/2021,2.08,2.09,2.05,2.13,1.84,1.8,1.8,1.71,1.68,1.64,1.44,1.33,1.16,1.18,1.01,1.07,0.93,1.0,1.02,0.94,0.98,0.89,0.92,0.93,0.81,0.79,0.85,0.88,0.78,0.76,0.76,0.77,0.76,0.74,0.71,0.67,0.68,0.61,0.65,0.62,0.55,0.58,0.55,0.56,0.54,0.53,0.52,0.48,0.49,0.52,0.51,0.45,0.46,0.48,0.46,0.46,0.43,0.45,0.45,0.41,0.45,0.43,0.62,0.45,0.41,0.4,0.38,0.4,0.34,0.4,0.37,0.38,0.4,0.37,0.4,0.35,0.36,0.39,0.38,0.34,0.36,0.36,0.36,0.38,0.36,0.35,0.31,0.38,0.33,0.38,0.34,0.36,0.34,0.31,0.31,0.33,0.33,0.34,0.33,0.31,0.33,0.33,0.3,0.3,0.33,0.31,0.28,0.32,0.32,0.31,0.3,0.29,0.3,0.3,0.3,0.26,0.32,0.28,0.28,0.29,0.28,0.28,0.29,0.29,0.29,0.27,0.26,0.27,0.26,0.25,0.26,0.27,0.25,0.25,0.25,0.25,0.24,0.23,0.24,0.23,0.24,0.22,0.23,0.26,0.26,0.22,0.24,0.25,0.23,0.21,0.24,0.22,0.22,0.23,0.22,0.2,0.23,0.2,0.23,0.23,0.2,0.21,0.22,0.2,0.2,0.21,0.2,0.21,0.21,0.23,0.2,0.18,0.19,0.19,0.18,0.2,0.2,0.18,0.17,0.18,0.0,0.18,0.17,0.17,0.0,0.18,0.18,0.17,0.17,0.17,0.17,0.17,0.0,0.16,0.16,0.16,0.16,0.0,0.0,0.15,0.17,0.0,0.16,0.0,0.0,0.15,0.0,0.0,0.15,0.15,0.0,0.0,0.0,0.0,0.0,0.0,0.0,0.0,0.0,0.0,0.0,0.0,0.0,0.0,0.0,0.0,0.0,0.0,0.0,0.0,0.0,0.0,0.0,0.0,93.33
08/05/2021,2.11,2.09,2.03,2.14,1.79,1.8,1.8,1.71,1.68,1.6,1.44,1.33,1.16,1.19,1.02,1.07,0.94,1.0,1.02,0.95,0.99,0.89,0.91,0.93,0.8,0.79,0.85,0.9,0.78,0.75,0.77,0.76,0.76,0.75,0.72,0.67,0.68,0.62,0.66,0.62,0.54,0.58,0.55,0.56,0.54,0.53,0.52,0.48,0.48,0.52,0.51,0.45,0.46,0.48,0.46,0.46,0.43,0.45,0.44,0.41,0.45,0.42,0.61,0.45,0.4,0.4,0.37,0.4,0.34,0.39,0.38,0.38,0.4,0.37,0.4,0.35,0.36,0.38,0.4,0.34,0.35,0.36,0.36,0.38,0.37,0.35,0.32,0.38,0.34,0.39,0.33,0.36,0.34,0.31,0.31,0.34,0.33,0.34,0.34,0.31,0.32,0.32,0.3,0.3,0.33,0.31,0.29,0.32,0.32,0.31,0.3,0.29,0.3,0.3,0.3,0.26,0.32,0.28,0.28,0.29,0.28,0.28,0.29,0.29,0.29,0.27,0.26,0.27,0.26,0.25,0.26,0.27,0.25,0.25,0.25,0.25,0.24,0.23,0.23,0.23,0.24,0.23,0.23,0.26,0.26,0.22,0.25,0.25,0.23,0.21,0.24,0.22,0.22,0.23,0.22,0.21,0.24,0.2,0.23,0.22,0.2,0.22,0.22,0.2,0.21,0.21,0.19,0.21,0.21,0.23,0.2,0.18,0.19,0.19,0.18,0.2,0.2,0.18,0.17,0.17,0.16,0.18,0.17,0.17,0.0,0.18,0.18,0.17,0.17,0.17,0.17,0.17,0.0,0.16,0.16,0.16,0.17,0.0,0.0,0.15,0.17,0.0,0.16,0.0,0.0,0.15,0.0,0.0,0.0,0.0,0.0,0.0,0.15,0.0,0.0,0.0,0.0,0.0,0.0,0.0,0.0,0.0,0.0,0.0,0.0,0.0,0.0,0.0,0.0,0.0,0.0,0.0,0.0,0.0,93.35
08/06/2021,2.1,2.09,2.01,2.13,1.76,1.81,1.81,1.72,1.69,1.56,1.43,1.34,1.15,1.19,1.01,1.07,0.94,0.99,1.03,0.93,1.02,0.89,0.89,0.91,0.81,0.8,0.87,0.93,0.78,0.76,0.77,0.77,0.76,0.74,0.71,0.68,0.69,0.62,0.66,0.62,0.54,0.59,0.55,0.56,0.54,0.53,0.53,0.48,0.49,0.53,0.52,0.45,0.46,0.48,0.47,0.46,0.43,0.46,0.44,0.4,0.45,0.43,0.67,0.45,0.4,0.4,0.37,0.4,0.35,0.4,0.37,0.38,0.4,0.37,0.4,0.35,0.35,0.39,0.42,0.34,0.35,0.36,0.35,0.38,0.37,0.35,0.32,0.38,0.34,0.39,0.33,0.36,0.33,0.31,0.3,0.34,0.33,0.34,0.34,0.31,0.32,0.32,0.31,0.29,0.33,0.31,0.29,0.33,0.32,0.31,0.3,0.29,0.33,0.3,0.3,0.26,0.32,0.28,0.29,0.29,0.28,0.28,0.29,0.29,0.29,0.27,0.26,0.27,0.26,0.25,0.26,0.26,0.23,0.25,0.25,0.25,0.24,0.23,0.24,0.23,0.24,0.23,0.24,0.26,0.26,0.22,0.25,0.25,0.23,0.21,0.23,0.22,0.22,0.23,0.22,0.21,0.24,0.2,0.24,0.22,0.2,0.22,0.22,0.19,0.21,0.21,0.19,0.21,0.21,0.23,0.2,0.18,0.19,0.18,0.18,0.2,0.2,0.18,0.17,0.17,0.0,0.18,0.17,0.17,0.0,0.18,0.18,0.17,0.17,0.17,0.17,0.17,0.0,0.16,0.16,0.16,0.16,0.0,0.0,0.15,0.17,0.15,0.16,0.0,0.0,0.0,0.0,0.0,0.0,0.15,0.0,0.0,0.15,0.0,0.0,0.0,0.0,0.0,0.0,0.0,0.0,0.0,0.0,0.0,0.0,0.0,0.0,0.0,0.0,0.0,0.0,0.0,0.0,0.0,93.45
08/09/2021,2.18,2.1,2.07,2.14,1.78,1.8,1.8,1.72,1.67,1.57,1.45,1.33,1.14,1.18,1.01,1.07,0.94,0.98,1.05,0.95,1.05,0.88,0.89,0.91,0.8,0.78,0.86,0.91,0.77,0.73,0.78,0.76,0.77,0.74,0.71,0.66,0.68,0.62,0.66,0.62,0.53,0.59,0.55,0.55,0.54,0.53,0.53,0.48,0.48,0.53,0.52,0.45,0.46,0.49,0.48,0.46,0.43,0.46,0.44,0.42,0.45,0.42,0.72,0.45,0.41,0.39,0.37,0.39,0.33,0.39,0.37,0.38,0.4,0.37,0.41,0.34,0.34,0.38,0.42,0.35,0.35,0.37,0.36,0.38,0.36,0.35,0.31,0.38,0.34,0.38,0.33,0.36,0.33,0.3,0.3,0.33,0.33,0.35,0.34,0.3,0.32,0.32,0.31,0.3,0.33,0.31,0.29,0.31,0.33,0.31,0.3,0.29,0.33,0.3,0.3,0.26,0.33,0.28,0.29,0.3,0.28,0.28,0.29,0.29,0.29,0.28,0.26,0.27,0.27,0.25,0.26,0.27,0.23,0.24,0.23,0.25,0.24,0.21,0.23,0.22,0.24,0.23,0.24,0.26,0.26,0.22,0.24,0.25,0.23,0.21,0.23,0.25,0.22,0.23,0.22,0.2,0.24,0.18,0.25,0.22,0.2,0.21,0.23,0.19,0.21,0.21,0.19,0.21,0.21,0.23,0.21,0.18,0.19,0.18,0.18,0.19,0.19,0.18,0.17,0.17,0.0,0.18,0.16,0.17,0.15,0.17,0.17,0.17,0.17,0.17,0.16,0.17,0.0,0.16,0.16,0.16,0.17,0.0,0.0,0.15,0.17,0.15,0.16,0.0,0.0,0.0,0.0,0.0,0.0,0.0,0.0,0.0,0.16,0.0,0.0,0.0,0.0,0.0,0.0,0.0,0.0,0.0,0.0,0.0,0.0,0.0,0.0,0.0,0.0,0.0,0.0,0.0,0.0,0.0,93.44
08/10/2021,2.15,2.1,2.08,2.13,1.79,1.79,1.79,1.7,1.66,1.58,1.45,1.36,1.14,1.18,1.01,1.08,0.93,0.98,1.04,0.95,1.05,0.87,0.89,0.9,0.81,0.79,0.86,0.92,0.76,0.72,0.78,0.76,0.76,0.74,0.71,0.66,0.69,0.63,0.66,0.62,0.53,0.59,0.55,0.55,0.54,0.53,0.53,0.47,0.48,0.54,0.52,0.44,0.47,0.47,0.46,0.46,0.44,0.46,0.44,0.41,0.45,0.42,0.72,0.45,0.4,0.39,0.38,0.39,0.33,0.39,0.36,0.38,0.4,0.36,0.41,0.35,0.34,0.39,0.42,0.34,0.35,0.37,0.36,0.38,0.36,0.35,0.3,0.38,0.35,0.38,0.33,0.35,0.35,0.3,0.3,0.34,0.33,0.36,0.34,0.3,0.32,0.32,0.32,0.3,0.34,0.31,0.29,0.31,0.33,0.31,0.3,0.29,0.33,0.3,0.3,0.26,0.33,0.28,0.29,0.29,0.28,0.28,0.29,0.29,0.29,0.28,0.26,0.27,0.27,0.25,0.26,0.27,0.23,0.25,0.23,0.25,0.24,0.21,0.23,0.22,0.24,0.22,0.24,0.26,0.27,0.22,0.24,0.26,0.24,0.21,0.23,0.25,0.22,0.23,0.22,0.21,0.24,0.18,0.24,0.22,0.2,0.21,0.24,0.2,0.21,0.21,0.19,0.21,0.21,0.22,0.21,0.18,0.19,0.18,0.18,0.19,0.2,0.18,0.17,0.17,0.0,0.19,0.17,0.17,0.15,0.17,0.17,0.17,0.17,0.17,0.16,0.17,0.0,0.16,0.16,0.16,0.17,0.0,0.0,0.0,0.15,0.15,0.16,0.0,0.0,0.0,0.0,0.0,0.0,0.0,0.0,0.0,0.16,0.15,0.0,0.0,0.0,0.0,0.0,0.0,0.0,0.0,0.0,0.0,0.0,0.0,0.0,0.0,0.0,0.0,0.0,0.0,0.0,0.0,93.44
08/11/2021,2.15,2.1,2.08,2.13,1.79,1.79,1.79,1.7,1.66,1.58,1.45,1.36,1.14,1.18,1.01,1.08,0.93,0.98,1.04,0.95,1.05,0.87,0.89,0.9,0.81,0.79,0.86,0.92,0.76,0.72,0.78,0.76,0.76,0.74,0.71,0.66,0.69,0.63,0.66,0.62,0.53,0.59,0.55,0.55,0.54,0.53,0.53,0.47,0.48,0.54,0.52,0.44,0.47,0.47,0.46,0.46,0.44,0.46,0.44,0.41,0.45,0.42,0.72,0.45,0.4,0.39,0.38,0.39,0.33,0.39,0.36,0.38,0.4,0.36,0.41,0.35,0.34,0.39,0.42,0.34,0.35,0.37,0.36,0.38,0.36,0.35,0.3,0.38,0.35,0.38,0.33,0.35,0.35,0.3,0.3,0.34,0.33,0.36,0.34,0.3,0.32,0.32,0.32,0.3,0.34,0.31,0.29,0.31,0.33,0.31,0.3,0.29,0.33,0.3,0.3,0.26,0.33,0.28,0.29,0.29,0.28,0.28,0.29,0.29,0.29,0.28,0.26,0.27,0.27,0.25,0.26,0.27,0.23,0.25,0.23,0.25,0.24,0.21,0.23,0.22,0.24,0.22,0.24,0.26,0.27,0.22,0.24,0.26,0.24,0.21,0.23,0.25,0.22,0.23,0.22,0.21,0.24,0.18,0.24,0.22,0.2,0.21,0.24,0.2,0.21,0.21,0.19,0.21,0.21,0.22,0.21,0.18,0.19,0.18,0.18,0.19,0.2,0.18,0.17,0.17,0.0,0.19,0.17,0.17,0.15,0.17,0.17,0.17,0.17,0.17,0.16,0.17,0.0,0.16,0.16,0.16,0.17,0.0,0.0,0.0,0.15,0.15,0.16,0.0,0.0,0.0,0.0,0.0,0.0,0.0,0.0,0.0,0.16,0.15,0.0,0.0,0.0,0.0,0.0,0.0,0.0,0.0,0.0,0.0,0.0,0.0,0.0,0.0,0.0,0.0,0.0,0.0,0.0,0.0,93.44
08/12/2021,2.15,2.1,2.07,2.15,1.78,1.79,1.8,1.7,1.67,1.57,1.45,1.37,1.13,1.18,1.01,1.07,0.93,0.98,1.04,0.94,1.06,0.87,0.88,0.91,0.81,0.78,0.87,0.93,0.76,0.71,0.78,0.77,0.77,0.73,0.71,0.66,0.67,0.63,0.66,0.61,0.53,0.59,0.55,0.55,0.54,0.53,0.53,0.47,0.48,0.54,0.51,0.44,0.47,0.48,0.47,0.46,0.44,0.46,0.44,0.41,0.45,0.42,0.84,0.45,0.4,0.4,0.37,0.39,0.33,0.39,0.36,0.38,0.4,0.36,0.41,0.36,0.34,0.39,0.42,0.35,0.35,0.37,0.36,0.38,0.36,0.35,0.31,0.38,0.35,0.38,0.32,0.35,0.35,0.29,0.31,0.34,0.32,0.37,0.34,0.31,0.31,0.32,0.32,0.3,0.34,0.31,0.29,0.31,0.32,0.31,0.3,0.29,0.33,0.3,0.3,0.26,0.32,0.29,0.29,0.29,0.28,0.28,0.29,0.29,0.29,0.28,0.26,0.27,0.27,0.25,0.26,0.27,0.23,0.25,0.24,0.25,0.24,0.2,0.23,0.22,0.24,0.22,0.24,0.25,0.26,0.22,0.24,0.26,0.23,0.21,0.22,0.25,0.22,0.23,0.22,0.2,0.24,0.18,0.24,0.22,0.2,0.21,0.24,0.2,0.2,0.21,0.19,0.21,0.21,0.22,0.21,0.18,0.18,0.19,0.18,0.19,0.19,0.18,0.17,0.17,0.0,0.19,0.17,0.17,0.15,0.17,0.17,0.17,0.17,0.17,0.16,0.17,0.0,0.16,0.16,0.16,0.17,0.15,0.0,0.15,0.0,0.15,0.0,0.15,0.0,0.0,0.0,0.0,0.0,0.0,0.0,0.0,0.16,0.0,0.0,0.0,0.0,0.0,0.0,0.0,0.0,0.0,0.0,0.0,0.0,0.0,0.0,0.0,0.0,0.0,0.0,0.0,0.0,0.0,93.48
08/13/2021,2.11,2.08,2.06,2.15,1.76,1.79,1.8,1.71,1.67,1.56,1.43,1.37,1.14,1.18,1.01,1.07,0.93,0.97,1.05,0.93,1.07,0.87,0.88,0.9,0.81,0.79,0.87,0.98,0.76,0.71,0.78,0.77,0.76,0.72,0.69,0.67,0.67,0.64,0.65,0.61,0.53,0.6,0.57,0.56,0.53,0.52,0.53,0.48,0.49,0.53,0.5,0.45,0.48,0.48,0.46,0.46,0.43,0.46,0.44,0.4,0.46,0.42,0.8,0.46,0.39,0.4,0.39,0.4,0.32,0.39,0.37,0.38,0.4,0.35,0.39,0.36,0.34,0.39,0.42,0.33,0.35,0.36,0.35,0.38,0.36,0.36,0.32,0.38,0.35,0.37,0.32,0.35,0.36,0.29,0.31,0.33,0.33,0.36,0.35,0.31,0.32,0.32,0.32,0.3,0.34,0.31,0.29,0.31,0.33,0.31,0.3,0.29,0.33,0.31,0.3,0.25,0.32,0.29,0.29,0.29,0.27,0.28,0.29,0.29,0.28,0.28,0.26,0.27,0.27,0.25,0.26,0.27,0.23,0.26,0.24,0.25,0.24,0.2,0.23,0.22,0.24,0.23,0.24,0.25,0.27,0.21,0.24,0.26,0.23,0.21,0.22,0.25,0.21,0.24,0.23,0.21,0.24,0.17,0.24,0.22,0.2,0.21,0.24,0.2,0.21,0.21,0.19,0.21,0.21,0.22,0.21,0.18,0.18,0.18,0.18,0.2,0.19,0.18,0.17,0.17,0.0,0.19,0.16,0.17,0.0,0.17,0.17,0.17,0.18,0.17,0.16,0.17,0.16,0.16,0.16,0.17,0.16,0.0,0.0,0.0,0.0,0.0,0.16,0.15,0.0,0.0,0.0,0.0,0.0,0.0,0.0,0.0,0.16,0.15,0.15,0.0,0.0,0.0,0.0,0.0,0.0,0.0,0.0,0.0,0.0,0.0,0.0,0.0,0.0,0.0,0.0,0.0,0.0,0.0,93.42
08/16/2021,2.1,2.1,2.07,2.15,1.71,1.82,1.81,1.72,1.67,1.53,1.46,1.38,1.14,1.19,1.0,1.08,0.92,0.98,1.05,0.92,1.05,0.88,0.89,0.91,0.83,0.79,0.87,0.96,0.77,0.71,0.8,0.76,0.77,0.73,0.65,0.67,0.68,0.64,0.66,0.61,0.53,0.59,0.57,0.56,0.53,0.52,0.53,0.49,0.49,0.54,0.5,0.45,0.48,0.49,0.46,0.45,0.44,0.45,0.44,0.39,0.45,0.43,0.68,0.47,0.39,0.4,0.38,0.39,0.33,0.39,0.38,0.37,0.4,0.34,0.38,0.36,0.34,0.39,0.43,0.32,0.35,0.36,0.35,0.39,0.36,0.36,0.32,0.38,0.35,0.37,0.32,0.34,0.35,0.29,0.31,0.33,0.34,0.36,0.36,0.32,0.31,0.32,0.32,0.29,0.34,0.32,0.29,0.31,0.33,0.31,0.3,0.28,0.34,0.31,0.3,0.25,0.32,0.29,0.3,0.29,0.26,0.29,0.29,0.29,0.28,0.27,0.26,0.27,0.27,0.25,0.26,0.27,0.23,0.26,0.24,0.26,0.23,0.2,0.23,0.22,0.24,0.24,0.23,0.25,0.27,0.21,0.23,0.26,0.23,0.21,0.22,0.26,0.21,0.24,0.23,0.2,0.24,0.17,0.24,0.21,0.2,0.21,0.24,0.2,0.21,0.22,0.19,0.21,0.18,0.22,0.22,0.19,0.18,0.19,0.18,0.18,0.2,0.17,0.17,0.17,0.0,0.19,0.16,0.17,0.0,0.17,0.17,0.17,0.18,0.17,0.16,0.17,0.16,0.16,0.16,0.17,0.16,0.0,0.0,0.0,0.0,0.0,0.16,0.0,0.15,0.0,0.0,0.0,0.16,0.15,0.0,0.0,0.16,0.0,0.0,0.0,0.0,0.0,0.0,0.0,0.0,0.0,0.0,0.0,0.0,0.0,0.0,0.0,0.0,0.0,0.0,0.0,0.0,0.0,93.33
08/17/2021,2.12,2.12,2.07,2.15,1.72,1.82,1.82,1.71,1.68,1.53,1.46,1.36,1.15,1.19,1.0,1.08,0.91,0.99,1.05,0.92,1.05,0.88,0.89,0.91,0.83,0.79,0.87,0.98,0.76,0.71,0.81,0.76,0.77,0.74,0.65,0.67,0.68,0.64,0.66,0.61,0.52,0.59,0.56,0.56,0.54,0.53,0.53,0.49,0.49,0.53,0.51,0.45,0.48,0.49,0.45,0.46,0.43,0.45,0.43,0.38,0.45,0.43,0.68,0.47,0.39,0.4,0.38,0.4,0.32,0.39,0.4,0.38,0.4,0.34,0.38,0.36,0.34,0.39,0.43,0.32,0.34,0.37,0.35,0.39,0.36,0.36,0.32,0.38,0.35,0.37,0.32,0.34,0.35,0.29,0.3,0.33,0.34,0.36,0.36,0.31,0.3,0.32,0.33,0.29,0.34,0.31,0.29,0.31,0.33,0.31,0.3,0.28,0.34,0.31,0.3,0.25,0.32,0.29,0.3,0.29,0.26,0.29,0.29,0.29,0.28,0.27,0.26,0.27,0.27,0.25,0.26,0.27,0.23,0.26,0.24,0.26,0.24,0.19,0.23,0.22,0.24,0.23,0.24,0.25,0.27,0.21,0.23,0.26,0.23,0.21,0.22,0.25,0.21,0.24,0.23,0.2,0.24,0.17,0.24,0.21,0.2,0.22,0.23,0.2,0.21,0.21,0.19,0.21,0.18,0.22,0.22,0.18,0.18,0.19,0.18,0.18,0.2,0.17,0.17,0.17,0.0,0.19,0.16,0.17,0.15,0.17,0.17,0.17,0.18,0.17,0.17,0.17,0.16,0.17,0.16,0.17,0.16,0.0,0.0,0.0,0.0,0.0,0.16,0.0,0.0,0.0,0.0,0.0,0.16,0.0,0.0,0.0,0.16,0.15,0.0,0.0,0.0,0.0,0.0,0.0,0.0,0.0,0.0,0.0,0.0,0.0,0.0,0.0,0.0,0.0,0.0,0.0,0.0,0.0,93.37
08/18/2021,2.12,2.12,2.07,2.15,1.72,1.82,1.82,1.71,1.68,1.53,1.46,1.36,1.15,1.19,1.0,1.08,0.91,0.99,1.05,0.92,1.05,0.88,0.89,0.91,0.83,0.79,0.87,0.98,0.76,0.71,0.81,0.76,0.77,0.74,0.65,0.67,0.68,0.64,0.66,0.61,0.52,0.59,0.56,0.56,0.54,0.53,0.53,0.49,0.49,0.53,0.51,0.45,0.48,0.49,0.45,0.46,0.43,0.45,0.43,0.38,0.45,0.43,0.68,0.47,0.39,0.4,0.38,0.4,0.32,0.39,0.4,0.38,0.4,0.34,0.38,0.36,0.34,0.39,0.43,0.32,0.34,0.37,0.35,0.39,0.36,0.36,0.32,0.38,0.35,0.37,0.32,0.34,0.35,0.29,0.3,0.33,0.34,0.36,0.36,0.31,0.3,0.32,0.33,0.29,0.34,0.31,0.29,0.31,0.33,0.31,0.3,0.28,0.34,0.31,0.3,0.25,0.32,0.29,0.3,0.29,0.26,0.29,0.29,0.29,0.28,0.27,0.26,0.27,0.27,0.25,0.26,0.27,0.23,0.26,0.24,0.26,0.24,0.19,0.23,0.22,0.24,0.23,0.24,0.25,0.27,0.21,0.23,0.26,0.23,0.21,0.22,0.25,0.21,0.24,0.23,0.2,0.24,0.17,0.24,0.21,0.2,0.22,0.23,0.2,0.21,0.21,0.19,0.21,0.18,0.22,0.22,0.18,0.18,0.19,0.18,0.18,0.2,0.17,0.17,0.17,0.0,0.19,0.16,0.17,0.15,0.17,0.17,0.17,0.18,0.17,0.17,0.17,0.16,0.17,0.16,0.17,0.16,0.0,0.0,0.0,0.0,0.0,0.16,0.0,0.0,0.0,0.0,0.0,0.16,0.0,0.0,0.0,0.16,0.15,0.0,0.0,0.0,0.0,0.0,0.0,0.0,0.0,0.0,0.0,0.0,0.0,0.0,0.0,0.0,0.0,0.0,0.0,0.0,0.0,93.37
08/19/2021,2.09,2.13,2.08,2.16,1.73,1.84,1.83,1.72,1.68,1.53,1.45,1.37,1.14,1.18,0.99,1.09,0.91,1.0,1.06,0.93,1.07,0.9,0.9,0.91,0.83,0.78,0.87,0.99,0.77,0.71,0.81,0.76,0.77,0.73,0.65,0.67,0.68,0.64,0.67,0.62,0.52,0.59,0.56,0.56,0.54,0.52,0.53,0.49,0.5,0.53,0.51,0.45,0.47,0.5,0.45,0.46,0.43,0.45,0.43,0.37,0.45,0.43,0.65,0.47,0.38,0.4,0.38,0.4,0.31,0.39,0.41,0.38,0.4,0.34,0.38,0.36,0.34,0.39,0.42,0.31,0.34,0.37,0.34,0.38,0.36,0.36,0.32,0.38,0.35,0.38,0.32,0.34,0.35,0.29,0.31,0.33,0.34,0.37,0.36,0.32,0.3,0.32,0.33,0.29,0.34,0.31,0.29,0.31,0.33,0.32,0.3,0.28,0.35,0.31,0.3,0.25,0.31,0.29,0.3,0.3,0.26,0.29,0.29,0.29,0.28,0.28,0.26,0.27,0.26,0.24,0.26,0.27,0.23,0.25,0.23,0.26,0.24,0.19,0.24,0.22,0.24,0.24,0.23,0.25,0.27,0.21,0.24,0.26,0.23,0.21,0.21,0.25,0.21,0.24,0.23,0.19,0.24,0.16,0.24,0.21,0.19,0.22,0.24,0.2,0.21,0.21,0.19,0.21,0.18,0.22,0.22,0.18,0.18,0.19,0.18,0.18,0.2,0.18,0.16,0.17,0.0,0.19,0.16,0.17,0.15,0.17,0.17,0.17,0.18,0.17,0.17,0.16,0.16,0.17,0.16,0.17,0.16,0.0,0.0,0.0,0.0,0.0,0.16,0.0,0.0,0.16,0.0,0.0,0.16,0.0,0.0,0.0,0.16,0.0,0.0,0.0,0.0,0.0,0.0,0.0,0.0,0.0,0.0,0.0,0.0,0.0,0.0,0.0,0.0,0.0,0.0,0.0,0.0,0.0,93.43
08/20/2021,2.05,2.13,2.05,2.14,1.73,1.84,1.86,1.66,1.7,1.53,1.46,1.37,1.15,1.19,0.99,1.1,0.9,1.02,1.07,0.91,1.08,0.91,0.9,0.89,0.83,0.78,0.88,1.02,0.73,0.72,0.81,0.74,0.77,0.75,0.64,0.67,0.68,0.64,0.67,0.63,0.53,0.59,0.55,0.56,0.53,0.52,0.54,0.5,0.49,0.52,0.53,0.45,0.47,0.5,0.46,0.46,0.43,0.45,0.43,0.37,0.44,0.43,0.7,0.48,0.4,0.41,0.37,0.4,0.31,0.39,0.4,0.37,0.4,0.34,0.37,0.36,0.35,0.4,0.42,0.31,0.35,0.37,0.34,0.38,0.36,0.36,0.33,0.38,0.34,0.38,0.32,0.33,0.35,0.29,0.31,0.33,0.34,0.37,0.36,0.31,0.3,0.32,0.34,0.3,0.33,0.3,0.3,0.32,0.33,0.32,0.3,0.27,0.35,0.31,0.3,0.25,0.31,0.3,0.29,0.29,0.25,0.29,0.29,0.3,0.28,0.28,0.25,0.27,0.26,0.24,0.26,0.28,0.24,0.25,0.24,0.26,0.24,0.19,0.24,0.22,0.24,0.23,0.23,0.25,0.27,0.21,0.24,0.26,0.23,0.2,0.21,0.25,0.21,0.23,0.23,0.2,0.24,0.16,0.23,0.21,0.19,0.22,0.24,0.19,0.21,0.21,0.18,0.21,0.18,0.22,0.22,0.18,0.18,0.19,0.18,0.18,0.2,0.18,0.16,0.17,0.0,0.19,0.16,0.17,0.0,0.17,0.17,0.16,0.18,0.17,0.17,0.16,0.0,0.17,0.16,0.17,0.16,0.15,0.0,0.15,0.0,0.0,0.15,0.0,0.0,0.16,0.0,0.0,0.16,0.0,0.0,0.0,0.16,0.0,0.0,0.0,0.0,0.0,0.0,0.0,0.0,0.0,0.0,0.0,0.0,0.0,0.0,0.0,0.0,0.0,0.0,0.0,0.0,0.0,93.39
08/23/2021,2.1,2.17,2.04,2.14,1.72,1.81,1.86,1.68,1.71,1.52,1.47,1.36,1.15,1.22,0.99,1.11,0.89,1.02,1.08,0.91,1.08,0.9,0.9,0.87,0.82,0.73,0.86,1.0,0.82,0.7,0.83,0.72,0.78,0.76,0.65,0.66,0.66,0.64,0.66,0.63,0.52,0.58,0.59,0.56,0.53,0.53,0.54,0.5,0.49,0.54,0.53,0.45,0.46,0.45,0.46,0.45,0.43,0.44,0.44,0.36,0.45,0.43,0.66,0.47,0.39,0.42,0.39,0.4,0.3,0.39,0.4,0.37,0.44,0.34,0.37,0.36,0.35,0.4,0.42,0.31,0.34,0.37,0.34,0.39,0.37,0.36,0.33,0.38,0.35,0.38,0.31,0.33,0.35,0.28,0.31,0.34,0.34,0.38,0.37,0.31,0.3,0.32,0.34,0.3,0.34,0.3,0.29,0.32,0.34,0.32,0.3,0.27,0.35,0.3,0.3,0.25,0.31,0.3,0.3,0.3,0.25,0.3,0.29,0.3,0.29,0.28,0.25,0.26,0.26,0.24,0.26,0.27,0.24,0.24,0.23,0.26,0.24,0.19,0.24,0.22,0.24,0.23,0.23,0.25,0.26,0.21,0.25,0.26,0.23,0.2,0.21,0.25,0.21,0.23,0.23,0.19,0.24,0.16,0.23,0.21,0.18,0.21,0.24,0.19,0.21,0.21,0.19,0.21,0.18,0.23,0.21,0.17,0.18,0.19,0.18,0.18,0.2,0.18,0.15,0.17,0.0,0.19,0.17,0.17,0.0,0.17,0.16,0.17,0.18,0.17,0.17,0.16,0.0,0.17,0.16,0.16,0.16,0.15,0.0,0.15,0.0,0.0,0.15,0.0,0.0,0.16,0.0,0.0,0.16,0.0,0.0,0.0,0.16,0.0,0.0,0.0,0.0,0.0,0.0,0.0,0.0,0.0,0.0,0.0,0.0,0.0,0.0,0.0,0.0,0.0,0.0,0.0,0.0,0.0,93.39
08/24/2021,2.19,2.21,2.05,2.15,1.71,1.81,1.86,1.7,1.7,1.5,1.48,1.35,1.14,1.23,0.97,1.11,0.89,1.02,1.08,0.91,1.07,0.9,0.89,0.87,0.82,0.73,0.86,0.99,0.84,0.69,0.83,0.74,0.78,0.76,0.64,0.65,0.66,0.64,0.66,0.63,0.52,0.58,0.59,0.56,0.52,0.54,0.54,0.5,0.49,0.54,0.53,0.44,0.46,0.46,0.46,0.45,0.44,0.44,0.44,0.36,0.45,0.43,0.67,0.47,0.39,0.41,0.38,0.4,0.3,0.39,0.4,0.37,0.44,0.34,0.37,0.36,0.35,0.4,0.41,0.31,0.34,0.37,0.34,0.4,0.36,0.35,0.33,0.38,0.35,0.38,0.31,0.34,0.35,0.28,0.31,0.34,0.34,0.38,0.36,0.31,0.3,0.32,0.35,0.3,0.34,0.31,0.29,0.31,0.33,0.32,0.3,0.27,0.34,0.3,0.3,0.25,0.31,0.3,0.3,0.29,0.25,0.3,0.29,0.3,0.28,0.28,0.25,0.26,0.26,0.24,0.25,0.27,0.23,0.24,0.23,0.27,0.24,0.19,0.24,0.22,0.23,0.24,0.23,0.25,0.26,0.21,0.25,0.26,0.23,0.19,0.21,0.25,0.21,0.24,0.23,0.18,0.24,0.16,0.23,0.21,0.18,0.0,0.24,0.19,0.21,0.21,0.2,0.21,0.18,0.22,0.21,0.17,0.18,0.19,0.18,0.18,0.2,0.18,0.15,0.16,0.0,0.19,0.16,0.17,0.0,0.17,0.16,0.17,0.18,0.17,0.17,0.16,0.0,0.17,0.16,0.16,0.16,0.0,0.0,0.0,0.0,0.0,0.15,0.15,0.0,0.16,0.0,0.0,0.16,0.0,0.21,0.0,0.16,0.0,0.15,0.0,0.0,0.0,0.0,0.0,0.0,0.0,0.0,0.0,0.0,0.0,0.0,0.0,0.0,0.0,0.0,0.0,0.0,0.0,93.39
08/25/2021,2.19,2.21,2.05,2.15,1.71,1.81,1.86,1.7,1.7,1.5,1.48,1.35,1.14,1.23,0.97,1.11,0.89,1.02,1.08,0.91,1.07,0.9,0.89,0.87,0.82,0.73,0.86,0.99,0.84,0.69,0.83,0.74,0.78,0.76,0.64,0.65,0.66,0.64,0.66,0.63,0.52,0.58,0.59,0.56,0.52,0.54,0.54,0.5,0.49,0.54,0.53,0.44,0.46,0.46,0.46,0.45,0.44,0.44,0.44,0.36,0.45,0.43,0.67,0.47,0.39,0.41,0.38,0.4,0.3,0.39,0.4,0.37,0.44,0.34,0.37,0.36,0.35,0.4,0.41,0.31,0.34,0.37,0.34,0.4,0.36,0.35,0.33,0.38,0.35,0.38,0.31,0.34,0.35,0.28,0.31,0.34,0.34,0.38,0.36,0.31,0.3,0.32,0.35,0.3,0.34,0.31,0.29,0.31,0.33,0.32,0.3,0.27,0.34,0.3,0.3,0.25,0.31,0.3,0.3,0.29,0.25,0.3,0.29,0.3,0.28,0.28,0.25,0.26,0.26,0.24,0.25,0.27,0.23,0.24,0.23,0.27,0.24,0.19,0.24,0.22,0.23,0.24,0.23,0.25,0.26,0.21,0.25,0.26,0.23,0.19,0.21,0.25,0.21,0.24,0.23,0.18,0.24,0.16,0.23,0.21,0.18,0.0,0.24,0.19,0.21,0.21,0.2,0.21,0.18,0.22,0.21,0.17,0.18,0.19,0.18,0.18,0.2,0.18,0.15,0.16,0.0,0.19,0.16,0.17,0.0,0.17,0.16,0.17,0.18,0.17,0.17,0.16,0.0,0.17,0.16,0.16,0.16,0.0,0.0,0.0,0.0,0.0,0.15,0.15,0.0,0.16,0.0,0.0,0.16,0.0,0.21,0.0,0.16,0.0,0.15,0.0,0.0,0.0,0.0,0.0,0.0,0.0,0.0,0.0,0.0,0.0,0.0,0.0,0.0,0.0,0.0,0.0,0.0,0.0,93.39
08/26/2021,2.3,2.19,2.06,2.18,1.72,1.82,1.82,1.68,1.68,1.51,1.5,1.34,1.13,1.23,0.99,1.11,0.9,1.0,1.06,0.91,1.06,0.9,0.89,0.88,0.81,0.74,0.85,1.01,0.82,0.7,0.81,0.73,0.78,0.75,0.65,0.65,0.66,0.64,0.65,0.62,0.52,0.58,0.59,0.56,0.53,0.55,0.54,0.5,0.49,0.54,0.52,0.44,0.46,0.45,0.45,0.45,0.43,0.45,0.44,0.36,0.45,0.43,0.71,0.47,0.39,0.41,0.38,0.39,0.31,0.39,0.4,0.37,0.44,0.34,0.38,0.37,0.35,0.4,0.43,0.32,0.34,0.36,0.36,0.4,0.36,0.35,0.33,0.38,0.35,0.38,0.31,0.33,0.34,0.28,0.31,0.34,0.34,0.37,0.36,0.31,0.31,0.32,0.35,0.31,0.33,0.3,0.3,0.32,0.33,0.32,0.3,0.27,0.34,0.3,0.3,0.25,0.31,0.29,0.3,0.29,0.25,0.29,0.28,0.3,0.28,0.27,0.25,0.26,0.26,0.24,0.25,0.27,0.23,0.25,0.23,0.26,0.23,0.19,0.24,0.22,0.23,0.23,0.23,0.25,0.26,0.21,0.24,0.26,0.23,0.2,0.22,0.26,0.21,0.24,0.23,0.18,0.24,0.16,0.23,0.2,0.18,0.0,0.24,0.19,0.21,0.2,0.2,0.21,0.18,0.22,0.21,0.18,0.18,0.19,0.18,0.18,0.2,0.17,0.0,0.16,0.15,0.19,0.16,0.17,0.0,0.17,0.16,0.16,0.18,0.17,0.16,0.16,0.15,0.17,0.16,0.16,0.16,0.0,0.0,0.0,0.0,0.0,0.15,0.0,0.0,0.16,0.0,0.0,0.16,0.15,0.21,0.0,0.16,0.0,0.0,0.0,0.0,0.0,0.0,0.0,0.0,0.0,0.0,0.0,0.0,0.0,0.0,0.0,0.0,0.0,0.0,0.0,0.0,0.0,93.41
08/27/2021,2.28,2.18,2.07,2.2,1.72,1.82,1.8,1.66,1.66,1.52,1.5,1.35,1.12,1.25,1.0,1.1,0.91,1.0,1.06,0.91,1.04,0.9,0.89,0.88,0.8,0.75,0.85,0.97,0.81,0.69,0.81,0.72,0.78,0.74,0.65,0.65,0.66,0.65,0.65,0.62,0.52,0.57,0.6,0.56,0.53,0.55,0.54,0.49,0.49,0.54,0.53,0.44,0.46,0.45,0.45,0.45,0.43,0.45,0.45,0.36,0.44,0.43,0.68,0.47,0.4,0.4,0.38,0.39,0.32,0.39,0.39,0.37,0.44,0.4,0.37,0.36,0.35,0.4,0.41,0.35,0.34,0.36,0.36,0.4,0.35,0.35,0.34,0.38,0.35,0.38,0.31,0.34,0.34,0.28,0.31,0.35,0.34,0.38,0.36,0.31,0.31,0.32,0.35,0.31,0.33,0.33,0.3,0.31,0.33,0.32,0.3,0.27,0.34,0.3,0.3,0.25,0.31,0.3,0.29,0.29,0.25,0.29,0.28,0.3,0.29,0.27,0.25,0.26,0.26,0.24,0.25,0.27,0.23,0.25,0.23,0.26,0.23,0.2,0.24,0.22,0.23,0.24,0.23,0.26,0.26,0.21,0.24,0.26,0.23,0.2,0.22,0.26,0.21,0.25,0.22,0.18,0.24,0.16,0.23,0.2,0.18,0.0,0.23,0.19,0.22,0.21,0.2,0.21,0.18,0.22,0.21,0.18,0.18,0.19,0.18,0.18,0.19,0.18,0.16,0.16,0.0,0.19,0.16,0.17,0.15,0.17,0.16,0.16,0.18,0.17,0.16,0.17,0.0,0.17,0.16,0.16,0.16,0.0,0.0,0.16,0.0,0.0,0.0,0.0,0.0,0.0,0.0,0.0,0.16,0.15,0.21,0.0,0.16,0.0,0.15,0.0,0.0,0.0,0.0,0.0,0.0,0.0,0.0,0.0,0.0,0.0,0.0,0.0,0.0,0.0,0.0,0.0,0.0,0.0,93.44
08/30/2021,2.32,2.16,2.07,2.21,1.69,1.8,1.78,1.65,1.66,1.48,1.49,1.35,1.12,1.25,0.99,1.11,0.92,0.98,1.05,0.92,1.03,0.91,0.88,0.87,0.8,0.75,0.85,0.96,0.82,0.68,0.81,0.72,0.78,0.73,0.66,0.65,0.66,0.65,0.65,0.62,0.53,0.57,0.59,0.56,0.53,0.56,0.54,0.49,0.49,0.5,0.52,0.43,0.47,0.45,0.45,0.45,0.43,0.44,0.45,0.36,0.43,0.43,0.69,0.48,0.39,0.4,0.36,0.4,0.31,0.39,0.41,0.68,0.45,0.42,0.38,0.36,0.35,0.4,0.43,0.37,0.34,0.37,0.36,0.4,0.35,0.35,0.36,0.37,0.35,0.38,0.31,0.34,0.35,0.28,0.31,0.35,0.34,0.37,0.36,0.31,0.31,0.32,0.35,0.0,0.34,0.32,0.29,0.31,0.33,0.32,0.31,0.28,0.34,0.3,0.3,0.25,0.31,0.3,0.29,0.29,0.25,0.3,0.28,0.3,0.29,0.27,0.25,0.27,0.26,0.24,0.25,0.27,0.23,0.25,0.23,0.26,0.23,0.19,0.24,0.22,0.22,0.27,0.24,0.26,0.26,0.21,0.24,0.26,0.24,0.2,0.22,0.26,0.21,0.29,0.22,0.19,0.24,0.16,0.24,0.2,0.18,0.0,0.23,0.19,0.21,0.21,0.2,0.22,0.18,0.22,0.22,0.17,0.18,0.19,0.19,0.17,0.19,0.18,0.16,0.16,0.0,0.19,0.16,0.17,0.0,0.17,0.16,0.16,0.18,0.17,0.16,0.16,0.0,0.16,0.16,0.16,0.16,0.15,0.0,0.16,0.0,0.15,0.15,0.0,0.0,0.16,0.0,0.0,0.16,0.0,0.21,0.0,0.16,0.0,0.0,0.0,0.0,0.0,0.0,0.0,0.0,0.0,0.0,0.0,0.0,0.0,0.0,0.0,0.0,0.0,0.0,0.0,0.0,0.0,93.61
08/31/2021,2.36,2.15,2.1,2.23,1.7,1.8,1.77,1.65,1.64,1.48,1.49,1.34,1.11,1.23,1.0,1.11,0.92,0.97,1.05,0.92,1.02,0.9,0.88,0.88,0.8,0.75,0.85,0.93,0.82,0.68,0.8,0.72,0.8,0.73,0.67,0.64,0.65,0.66,0.65,0.61,0.52,0.57,0.58,0.57,0.54,0.56,0.54,0.48,0.48,0.5,0.52,0.43,0.47,0.44,0.45,0.45,0.43,0.44,0.45,0.36,0.43,0.43,0.66,0.48,0.39,0.4,0.36,0.4,0.32,0.38,0.41,0.67,0.45,0.42,0.39,0.36,0.35,0.4,0.43,0.37,0.34,0.37,0.37,0.41,0.34,0.35,0.35,0.37,0.36,0.38,0.3,0.34,0.34,0.29,0.31,0.35,0.34,0.37,0.36,0.31,0.31,0.32,0.34,0.0,0.34,0.31,0.29,0.31,0.33,0.32,0.31,0.28,0.34,0.3,0.3,0.25,0.31,0.3,0.29,0.29,0.26,0.3,0.28,0.3,0.29,0.27,0.25,0.26,0.27,0.24,0.25,0.27,0.22,0.25,0.23,0.26,0.23,0.2,0.24,0.22,0.23,0.26,0.22,0.26,0.26,0.22,0.24,0.26,0.24,0.2,0.22,0.26,0.21,0.3,0.22,0.2,0.23,0.0,0.24,0.2,0.19,0.0,0.23,0.2,0.21,0.21,0.19,0.22,0.18,0.22,0.22,0.18,0.18,0.19,0.19,0.0,0.19,0.18,0.16,0.16,0.15,0.19,0.16,0.17,0.15,0.17,0.16,0.17,0.18,0.18,0.16,0.16,0.0,0.16,0.16,0.16,0.16,0.0,0.0,0.16,0.15,0.0,0.15,0.0,0.0,0.0,0.0,0.0,0.0,0.15,0.21,0.0,0.16,0.0,0.15,0.16,0.0,0.0,0.0,0.0,0.0,0.0,0.0,0.0,0.0,0.0,0.0,0.0,0.0,0.0,0.0,0.0,0.0,0.0,93.52
09/01/2021,2.36,2.15,2.1,2.23,1.7,1.8,1.77,1.65,1.64,1.48,1.49,1.34,1.11,1.23,1.0,1.11,0.92,0.97,1.05,0.92,1.02,0.9,0.88,0.88,0.8,0.75,0.85,0.93,0.82,0.68,0.8,0.72,0.8,0.73,0.67,0.64,0.65,0.66,0.65,0.61,0.52,0.57,0.58,0.57,0.54,0.56,0.54,0.48,0.48,0.5,0.52,0.43,0.47,0.44,0.45,0.45,0.43,0.44,0.45,0.36,0.43,0.43,0.66,0.48,0.39,0.4,0.36,0.4,0.32,0.38,0.41,0.67,0.45,0.42,0.39,0.36,0.35,0.4,0.43,0.37,0.34,0.37,0.37,0.41,0.34,0.35,0.35,0.37,0.36,0.38,0.3,0.34,0.34,0.29,0.31,0.35,0.34,0.37,0.36,0.31,0.31,0.32,0.34,0.0,0.34,0.31,0.29,0.31,0.33,0.32,0.31,0.28,0.34,0.3,0.3,0.25,0.31,0.3,0.29,0.29,0.26,0.3,0.28,0.3,0.29,0.27,0.25,0.26,0.27,0.24,0.25,0.27,0.22,0.25,0.23,0.26,0.23,0.2,0.24,0.22,0.23,0.26,0.22,0.26,0.26,0.22,0.24,0.26,0.24,0.2,0.22,0.26,0.21,0.3,0.22,0.2,0.23,0.0,0.24,0.2,0.19,0.0,0.23,0.2,0.21,0.21,0.19,0.22,0.18,0.22,0.22,0.18,0.18,0.19,0.19,0.0,0.19,0.18,0.16,0.16,0.15,0.19,0.16,0.17,0.15,0.17,0.16,0.17,0.18,0.18,0.16,0.16,0.0,0.16,0.16,0.16,0.16,0.0,0.0,0.16,0.15,0.0,0.15,0.0,0.0,0.0,0.0,0.0,0.0,0.15,0.21,0.0,0.16,0.0,0.15,0.16,0.0,0.0,0.0,0.0,0.0,0.0,0.0,0.0,0.0,0.0,0.0,0.0,0.0,0.0,0.0,0.0,0.0,0.0,93.52
09/02/2021,2.35,2.17,2.13,2.23,1.68,1.84,1.77,1.66,1.65,1.47,1.5,1.33,1.11,1.23,0.99,1.11,0.94,0.97,1.06,0.92,1.02,0.9,0.87,0.88,0.79,0.75,0.85,0.93,0.81,0.68,0.8,0.71,0.79,0.75,0.67,0.65,0.65,0.65,0.65,0.62,0.52,0.56,0.57,0.57,0.54,0.57,0.54,0.49,0.49,0.5,0.52,0.43,0.46,0.43,0.46,0.45,0.42,0.44,0.45,0.36,0.42,0.43,0.63,0.48,0.39,0.4,0.36,0.4,0.31,0.38,0.42,0.67,0.45,0.41,0.39,0.36,0.35,0.4,0.44,0.37,0.34,0.37,0.36,0.41,0.34,0.34,0.36,0.37,0.35,0.38,0.3,0.34,0.34,0.28,0.31,0.35,0.34,0.38,0.35,0.31,0.31,0.32,0.35,0.0,0.34,0.32,0.29,0.31,0.33,0.32,0.31,0.28,0.34,0.3,0.3,0.25,0.31,0.29,0.29,0.29,0.26,0.3,0.28,0.3,0.3,0.27,0.25,0.26,0.26,0.24,0.26,0.28,0.23,0.25,0.23,0.26,0.23,0.2,0.24,0.22,0.22,0.26,0.22,0.26,0.26,0.21,0.24,0.26,0.24,0.2,0.22,0.26,0.21,0.3,0.22,0.2,0.23,0.0,0.24,0.2,0.19,0.0,0.23,0.19,0.21,0.21,0.19,0.22,0.18,0.22,0.22,0.17,0.18,0.19,0.19,0.16,0.19,0.18,0.16,0.16,0.15,0.19,0.16,0.17,0.15,0.17,0.16,0.18,0.17,0.18,0.16,0.16,0.0,0.17,0.16,0.16,0.16,0.0,0.0,0.0,0.15,0.0,0.15,0.0,0.0,0.0,0.0,0.0,0.0,0.15,0.21,0.0,0.16,0.0,0.15,0.16,0.0,0.0,0.0,0.0,0.0,0.0,0.0,0.0,0.0,0.0,0.0,0.0,0.0,0.0,0.0,0.0,0.0,0.0,93.52
09/06/2021,2.32,2.15,2.1,2.21,1.63,1.85,1.78,1.66,1.66,1.42,1.5,1.33,1.12,1.24,0.99,1.12,0.95,0.98,1.07,0.91,1.01,0.84,0.88,0.88,0.78,0.74,0.85,0.93,0.81,0.69,0.82,0.7,0.78,0.77,0.66,0.64,0.65,0.65,0.66,0.63,0.51,0.56,0.56,0.58,0.53,0.58,0.55,0.49,0.48,0.46,0.53,0.44,0.46,0.44,0.46,0.45,0.42,0.43,0.45,0.31,0.42,0.44,0.68,0.49,0.39,0.42,0.35,0.41,0.31,0.37,0.41,0.65,0.46,0.42,0.38,0.35,0.35,0.41,0.43,0.35,0.35,0.37,0.36,0.41,0.33,0.34,0.35,0.37,0.35,0.38,0.3,0.34,0.34,0.29,0.31,0.36,0.34,0.37,0.35,0.31,0.31,0.32,0.35,0.0,0.34,0.31,0.28,0.32,0.34,0.32,0.32,0.27,0.35,0.3,0.31,0.26,0.32,0.29,0.29,0.3,0.26,0.3,0.28,0.31,0.3,0.27,0.25,0.26,0.27,0.24,0.26,0.28,0.23,0.24,0.23,0.27,0.23,0.21,0.25,0.23,0.22,0.26,0.21,0.26,0.27,0.22,0.25,0.26,0.24,0.2,0.22,0.27,0.21,0.3,0.22,0.22,0.22,0.16,0.23,0.2,0.21,0.0,0.24,0.19,0.2,0.2,0.19,0.22,0.18,0.23,0.22,0.18,0.18,0.19,0.2,0.0,0.19,0.18,0.15,0.16,0.0,0.18,0.0,0.17,0.15,0.16,0.16,0.18,0.17,0.18,0.16,0.16,0.0,0.18,0.16,0.0,0.16,0.0,0.0,0.0,0.16,0.16,0.0,0.15,0.0,0.0,0.0,0.0,0.16,0.15,0.21,0.0,0.16,0.0,0.15,0.34,0.15,0.0,0.0,0.0,0.0,0.0,0.0,0.0,0.0,0.0,0.0,0.0,0.0,0.0,0.0,0.0,0.0,0.0,93.64
09/07/2021,2.37,2.14,2.11,2.21,1.63,1.85,1.78,1.67,1.66,1.41,1.5,1.31,1.12,1.23,0.98,1.13,0.95,0.98,1.07,0.91,1.01,0.83,0.88,0.87,0.77,0.74,0.85,0.93,0.81,0.69,0.81,0.7,0.79,0.77,0.67,0.64,0.65,0.64,0.67,0.63,0.51,0.56,0.56,0.58,0.54,0.6,0.55,0.49,0.48,0.46,0.53,0.43,0.45,0.44,0.46,0.45,0.42,0.43,0.45,0.31,0.42,0.43,0.71,0.49,0.39,0.41,0.35,0.41,0.31,0.37,0.41,0.65,0.46,0.42,0.39,0.35,0.35,0.41,0.44,0.36,0.35,0.37,0.37,0.41,0.34,0.34,0.36,0.37,0.35,0.38,0.3,0.34,0.34,0.29,0.31,0.36,0.33,0.38,0.35,0.31,0.3,0.32,0.35,0.0,0.34,0.3,0.28,0.32,0.34,0.32,0.32,0.27,0.35,0.3,0.31,0.26,0.32,0.29,0.3,0.3,0.26,0.3,0.28,0.31,0.3,0.27,0.25,0.26,0.27,0.24,0.25,0.28,0.23,0.24,0.23,0.27,0.23,0.21,0.25,0.23,0.22,0.25,0.21,0.26,0.26,0.22,0.25,0.26,0.24,0.2,0.21,0.26,0.21,0.31,0.22,0.22,0.23,0.16,0.23,0.2,0.22,0.0,0.23,0.19,0.2,0.2,0.19,0.22,0.18,0.23,0.22,0.18,0.18,0.18,0.2,0.0,0.19,0.18,0.0,0.16,0.15,0.18,0.0,0.17,0.0,0.16,0.16,0.18,0.17,0.18,0.16,0.16,0.0,0.18,0.16,0.15,0.16,0.0,0.0,0.15,0.16,0.16,0.0,0.15,0.0,0.0,0.0,0.0,0.16,0.15,0.21,0.0,0.16,0.0,0.15,0.34,0.0,0.0,0.0,0.0,0.0,0.0,0.0,0.0,0.0,0.0,0.0,0.0,0.0,0.0,0.0,0.0,0.0,0.0,93.67
09/08/2021,2.37,2.14,2.11,2.21,1.63,1.85,1.78,1.67,1.66,1.41,1.5,1.31,1.12,1.23,0.98,1.13,0.95,0.98,1.07,0.91,1.01,0.83,0.88,0.87,0.77,0.74,0.85,0.93,0.81,0.69,0.81,0.7,0.79,0.77,0.67,0.64,0.65,0.64,0.67,0.63,0.51,0.56,0.56,0.58,0.54,0.6,0.55,0.49,0.48,0.46,0.53,0.43,0.45,0.44,0.46,0.45,0.42,0.43,0.45,0.31,0.42,0.43,0.71,0.49,0.39,0.41,0.35,0.41,0.31,0.37,0.41,0.65,0.46,0.42,0.39,0.35,0.35,0.41,0.44,0.36,0.35,0.37,0.37,0.41,0.34,0.34,0.36,0.37,0.35,0.38,0.3,0.34,0.34,0.29,0.31,0.36,0.33,0.38,0.35,0.31,0.3,0.32,0.35,0.0,0.34,0.3,0.28,0.32,0.34,0.32,0.32,0.27,0.35,0.3,0.31,0.26,0.32,0.29,0.3,0.3,0.26,0.3,0.28,0.31,0.3,0.27,0.25,0.26,0.27,0.24,0.25,0.28,0.23,0.24,0.23,0.27,0.23,0.21,0.25,0.23,0.22,0.25,0.21,0.26,0.26,0.22,0.25,0.26,0.24,0.2,0.21,0.26,0.21,0.31,0.22,0.22,0.23,0.16,0.23,0.2,0.22,0.0,0.23,0.19,0.2,0.2,0.19,0.22,0.18,0.23,0.22,0.18,0.18,0.18,0.2,0.0,0.19,0.18,0.0,0.16,0.15,0.18,0.0,0.17,0.0,0.16,0.16,0.18,0.17,0.18,0.16,0.16,0.0,0.18,0.16,0.15,0.16,0.0,0.0,0.15,0.16,0.16,0.0,0.15,0.0,0.0,0.0,0.0,0.16,0.15,0.21,0.0,0.16,0.0,0.15,0.34,0.0,0.0,0.0,0.0,0.0,0.0,0.0,0.0,0.0,0.0,0.0,0.0,0.0,0.0,0.0,0.0,0.0,0.0,93.67
09/09/2021,2.37,2.14,2.11,2.21,1.63,1.85,1.78,1.67,1.66,1.41,1.5,1.31,1.12,1.23,0.98,1.13,0.95,0.98,1.07,0.91,1.01,0.83,0.88,0.87,0.77,0.74,0.85,0.93,0.81,0.69,0.81,0.7,0.79,0.77,0.67,0.64,0.65,0.64,0.67,0.63,0.51,0.56,0.56,0.58,0.54,0.6,0.55,0.49,0.48,0.46,0.53,0.43,0.45,0.44,0.46,0.45,0.42,0.43,0.45,0.31,0.42,0.43,0.71,0.49,0.39,0.41,0.35,0.41,0.31,0.37,0.41,0.65,0.46,0.42,0.39,0.35,0.35,0.41,0.44,0.36,0.35,0.37,0.37,0.41,0.34,0.34,0.36,0.37,0.35,0.38,0.3,0.34,0.34,0.29,0.31,0.36,0.33,0.38,0.35,0.31,0.3,0.32,0.35,0.0,0.34,0.3,0.28,0.32,0.34,0.32,0.32,0.27,0.35,0.3,0.31,0.26,0.32,0.29,0.3,0.3,0.26,0.3,0.28,0.31,0.3,0.27,0.25,0.26,0.27,0.24,0.25,0.28,0.23,0.24,0.23,0.27,0.23,0.21,0.25,0.23,0.22,0.25,0.21,0.26,0.26,0.22,0.25,0.26,0.24,0.2,0.21,0.26,0.21,0.31,0.22,0.22,0.23,0.16,0.23,0.2,0.22,0.0,0.23,0.19,0.2,0.2,0.19,0.22,0.18,0.23,0.22,0.18,0.18,0.18,0.2,0.0,0.19,0.18,0.0,0.16,0.15,0.18,0.0,0.17,0.0,0.16,0.16,0.18,0.17,0.18,0.16,0.16,0.0,0.18,0.16,0.15,0.16,0.0,0.0,0.15,0.16,0.16,0.0,0.15,0.0,0.0,0.0,0.0,0.16,0.15,0.21,0.0,0.16,0.0,0.15,0.34,0.0,0.0,0.0,0.0,0.0,0.0,0.0,0.0,0.0,0.0,0.0,0.0,0.0,0.0,0.0,0.0,0.0,0.0,93.67
09/10/2021,2.37,2.16,2.16,2.24,1.66,1.9,1.77,1.68,1.66,1.44,1.5,1.31,1.12,1.23,0.99,1.13,0.97,0.97,1.07,0.92,1.0,0.82,0.88,0.88,0.77,0.74,0.85,0.94,0.82,0.68,0.82,0.7,0.79,0.77,0.68,0.62,0.65,0.64,0.66,0.63,0.51,0.55,0.55,0.58,0.54,0.59,0.55,0.49,0.47,0.46,0.54,0.43,0.45,0.44,0.46,0.45,0.42,0.43,0.45,0.32,0.42,0.43,0.75,0.48,0.38,0.41,0.35,0.41,0.31,0.37,0.4,0.66,0.46,0.42,0.39,0.35,0.35,0.41,0.43,0.35,0.34,0.37,0.37,0.41,0.34,0.34,0.36,0.36,0.34,0.38,0.3,0.34,0.34,0.29,0.31,0.36,0.34,0.37,0.35,0.31,0.31,0.32,0.35,0.0,0.34,0.3,0.28,0.32,0.34,0.32,0.32,0.27,0.35,0.3,0.31,0.26,0.32,0.29,0.3,0.29,0.26,0.3,0.28,0.31,0.3,0.27,0.24,0.26,0.27,0.24,0.25,0.28,0.23,0.24,0.23,0.27,0.23,0.22,0.24,0.22,0.22,0.25,0.22,0.25,0.26,0.21,0.24,0.26,0.24,0.2,0.22,0.26,0.21,0.3,0.22,0.22,0.23,0.16,0.23,0.2,0.22,0.0,0.23,0.19,0.2,0.2,0.18,0.22,0.18,0.23,0.22,0.18,0.18,0.18,0.2,0.16,0.19,0.18,0.0,0.16,0.15,0.18,0.0,0.16,0.0,0.16,0.16,0.17,0.17,0.18,0.16,0.16,0.15,0.18,0.16,0.15,0.15,0.0,0.0,0.0,0.16,0.15,0.0,0.0,0.0,0.0,0.0,0.0,0.0,0.15,0.2,0.0,0.16,0.0,0.15,0.36,0.15,0.0,0.0,0.0,0.0,0.0,0.0,0.0,0.0,0.0,0.0,0.0,0.0,0.0,0.0,0.0,0.0,0.0,93.77
09/13/2021,2.32,2.14,2.14,2.24,1.67,1.87,1.73,1.7,1.67,1.47,1.51,1.31,1.11,1.23,0.99,1.13,0.96,0.95,1.09,0.92,0.95,0.81,0.89,0.87,0.76,0.74,0.86,0.93,0.81,0.66,0.83,0.71,0.8,0.77,0.67,0.62,0.65,0.64,0.67,0.62,0.51,0.55,0.55,0.58,0.54,0.58,0.56,0.48,0.46,0.46,0.54,0.43,0.46,0.43,0.45,0.46,0.42,0.43,0.45,0.31,0.42,0.43,0.79,0.49,0.37,0.41,0.35,0.4,0.31,0.38,0.39,0.69,0.46,0.43,0.4,0.35,0.35,0.42,0.43,0.35,0.35,0.38,0.37,0.42,0.34,0.34,0.36,0.36,0.35,0.39,0.3,0.34,0.34,0.28,0.31,0.36,0.34,0.37,0.35,0.31,0.31,0.33,0.33,0.0,0.33,0.3,0.26,0.32,0.34,0.32,0.32,0.27,0.35,0.3,0.31,0.26,0.32,0.29,0.31,0.3,0.26,0.3,0.28,0.31,0.3,0.27,0.24,0.26,0.26,0.24,0.25,0.28,0.23,0.24,0.23,0.27,0.23,0.22,0.24,0.23,0.22,0.26,0.22,0.25,0.26,0.22,0.24,0.26,0.24,0.19,0.22,0.26,0.21,0.28,0.22,0.23,0.23,0.16,0.23,0.2,0.23,0.0,0.23,0.19,0.2,0.2,0.18,0.21,0.18,0.23,0.22,0.17,0.18,0.18,0.2,0.16,0.19,0.18,0.0,0.16,0.16,0.18,0.0,0.16,0.0,0.16,0.16,0.17,0.17,0.17,0.16,0.16,0.15,0.17,0.16,0.15,0.0,0.15,0.0,0.0,0.16,0.15,0.0,0.0,0.0,0.15,0.0,0.0,0.0,0.15,0.2,0.0,0.16,0.0,0.0,0.38,0.15,0.0,0.0,0.0,0.0,0.0,0.0,0.0,0.0,0.0,0.0,0.0,0.0,0.0,0.0,0.0,0.0,0.0,93.67
09/14/2021,2.36,2.14,2.15,2.2,1.66,1.82,1.72,1.71,1.68,1.46,1.51,1.31,1.11,1.22,1.0,1.14,0.96,0.95,1.09,0.93,0.95,0.81,0.89,0.88,0.76,0.74,0.86,0.92,0.82,0.66,0.82,0.71,0.81,0.76,0.68,0.62,0.65,0.64,0.67,0.63,0.5,0.55,0.55,0.59,0.55,0.58,0.56,0.49,0.46,0.46,0.54,0.43,0.45,0.44,0.46,0.46,0.42,0.43,0.45,0.32,0.42,0.44,0.78,0.5,0.38,0.41,0.34,0.41,0.31,0.38,0.39,0.69,0.46,0.43,0.4,0.35,0.36,0.42,0.43,0.34,0.35,0.38,0.37,0.42,0.34,0.34,0.36,0.37,0.35,0.39,0.31,0.34,0.34,0.28,0.31,0.36,0.34,0.38,0.35,0.31,0.32,0.33,0.34,0.0,0.33,0.3,0.26,0.32,0.34,0.32,0.32,0.27,0.35,0.29,0.31,0.26,0.32,0.29,0.31,0.3,0.26,0.3,0.28,0.31,0.31,0.27,0.24,0.26,0.26,0.24,0.25,0.28,0.23,0.24,0.23,0.27,0.23,0.23,0.25,0.23,0.22,0.26,0.21,0.26,0.26,0.22,0.25,0.26,0.23,0.19,0.22,0.26,0.21,0.28,0.22,0.23,0.23,0.16,0.23,0.2,0.22,0.0,0.22,0.19,0.21,0.2,0.18,0.21,0.18,0.23,0.22,0.17,0.18,0.18,0.2,0.15,0.19,0.18,0.0,0.16,0.16,0.18,0.0,0.16,0.0,0.16,0.16,0.17,0.17,0.17,0.16,0.16,0.15,0.17,0.15,0.0,0.15,0.15,0.0,0.0,0.17,0.15,0.0,0.0,0.0,0.0,0.0,0.0,0.16,0.15,0.21,0.0,0.16,0.0,0.0,0.41,0.15,0.0,0.0,0.0,0.0,0.0,0.0,0.0,0.0,0.0,0.0,0.0,0.0,0.0,0.0,0.0,0.0,0.0,93.82
09/15/2021,2.36,2.14,2.15,2.2,1.66,1.82,1.72,1.71,1.68,1.46,1.51,1.31,1.11,1.22,1.0,1.14,0.96,0.95,1.09,0.93,0.95,0.81,0.89,0.88,0.76,0.74,0.86,0.92,0.82,0.66,0.82,0.71,0.81,0.76,0.68,0.62,0.65,0.64,0.67,0.63,0.5,0.55,0.55,0.59,0.55,0.58,0.56,0.49,0.46,0.46,0.54,0.43,0.45,0.44,0.46,0.46,0.42,0.43,0.45,0.32,0.42,0.44,0.78,0.5,0.38,0.41,0.34,0.41,0.31,0.38,0.39,0.69,0.46,0.43,0.4,0.35,0.36,0.42,0.43,0.34,0.35,0.38,0.37,0.42,0.34,0.34,0.36,0.37,0.35,0.39,0.31,0.34,0.34,0.28,0.31,0.36,0.34,0.38,0.35,0.31,0.32,0.33,0.34,0.0,0.33,0.3,0.26,0.32,0.34,0.32,0.32,0.27,0.35,0.29,0.31,0.26,0.32,0.29,0.31,0.3,0.26,0.3,0.28,0.31,0.31,0.27,0.24,0.26,0.26,0.24,0.25,0.28,0.23,0.24,0.23,0.27,0.23,0.23,0.25,0.23,0.22,0.26,0.21,0.26,0.26,0.22,0.25,0.26,0.23,0.19,0.22,0.26,0.21,0.28,0.22,0.23,0.23,0.16,0.23,0.2,0.22,0.0,0.22,0.19,0.21,0.2,0.18,0.21,0.18,0.23,0.22,0.17,0.18,0.18,0.2,0.15,0.19,0.18,0.0,0.16,0.16,0.18,0.0,0.16,0.0,0.16,0.16,0.17,0.17,0.17,0.16,0.16,0.15,0.17,0.15,0.0,0.15,0.15,0.0,0.0,0.17,0.15,0.0,0.0,0.0,0.0,0.0,0.0,0.16,0.15,0.21,0.0,0.16,0.0,0.0,0.41,0.15,0.0,0.0,0.0,0.0,0.0,0.0,0.0,0.0,0.0,0.0,0.0,0.0,0.0,0.0,0.0,0.0,0.0,93.82
09/16/2021,2.33,2.15,2.14,2.23,1.66,1.83,1.71,1.73,1.7,1.46,1.48,1.32,1.12,1.23,1.03,1.13,0.96,0.94,1.08,0.95,0.94,0.81,0.9,0.88,0.75,0.76,0.85,0.9,0.83,0.67,0.82,0.71,0.79,0.77,0.7,0.62,0.65,0.64,0.67,0.62,0.51,0.55,0.55,0.58,0.55,0.57,0.56,0.49,0.46,0.45,0.53,0.44,0.46,0.43,0.44,0.45,0.42,0.42,0.44,0.31,0.42,0.44,0.73,0.5,0.38,0.41,0.35,0.4,0.33,0.38,0.39,0.7,0.46,0.44,0.41,0.36,0.36,0.41,0.41,0.33,0.35,0.37,0.37,0.42,0.34,0.33,0.36,0.37,0.35,0.39,0.31,0.34,0.34,0.28,0.31,0.36,0.34,0.37,0.36,0.31,0.32,0.33,0.33,0.0,0.34,0.3,0.26,0.32,0.33,0.33,0.32,0.27,0.35,0.3,0.31,0.26,0.33,0.29,0.31,0.29,0.27,0.3,0.28,0.31,0.3,0.27,0.24,0.25,0.26,0.24,0.25,0.28,0.24,0.24,0.23,0.26,0.23,0.23,0.24,0.23,0.22,0.26,0.21,0.26,0.27,0.22,0.24,0.26,0.24,0.2,0.23,0.25,0.21,0.28,0.22,0.24,0.23,0.16,0.23,0.21,0.23,0.0,0.22,0.19,0.2,0.2,0.17,0.21,0.18,0.22,0.21,0.18,0.18,0.18,0.2,0.15,0.19,0.18,0.0,0.16,0.16,0.18,0.0,0.16,0.0,0.16,0.16,0.17,0.17,0.17,0.16,0.16,0.15,0.17,0.15,0.0,0.15,0.15,0.0,0.0,0.17,0.15,0.0,0.0,0.0,0.15,0.0,0.0,0.16,0.0,0.21,0.0,0.16,0.0,0.0,0.41,0.15,0.0,0.0,0.0,0.0,0.0,0.0,0.0,0.0,0.0,0.0,0.0,0.0,0.0,0.0,0.0,0.0,0.0,93.76
09/17/2021,2.35,2.18,2.15,2.24,1.65,1.81,1.71,1.72,1.7,1.46,1.48,1.32,1.12,1.23,1.02,1.14,0.96,0.93,1.08,0.96,0.93,0.81,0.9,0.87,0.74,0.74,0.83,0.91,0.82,0.67,0.82,0.71,0.81,0.77,0.7,0.61,0.65,0.63,0.68,0.62,0.5,0.55,0.55,0.56,0.55,0.58,0.55,0.49,0.46,0.45,0.54,0.44,0.46,0.43,0.45,0.46,0.42,0.42,0.44,0.3,0.41,0.44,0.74,0.5,0.38,0.41,0.34,0.4,0.33,0.38,0.39,0.71,0.46,0.45,0.41,0.36,0.36,0.41,0.42,0.34,0.35,0.37,0.37,0.42,0.35,0.34,0.36,0.37,0.35,0.39,0.31,0.35,0.34,0.28,0.32,0.36,0.34,0.37,0.36,0.31,0.33,0.33,0.34,0.0,0.33,0.3,0.25,0.32,0.34,0.33,0.31,0.27,0.35,0.29,0.31,0.27,0.32,0.29,0.31,0.29,0.27,0.3,0.28,0.32,0.3,0.27,0.24,0.26,0.26,0.24,0.25,0.28,0.24,0.24,0.23,0.26,0.23,0.22,0.24,0.22,0.22,0.26,0.21,0.26,0.27,0.22,0.24,0.26,0.23,0.2,0.23,0.25,0.21,0.28,0.22,0.24,0.24,0.16,0.24,0.21,0.23,0.0,0.22,0.19,0.2,0.2,0.17,0.21,0.18,0.23,0.21,0.18,0.18,0.18,0.21,0.0,0.19,0.18,0.0,0.16,0.16,0.18,0.0,0.16,0.15,0.16,0.16,0.17,0.17,0.17,0.16,0.15,0.0,0.17,0.15,0.15,0.15,0.15,0.0,0.0,0.17,0.15,0.0,0.0,0.0,0.15,0.0,0.0,0.16,0.15,0.21,0.0,0.16,0.0,0.0,0.41,0.0,0.0,0.0,0.0,0.0,0.0,0.0,0.0,0.0,0.0,0.0,0.0,0.0,0.0,0.0,0.0,0.0,0.0,93.8
09/20/2021,2.34,2.2,2.12,2.25,1.65,1.81,1.7,1.73,1.68,1.46,1.52,1.31,1.11,1.21,1.02,1.14,0.97,0.93,1.09,0.96,0.91,0.82,0.91,0.85,0.74,0.75,0.84,0.9,0.83,0.67,0.81,0.72,0.81,0.77,0.72,0.61,0.65,0.62,0.68,0.62,0.5,0.54,0.56,0.56,0.56,0.59,0.55,0.49,0.46,0.47,0.54,0.43,0.47,0.43,0.45,0.45,0.42,0.42,0.43,0.3,0.42,0.44,0.76,0.49,0.37,0.4,0.35,0.4,0.34,0.39,0.4,0.7,0.46,0.44,0.43,0.35,0.33,0.4,0.42,0.35,0.35,0.37,0.37,0.42,0.36,0.33,0.37,0.36,0.35,0.4,0.3,0.36,0.34,0.27,0.32,0.36,0.34,0.38,0.35,0.3,0.33,0.33,0.34,0.0,0.34,0.3,0.26,0.32,0.33,0.32,0.31,0.27,0.36,0.29,0.31,0.27,0.32,0.29,0.32,0.28,0.27,0.3,0.28,0.31,0.31,0.26,0.24,0.26,0.27,0.24,0.25,0.28,0.23,0.24,0.23,0.26,0.23,0.23,0.24,0.22,0.22,0.27,0.21,0.25,0.27,0.22,0.24,0.26,0.23,0.2,0.23,0.26,0.21,0.29,0.22,0.24,0.25,0.15,0.24,0.21,0.24,0.0,0.22,0.18,0.2,0.2,0.17,0.21,0.18,0.22,0.21,0.18,0.18,0.18,0.21,0.15,0.19,0.18,0.0,0.16,0.16,0.18,0.0,0.16,0.0,0.17,0.15,0.17,0.17,0.18,0.16,0.0,0.0,0.17,0.15,0.15,0.15,0.16,0.15,0.0,0.17,0.15,0.0,0.15,0.0,0.15,0.0,0.0,0.0,0.0,0.21,0.0,0.15,0.0,0.0,0.41,0.0,0.15,0.0,0.0,0.0,0.0,0.0,0.0,0.0,0.0,0.0,0.0,0.0,0.0,0.0,0.0,0.0,0.0,93.82999999999998
09/21/2021,1.96,2.03,1.98,2.0,1.68,1.9,1.7,1.72,1.68,1.48,1.53,1.34,1.11,1.2,1.04,1.11,0.97,0.92,1.07,0.98,0.92,0.9,0.91,0.83,0.75,0.75,0.82,1.23,0.0,0.69,0.78,0.73,0.81,0.75,0.71,0.62,0.65,0.62,0.66,0.59,0.51,0.56,0.56,0.56,1.07,0.6,0.54,0.5,0.47,0.47,0.52,0.44,0.31,0.42,0.43,0.44,0.42,0.43,0.43,0.34,0.43,0.44,0.83,0.48,0.39,0.39,0.37,0.39,0.41,0.38,0.4,0.61,0.41,0.4,0.43,0.36,0.33,0.37,0.36,0.35,0.34,0.35,0.36,0.39,0.36,0.34,0.33,0.36,0.36,0.0,0.3,0.33,0.34,0.27,0.32,0.34,0.34,0.34,0.36,0.3,0.0,0.32,0.34,0.0,0.34,0.31,0.27,0.33,0.29,0.31,0.29,0.27,0.31,0.3,0.29,0.26,0.31,0.29,0.31,0.27,0.27,0.31,0.28,0.31,0.3,0.26,0.24,0.26,0.26,0.24,0.25,0.26,0.23,0.24,0.23,0.25,0.23,0.0,0.23,0.22,0.3,0.27,0.24,0.24,0.26,0.22,0.23,0.25,0.23,0.2,0.0,0.26,0.0,0.23,0.22,0.25,0.27,0.0,0.24,0.21,0.25,0.0,0.22,0.19,0.2,0.21,0.17,0.0,0.18,0.21,0.21,0.18,0.18,0.18,0.2,0.15,0.19,0.17,0.16,0.16,0.17,0.18,0.0,0.16,0.0,0.17,0.0,0.16,0.17,0.18,0.16,0.16,0.0,0.17,0.0,0.16,0.0,0.16,0.17,0.0,0.16,0.0,0.0,0.15,0.0,0.15,0.0,0.0,0.16,0.0,0.22,0.0,0.16,0.0,0.0,0.42,0.0,0.15,0.77,0.32,0.29,0.27,0.24,0.22,0.21,0.21,0.16,0.0,0.0,0.0,0.0,0.0,0.0,0.0,93.34
09/22/2021,1.96,2.03,1.98,2.0,1.68,1.9,1.7,1.72,1.68,1.48,1.53,1.34,1.11,1.2,1.04,1.11,0.97,0.92,1.07,0.98,0.92,0.9,0.91,0.83,0.75,0.75,0.82,1.23,0.0,0.69,0.78,0.73,0.81,0.75,0.71,0.62,0.65,0.62,0.66,0.59,0.51,0.56,0.56,0.56,1.07,0.6,0.54,0.5,0.47,0.47,0.52,0.44,0.31,0.42,0.43,0.44,0.42,0.43,0.43,0.34,0.43,0.44,0.83,0.48,0.39,0.39,0.37,0.39,0.41,0.38,0.4,0.61,0.41,0.4,0.43,0.36,0.33,0.37,0.36,0.35,0.34,0.35,0.36,0.39,0.36,0.34,0.33,0.36,0.36,0.0,0.3,0.33,0.34,0.27,0.32,0.34,0.34,0.34,0.36,0.3,0.0,0.32,0.34,0.0,0.34,0.31,0.27,0.33,0.29,0.31,0.29,0.27,0.31,0.3,0.29,0.26,0.31,0.29,0.31,0.27,0.27,0.31,0.28,0.31,0.3,0.26,0.24,0.26,0.26,0.24,0.25,0.26,0.23,0.24,0.23,0.25,0.23,0.0,0.23,0.22,0.3,0.27,0.24,0.24,0.26,0.22,0.23,0.25,0.23,0.2,0.0,0.26,0.0,0.23,0.22,0.25,0.27,0.0,0.24,0.21,0.25,0.0,0.22,0.19,0.2,0.21,0.17,0.0,0.18,0.21,0.21,0.18,0.18,0.18,0.2,0.15,0.19,0.17,0.16,0.16,0.17,0.18,0.0,0.16,0.0,0.17,0.0,0.16,0.17,0.18,0.16,0.16,0.0,0.17,0.0,0.16,0.0,0.16,0.17,0.0,0.16,0.0,0.0,0.15,0.0,0.15,0.0,0.0,0.16,0.0,0.22,0.0,0.16,0.0,0.0,0.42,0.0,0.15,0.77,0.32,0.29,0.27,0.24,0.22,0.21,0.21,0.16,0.0,0.0,0.0,0.0,0.0,0.0,0.0,93.34
09/23/2021,1.91,2.02,1.95,1.99,1.69,1.89,1.71,1.72,1.69,1.49,1.52,1.34,1.13,1.2,1.03,1.11,0.95,0.94,1.06,0.98,0.94,0.9,0.91,0.84,0.75,0.75,0.82,1.26,0.0,0.68,0.79,0.72,0.81,0.75,0.69,0.62,0.66,0.62,0.67,0.6,0.51,0.56,0.56,0.56,1.06,0.6,0.54,0.51,0.48,0.47,0.52,0.44,0.31,0.42,0.44,0.45,0.42,0.43,0.42,0.33,0.43,0.44,0.83,0.48,0.39,0.4,0.37,0.4,0.4,0.39,0.4,0.61,0.41,0.41,0.42,0.36,0.33,0.38,0.36,0.35,0.35,0.35,0.36,0.39,0.36,0.34,0.32,0.36,0.35,0.0,0.3,0.33,0.34,0.26,0.32,0.34,0.34,0.34,0.36,0.3,0.0,0.33,0.34,0.0,0.33,0.3,0.27,0.32,0.3,0.32,0.29,0.26,0.32,0.29,0.3,0.26,0.32,0.29,0.31,0.27,0.26,0.31,0.28,0.31,0.3,0.26,0.24,0.26,0.26,0.23,0.25,0.26,0.23,0.24,0.23,0.25,0.23,0.0,0.23,0.22,0.3,0.27,0.25,0.24,0.26,0.22,0.23,0.25,0.24,0.2,0.0,0.26,0.0,0.23,0.22,0.26,0.27,0.0,0.23,0.21,0.26,0.0,0.22,0.19,0.2,0.21,0.17,0.0,0.18,0.22,0.21,0.18,0.18,0.18,0.2,0.15,0.2,0.18,0.16,0.16,0.17,0.18,0.0,0.16,0.0,0.17,0.0,0.16,0.17,0.18,0.16,0.16,0.0,0.17,0.0,0.16,0.15,0.0,0.17,0.0,0.17,0.0,0.0,0.15,0.15,0.15,0.0,0.0,0.16,0.15,0.22,0.0,0.0,0.0,0.0,0.43,0.0,0.0,0.77,0.31,0.28,0.27,0.24,0.22,0.22,0.21,0.16,0.0,0.0,0.0,0.0,0.0,0.0,0.0,93.38
09/24/2021,1.92,2.02,1.96,2.0,1.69,1.89,1.72,1.74,1.69,1.48,1.53,1.34,1.12,1.18,1.02,1.11,0.95,0.94,1.06,0.98,0.93,0.9,0.92,0.83,0.74,0.75,0.83,1.25,0.0,0.68,0.8,0.72,0.82,0.75,0.69,0.61,0.65,0.61,0.67,0.61,0.51,0.56,0.56,0.56,1.05,0.61,0.54,0.51,0.47,0.47,0.52,0.44,0.31,0.42,0.44,0.45,0.42,0.43,0.43,0.33,0.43,0.44,0.85,0.49,0.39,0.4,0.37,0.39,0.4,0.39,0.4,0.61,0.4,0.4,0.42,0.36,0.32,0.38,0.37,0.35,0.35,0.35,0.36,0.39,0.37,0.34,0.33,0.36,0.35,0.0,0.3,0.33,0.34,0.27,0.33,0.34,0.34,0.34,0.35,0.29,0.0,0.33,0.34,0.0,0.33,0.3,0.26,0.32,0.3,0.32,0.29,0.27,0.31,0.29,0.3,0.26,0.31,0.29,0.31,0.27,0.26,0.31,0.28,0.31,0.3,0.26,0.24,0.26,0.27,0.24,0.25,0.26,0.23,0.24,0.22,0.26,0.23,0.0,0.23,0.22,0.29,0.27,0.24,0.24,0.26,0.22,0.23,0.25,0.24,0.2,0.0,0.27,0.0,0.23,0.22,0.25,0.26,0.0,0.24,0.21,0.25,0.0,0.22,0.19,0.19,0.21,0.17,0.0,0.18,0.22,0.21,0.18,0.18,0.19,0.2,0.0,0.19,0.17,0.16,0.15,0.17,0.18,0.0,0.16,0.0,0.17,0.15,0.16,0.16,0.18,0.16,0.16,0.0,0.17,0.0,0.16,0.0,0.15,0.17,0.15,0.17,0.0,0.0,0.0,0.0,0.0,0.0,0.0,0.16,0.0,0.22,0.0,0.15,0.0,0.0,0.39,0.0,0.15,0.77,0.32,0.28,0.27,0.24,0.22,0.21,0.21,0.16,0.15,0.0,0.0,0.0,0.0,0.0,0.0,93.29
09/28/2021,1.97,2.03,1.91,2.01,1.75,1.91,1.69,1.73,1.67,1.55,1.45,1.34,1.11,1.2,1.03,1.12,0.96,0.95,1.09,1.0,0.92,0.89,0.93,0.83,0.76,0.78,0.85,1.23,0.0,0.67,0.77,0.71,0.84,0.72,0.71,0.61,0.66,0.62,0.67,0.61,0.52,0.56,0.57,0.56,1.06,0.61,0.55,0.5,0.47,0.48,0.52,0.44,0.32,0.41,0.45,0.45,0.42,0.41,0.43,0.32,0.42,0.44,0.83,0.49,0.38,0.38,0.38,0.39,0.43,0.4,0.4,0.63,0.4,0.41,0.43,0.36,0.32,0.36,0.38,0.35,0.35,0.35,0.37,0.39,0.38,0.34,0.33,0.35,0.35,0.0,0.3,0.34,0.34,0.26,0.33,0.34,0.35,0.34,0.35,0.3,0.0,0.33,0.33,0.0,0.33,0.29,0.26,0.32,0.29,0.31,0.28,0.27,0.32,0.29,0.3,0.26,0.32,0.29,0.31,0.27,0.26,0.31,0.28,0.32,0.3,0.26,0.24,0.26,0.27,0.23,0.24,0.26,0.23,0.25,0.23,0.26,0.23,0.0,0.23,0.22,0.29,0.28,0.25,0.24,0.28,0.22,0.23,0.25,0.25,0.2,0.0,0.28,0.0,0.23,0.22,0.27,0.24,0.0,0.23,0.22,0.26,0.0,0.22,0.19,0.2,0.21,0.16,0.0,0.18,0.21,0.21,0.18,0.18,0.19,0.2,0.0,0.19,0.17,0.16,0.0,0.17,0.18,0.0,0.16,0.0,0.17,0.0,0.16,0.16,0.18,0.16,0.16,0.0,0.17,0.0,0.16,0.0,0.16,0.18,0.16,0.16,0.0,0.0,0.0,0.15,0.0,0.0,0.0,0.16,0.0,0.22,0.0,0.16,0.0,0.0,0.0,0.0,0.15,0.77,0.33,0.29,0.28,0.24,0.23,0.22,0.2,0.16,0.15,0.15,0.15,0.0,0.0,0.0,0.0,93.38
09/29/2021,1.97,2.03,1.91,2.01,1.75,1.91,1.69,1.73,1.67,1.55,1.45,1.34,1.11,1.2,1.03,1.12,0.96,0.95,1.09,1.0,0.92,0.89,0.93,0.83,0.76,0.78,0.85,1.23,0.0,0.67,0.77,0.71,0.84,0.72,0.71,0.61,0.66,0.62,0.67,0.61,0.52,0.56,0.57,0.56,1.06,0.61,0.55,0.5,0.47,0.48,0.52,0.44,0.32,0.41,0.45,0.45,0.42,0.41,0.43,0.32,0.42,0.44,0.83,0.49,0.38,0.38,0.38,0.39,0.43,0.4,0.4,0.63,0.4,0.41,0.43,0.36,0.32,0.36,0.38,0.35,0.35,0.35,0.37,0.39,0.38,0.34,0.33,0.35,0.35,0.0,0.3,0.34,0.34,0.26,0.33,0.34,0.35,0.34,0.35,0.3,0.0,0.33,0.33,0.0,0.33,0.29,0.26,0.32,0.29,0.31,0.28,0.27,0.32,0.29,0.3,0.26,0.32,0.29,0.31,0.27,0.26,0.31,0.28,0.32,0.3,0.26,0.24,0.26,0.27,0.23,0.24,0.26,0.23,0.25,0.23,0.26,0.23,0.0,0.23,0.22,0.29,0.28,0.25,0.24,0.28,0.22,0.23,0.25,0.25,0.2,0.0,0.28,0.0,0.23,0.22,0.27,0.24,0.0,0.23,0.22,0.26,0.0,0.22,0.19,0.2,0.21,0.16,0.0,0.18,0.21,0.21,0.18,0.18,0.19,0.2,0.0,0.19,0.17,0.16,0.0,0.17,0.18,0.0,0.16,0.0,0.17,0.0,0.16,0.16,0.18,0.16,0.16,0.0,0.17,0.0,0.16,0.0,0.16,0.18,0.16,0.16,0.0,0.0,0.0,0.15,0.0,0.0,0.0,0.16,0.0,0.22,0.0,0.16,0.0,0.0,0.0,0.0,0.15,0.77,0.33,0.29,0.28,0.24,0.23,0.22,0.2,0.16,0.15,0.15,0.15,0.0,0.0,0.0,0.0,93.38
09/30/2021,1.94,2.0,1.92,2.01,1.75,1.9,1.69,1.76,1.66,1.55,1.42,1.36,1.12,1.19,1.05,1.11,0.96,0.95,1.07,1.01,0.91,0.9,0.94,0.83,0.76,0.8,0.86,1.23,0.0,0.67,0.76,0.71,0.82,0.7,0.72,0.62,0.67,0.63,0.66,0.59,0.53,0.57,0.57,0.57,1.07,0.6,0.54,0.5,0.48,0.49,0.51,0.44,0.33,0.4,0.43,0.44,0.41,0.41,0.43,0.32,0.42,0.44,0.79,0.49,0.38,0.37,0.38,0.4,0.45,0.4,0.4,0.63,0.39,0.41,0.43,0.36,0.33,0.35,0.36,0.34,0.35,0.34,0.38,0.38,0.38,0.34,0.33,0.36,0.36,0.0,0.31,0.34,0.33,0.26,0.33,0.34,0.35,0.33,0.36,0.31,0.0,0.33,0.33,0.0,0.33,0.31,0.25,0.32,0.28,0.31,0.27,0.27,0.32,0.3,0.3,0.25,0.32,0.29,0.32,0.26,0.26,0.31,0.28,0.31,0.29,0.25,0.24,0.26,0.27,0.23,0.24,0.26,0.23,0.26,0.23,0.26,0.23,0.0,0.23,0.22,0.29,0.28,0.26,0.24,0.28,0.22,0.22,0.25,0.25,0.21,0.0,0.27,0.0,0.23,0.22,0.29,0.24,0.0,0.22,0.22,0.29,0.0,0.22,0.2,0.21,0.21,0.17,0.0,0.18,0.21,0.21,0.19,0.18,0.19,0.21,0.0,0.19,0.17,0.17,0.16,0.17,0.18,0.0,0.17,0.0,0.17,0.0,0.16,0.17,0.18,0.16,0.16,0.0,0.16,0.0,0.16,0.0,0.16,0.19,0.16,0.0,0.0,0.0,0.15,0.15,0.15,0.0,0.0,0.16,0.15,0.22,0.0,0.16,0.0,0.0,0.0,0.0,0.0,0.77,0.33,0.29,0.28,0.24,0.23,0.22,0.2,0.16,0.15,0.0,0.0,0.0,0.0,0.0,0.0,93.37
10/01/2021,1.9,1.97,1.89,1.97,1.75,1.89,1.72,1.76,1.68,1.56,1.39,1.37,1.14,1.2,1.06,1.1,0.95,0.97,1.06,1.0,0.91,0.91,0.94,0.83,0.77,0.82,0.88,1.24,0.0,0.68,0.76,0.71,0.81,0.7,0.68,0.63,0.68,0.63,0.64,0.59,0.54,0.56,0.57,0.57,1.06,0.58,0.54,0.51,0.48,0.48,0.5,0.44,0.33,0.4,0.42,0.44,0.42,0.41,0.43,0.32,0.42,0.44,0.76,0.49,0.39,0.39,0.38,0.39,0.46,0.4,0.4,0.62,0.39,0.41,0.41,0.36,0.34,0.35,0.36,0.33,0.35,0.33,0.36,0.37,0.39,0.34,0.32,0.36,0.35,0.0,0.31,0.33,0.33,0.27,0.33,0.33,0.35,0.32,0.36,0.31,0.0,0.33,0.32,0.0,0.33,0.31,0.26,0.33,0.28,0.31,0.28,0.27,0.31,0.3,0.3,0.25,0.33,0.3,0.32,0.26,0.25,0.31,0.29,0.31,0.28,0.26,0.24,0.26,0.28,0.23,0.24,0.27,0.24,0.26,0.22,0.25,0.23,0.0,0.23,0.22,0.29,0.29,0.27,0.24,0.27,0.22,0.22,0.26,0.25,0.21,0.0,0.27,0.0,0.23,0.22,0.29,0.24,0.0,0.22,0.22,0.29,0.0,0.22,0.2,0.21,0.21,0.17,0.0,0.18,0.21,0.21,0.18,0.18,0.19,0.21,0.15,0.19,0.17,0.17,0.16,0.17,0.18,0.0,0.17,0.0,0.17,0.0,0.16,0.17,0.19,0.16,0.16,0.0,0.16,0.0,0.16,0.15,0.16,0.19,0.16,0.0,0.0,0.15,0.0,0.0,0.15,0.0,0.0,0.16,0.0,0.22,0.0,0.16,0.0,0.0,0.0,0.0,0.0,0.77,0.32,0.29,0.28,0.23,0.23,0.23,0.2,0.16,0.15,0.0,0.0,0.0,0.0,0.0,0.0,93.22
10/04/2021,1.92,1.98,1.9,1.96,1.75,1.91,1.72,1.74,1.69,1.56,1.39,1.37,1.15,1.19,1.05,1.09,0.95,1.0,1.08,1.0,0.95,0.93,0.94,0.83,0.76,0.81,0.85,1.25,0.0,0.69,0.78,0.7,0.81,0.7,0.67,0.62,0.69,0.62,0.65,0.6,0.53,0.58,0.55,0.55,1.06,0.59,0.54,0.51,0.47,0.49,0.51,0.45,0.33,0.4,0.42,0.44,0.43,0.41,0.42,0.32,0.42,0.44,0.77,0.49,0.39,0.39,0.37,0.38,0.46,0.4,0.39,0.61,0.39,0.42,0.4,0.36,0.36,0.36,0.37,0.34,0.35,0.33,0.37,0.38,0.39,0.36,0.32,0.36,0.34,0.0,0.31,0.33,0.33,0.27,0.33,0.33,0.34,0.32,0.36,0.31,0.0,0.33,0.33,0.0,0.33,0.31,0.26,0.32,0.28,0.31,0.28,0.26,0.31,0.3,0.3,0.25,0.33,0.3,0.31,0.26,0.25,0.31,0.29,0.32,0.28,0.26,0.24,0.26,0.27,0.23,0.24,0.28,0.24,0.26,0.22,0.26,0.23,0.0,0.23,0.22,0.29,0.27,0.27,0.24,0.27,0.22,0.22,0.25,0.25,0.21,0.0,0.28,0.0,0.21,0.22,0.59,0.23,0.0,0.21,0.22,0.0,0.0,0.22,0.2,0.2,0.21,0.16,0.0,0.18,0.21,0.21,0.18,0.19,0.19,0.2,0.0,0.19,0.17,0.0,0.16,0.17,0.18,0.0,0.17,0.0,0.17,0.0,0.17,0.17,0.18,0.16,0.16,0.0,0.16,0.0,0.16,0.15,0.16,0.2,0.16,0.16,0.0,0.0,0.15,0.15,0.15,0.0,0.0,0.16,0.0,0.22,0.0,0.16,0.0,0.0,0.16,0.0,0.16,0.77,0.31,0.28,0.27,0.23,0.23,0.23,0.19,0.16,0.0,0.0,0.0,0.0,0.0,0.0,0.0,93.43
10/05/2021,1.9,2.01,1.91,1.99,1.79,1.9,1.7,1.74,1.67,1.6,1.39,1.37,1.14,1.2,1.06,1.1,0.94,1.08,1.07,0.99,0.94,0.93,0.94,0.82,0.77,0.83,0.87,1.24,0.0,0.69,0.78,0.69,0.81,0.7,0.67,0.61,0.71,0.61,0.65,0.6,0.53,0.58,0.55,0.54,1.05,0.6,0.54,0.5,0.46,0.48,0.5,0.44,0.34,0.38,0.42,0.44,0.42,0.42,0.43,0.32,0.41,0.44,0.68,0.49,0.39,0.38,0.37,0.38,0.47,0.4,0.39,0.61,0.39,0.42,0.4,0.36,0.36,0.35,0.37,0.34,0.35,0.33,0.37,0.38,0.38,0.37,0.31,0.36,0.34,0.0,0.31,0.33,0.33,0.26,0.34,0.32,0.35,0.32,0.36,0.31,0.0,0.33,0.31,0.0,0.33,0.3,0.26,0.32,0.27,0.31,0.28,0.27,0.31,0.3,0.3,0.25,0.34,0.29,0.31,0.26,0.25,0.31,0.29,0.31,0.29,0.26,0.24,0.26,0.27,0.23,0.24,0.28,0.23,0.26,0.22,0.26,0.23,0.0,0.22,0.22,0.29,0.26,0.27,0.24,0.28,0.22,0.22,0.26,0.25,0.21,0.0,0.28,0.0,0.22,0.22,0.6,0.23,0.0,0.21,0.22,0.0,0.0,0.22,0.21,0.21,0.21,0.16,0.0,0.18,0.21,0.21,0.19,0.18,0.19,0.2,0.0,0.19,0.17,0.0,0.16,0.17,0.18,0.0,0.17,0.0,0.17,0.0,0.17,0.17,0.18,0.16,0.17,0.0,0.16,0.0,0.16,0.15,0.16,0.2,0.16,0.0,0.0,0.15,0.0,0.15,0.15,0.0,0.0,0.16,0.0,0.22,0.0,0.16,0.0,0.0,0.17,0.0,0.16,0.78,0.3,0.29,0.27,0.23,0.23,0.23,0.19,0.16,0.15,0.0,0.0,0.0,0.0,0.0,0.0,93.43
10/06/2021,1.9,2.01,1.91,1.99,1.79,1.9,1.7,1.74,1.67,1.6,1.39,1.37,1.14,1.2,1.06,1.1,0.94,1.08,1.07,0.99,0.94,0.93,0.94,0.82,0.77,0.83,0.87,1.24,0.0,0.69,0.78,0.69,0.81,0.7,0.67,0.61,0.71,0.61,0.65,0.6,0.53,0.58,0.55,0.54,1.05,0.6,0.54,0.5,0.46,0.48,0.5,0.44,0.34,0.38,0.42,0.44,0.42,0.42,0.43,0.32,0.41,0.44,0.68,0.49,0.39,0.38,0.37,0.38,0.47,0.4,0.39,0.61,0.39,0.42,0.4,0.36,0.36,0.35,0.37,0.34,0.35,0.33,0.37,0.38,0.38,0.37,0.31,0.36,0.34,0.0,0.31,0.33,0.33,0.26,0.34,0.32,0.35,0.32,0.36,0.31,0.0,0.33,0.31,0.0,0.33,0.3,0.26,0.32,0.27,0.31,0.28,0.27,0.31,0.3,0.3,0.25,0.34,0.29,0.31,0.26,0.25,0.31,0.29,0.31,0.29,0.26,0.24,0.26,0.27,0.23,0.24,0.28,0.23,0.26,0.22,0.26,0.23,0.0,0.22,0.22,0.29,0.26,0.27,0.24,0.28,0.22,0.22,0.26,0.25,0.21,0.0,0.28,0.0,0.22,0.22,0.6,0.23,0.0,0.21,0.22,0.0,0.0,0.22,0.21,0.21,0.21,0.16,0.0,0.18,0.21,0.21,0.19,0.18,0.19,0.2,0.0,0.19,0.17,0.0,0.16,0.17,0.18,0.0,0.17,0.0,0.17,0.0,0.17,0.17,0.18,0.16,0.17,0.0,0.16,0.0,0.16,0.15,0.16,0.2,0.16,0.0,0.0,0.15,0.0,0.15,0.15,0.0,0.0,0.16,0.0,0.22,0.0,0.16,0.0,0.0,0.17,0.0,0.16,0.78,0.3,0.29,0.27,0.23,0.23,0.23,0.19,0.16,0.15,0.0,0.0,0.0,0.0,0.0,0.0,93.43
10/07/2021,1.83,1.99,1.84,1.97,1.77,1.88,1.71,1.74,1.68,1.55,1.36,1.38,1.16,1.19,1.06,1.1,0.93,1.11,1.06,0.99,0.93,0.94,0.95,0.82,0.8,0.85,0.88,1.24,0.0,0.69,0.79,0.69,0.79,0.7,0.65,0.62,0.72,0.61,0.64,0.6,0.54,0.58,0.55,0.56,1.04,0.59,0.54,0.5,0.47,0.47,0.48,0.45,0.34,0.37,0.42,0.43,0.43,0.42,0.43,0.32,0.41,0.44,0.65,0.49,0.38,0.39,0.37,0.39,0.49,0.4,0.39,0.61,0.38,0.41,0.4,0.36,0.37,0.35,0.36,0.33,0.35,0.33,0.36,0.37,0.38,0.37,0.3,0.36,0.34,0.0,0.31,0.33,0.33,0.27,0.34,0.32,0.35,0.32,0.36,0.31,0.0,0.33,0.3,0.0,0.33,0.31,0.26,0.33,0.27,0.31,0.28,0.26,0.32,0.3,0.3,0.25,0.34,0.3,0.31,0.26,0.25,0.32,0.29,0.31,0.28,0.26,0.24,0.26,0.28,0.23,0.24,0.28,0.24,0.26,0.22,0.27,0.24,0.0,0.22,0.22,0.29,0.26,0.27,0.24,0.28,0.22,0.23,0.26,0.26,0.22,0.0,0.28,0.0,0.22,0.22,0.62,0.23,0.0,0.21,0.23,0.0,0.0,0.22,0.21,0.21,0.21,0.17,0.0,0.18,0.21,0.21,0.19,0.19,0.2,0.2,0.0,0.19,0.17,0.15,0.16,0.17,0.19,0.0,0.17,0.0,0.17,0.0,0.17,0.17,0.18,0.16,0.17,0.0,0.17,0.0,0.16,0.15,0.16,0.21,0.16,0.0,0.0,0.15,0.15,0.0,0.0,0.0,0.0,0.16,0.0,0.22,0.0,0.16,0.0,0.0,0.17,0.0,0.16,0.78,0.3,0.29,0.26,0.22,0.22,0.23,0.18,0.16,0.15,0.0,0.0,0.0,0.0,0.0,0.0,93.31
10/08/2021,1.88,2.02,1.86,1.99,1.75,1.89,1.7,1.74,1.67,1.53,1.37,1.39,1.15,1.19,1.06,1.11,0.93,1.08,1.07,1.0,0.95,0.94,0.95,0.82,0.81,0.85,0.89,1.23,0.0,0.68,0.79,0.69,0.8,0.7,0.66,0.62,0.71,0.62,0.65,0.61,0.54,0.59,0.54,0.55,1.06,0.6,0.55,0.49,0.48,0.47,0.48,0.44,0.34,0.38,0.42,0.44,0.43,0.42,0.44,0.31,0.41,0.44,0.66,0.5,0.38,0.38,0.36,0.38,0.49,0.4,0.39,0.6,0.38,0.41,0.4,0.36,0.37,0.35,0.37,0.34,0.36,0.33,0.37,0.37,0.38,0.37,0.31,0.36,0.34,0.0,0.31,0.33,0.33,0.27,0.34,0.32,0.34,0.33,0.36,0.32,0.0,0.33,0.3,0.0,0.34,0.31,0.26,0.32,0.27,0.32,0.28,0.26,0.32,0.31,0.31,0.25,0.34,0.3,0.3,0.26,0.25,0.31,0.29,0.32,0.28,0.26,0.24,0.26,0.27,0.22,0.24,0.28,0.23,0.27,0.22,0.27,0.24,0.0,0.22,0.22,0.28,0.25,0.27,0.24,0.28,0.21,0.23,0.26,0.25,0.21,0.0,0.28,0.0,0.21,0.22,0.61,0.23,0.0,0.21,0.23,0.0,0.0,0.21,0.21,0.2,0.21,0.16,0.0,0.18,0.21,0.21,0.19,0.19,0.2,0.2,0.0,0.19,0.17,0.0,0.16,0.17,0.19,0.0,0.17,0.0,0.17,0.0,0.17,0.18,0.18,0.16,0.17,0.0,0.16,0.0,0.16,0.0,0.16,0.21,0.16,0.15,0.0,0.15,0.0,0.0,0.15,0.0,0.0,0.16,0.0,0.22,0.0,0.16,0.0,0.0,0.17,0.0,0.16,0.77,0.3,0.29,0.26,0.22,0.22,0.23,0.18,0.16,0.15,0.0,0.0,0.15,0.0,0.0,0.0,93.42
10/11/2021,1.92,2.03,1.82,2.01,1.78,1.9,1.69,1.76,1.69,1.56,1.38,1.39,1.12,1.18,1.05,1.1,0.94,1.08,1.07,0.99,0.95,0.94,0.95,0.81,0.8,0.83,0.89,1.22,0.0,0.67,0.79,0.69,0.79,0.69,0.65,0.61,0.7,0.61,0.65,0.61,0.54,0.59,0.53,0.55,1.06,0.6,0.55,0.49,0.48,0.47,0.49,0.44,0.34,0.39,0.42,0.44,0.42,0.43,0.43,0.31,0.41,0.45,0.61,0.49,0.38,0.39,0.36,0.38,0.48,0.4,0.41,0.6,0.38,0.42,0.39,0.36,0.35,0.34,0.38,0.34,0.38,0.33,0.38,0.37,0.38,0.38,0.32,0.36,0.33,0.0,0.31,0.33,0.33,0.27,0.34,0.32,0.34,0.33,0.36,0.32,0.0,0.34,0.29,0.0,0.34,0.31,0.26,0.32,0.26,0.32,0.28,0.26,0.31,0.31,0.31,0.25,0.33,0.3,0.3,0.27,0.25,0.32,0.29,0.32,0.28,0.26,0.25,0.26,0.27,0.22,0.24,0.28,0.23,0.27,0.22,0.27,0.24,0.0,0.22,0.22,0.28,0.26,0.27,0.24,0.27,0.2,0.23,0.27,0.25,0.21,0.0,0.28,0.0,0.21,0.22,0.59,0.24,0.0,0.21,0.23,0.0,0.0,0.21,0.21,0.19,0.21,0.17,0.0,0.2,0.21,0.2,0.19,0.19,0.2,0.2,0.0,0.19,0.17,0.0,0.16,0.16,0.19,0.0,0.17,0.0,0.17,0.0,0.17,0.18,0.18,0.16,0.16,0.0,0.16,0.15,0.16,0.0,0.16,0.21,0.18,0.0,0.0,0.0,0.0,0.15,0.15,0.0,0.0,0.16,0.15,0.22,0.0,0.16,0.0,0.0,0.18,0.0,0.16,0.77,0.3,0.29,0.26,0.23,0.23,0.23,0.18,0.16,0.15,0.0,0.0,0.0,0.0,0.0,0.0,93.4
10/12/2021,1.9,2.04,1.83,2.02,1.78,1.9,1.69,1.75,1.69,1.57,1.38,1.4,1.11,1.19,1.05,1.09,0.94,1.06,1.07,1.0,0.95,0.94,0.95,0.8,0.82,0.86,0.91,1.22,0.0,0.67,0.79,0.69,0.78,0.68,0.65,0.61,0.71,0.61,0.65,0.6,0.54,0.59,0.53,0.55,1.06,0.58,0.55,0.49,0.48,0.47,0.48,0.44,0.34,0.39,0.41,0.44,0.42,0.43,0.43,0.31,0.41,0.45,0.6,0.5,0.38,0.38,0.36,0.38,0.51,0.4,0.42,0.61,0.37,0.42,0.39,0.36,0.35,0.34,0.38,0.34,0.38,0.32,0.38,0.37,0.38,0.38,0.32,0.36,0.33,0.0,0.32,0.33,0.33,0.27,0.34,0.32,0.35,0.33,0.37,0.32,0.0,0.34,0.29,0.0,0.34,0.31,0.26,0.32,0.26,0.32,0.28,0.26,0.31,0.31,0.31,0.25,0.33,0.3,0.3,0.26,0.25,0.32,0.29,0.32,0.28,0.26,0.25,0.26,0.27,0.22,0.24,0.28,0.23,0.27,0.21,0.27,0.24,0.0,0.22,0.22,0.29,0.25,0.26,0.24,0.27,0.2,0.23,0.27,0.25,0.22,0.0,0.28,0.0,0.21,0.22,0.59,0.23,0.0,0.21,0.24,0.0,0.0,0.21,0.21,0.19,0.21,0.16,0.0,0.2,0.21,0.2,0.19,0.18,0.2,0.2,0.0,0.19,0.17,0.0,0.16,0.0,0.2,0.0,0.17,0.0,0.17,0.0,0.17,0.18,0.18,0.16,0.17,0.0,0.16,0.0,0.16,0.0,0.16,0.21,0.18,0.0,0.0,0.15,0.0,0.15,0.15,0.0,0.0,0.16,0.15,0.22,0.0,0.16,0.0,0.0,0.19,0.0,0.16,0.77,0.29,0.29,0.25,0.23,0.22,0.23,0.18,0.16,0.15,0.0,0.0,0.15,0.0,0.0,0.0,93.4
10/13/2021,1.9,2.04,1.83,2.02,1.78,1.9,1.69,1.75,1.69,1.57,1.38,1.4,1.11,1.19,1.05,1.09,0.94,1.06,1.07,1.0,0.95,0.94,0.95,0.8,0.82,0.86,0.91,1.22,0.0,0.67,0.79,0.69,0.78,0.68,0.65,0.61,0.71,0.61,0.65,0.6,0.54,0.59,0.53,0.55,1.06,0.58,0.55,0.49,0.48,0.47,0.48,0.44,0.34,0.39,0.41,0.44,0.42,0.43,0.43,0.31,0.41,0.45,0.6,0.5,0.38,0.38,0.36,0.38,0.51,0.4,0.42,0.61,0.37,0.42,0.39,0.36,0.35,0.34,0.38,0.34,0.38,0.32,0.38,0.37,0.38,0.38,0.32,0.36,0.33,0.0,0.32,0.33,0.33,0.27,0.34,0.32,0.35,0.33,0.37,0.32,0.0,0.34,0.29,0.0,0.34,0.31,0.26,0.32,0.26,0.32,0.28,0.26,0.31,0.31,0.31,0.25,0.33,0.3,0.3,0.26,0.25,0.32,0.29,0.32,0.28,0.26,0.25,0.26,0.27,0.22,0.24,0.28,0.23,0.27,0.21,0.27,0.24,0.0,0.22,0.22,0.29,0.25,0.26,0.24,0.27,0.2,0.23,0.27,0.25,0.22,0.0,0.28,0.0,0.21,0.22,0.59,0.23,0.0,0.21,0.24,0.0,0.0,0.21,0.21,0.19,0.21,0.16,0.0,0.2,0.21,0.2,0.19,0.18,0.2,0.2,0.0,0.19,0.17,0.0,0.16,0.0,0.2,0.0,0.17,0.0,0.17,0.0,0.17,0.18,0.18,0.16,0.17,0.0,0.16,0.0,0.16,0.0,0.16,0.21,0.18,0.0,0.0,0.15,0.0,0.15,0.15,0.0,0.0,0.16,0.15,0.22,0.0,0.16,0.0,0.0,0.19,0.0,0.16,0.77,0.29,0.29,0.25,0.23,0.22,0.23,0.18,0.16,0.15,0.0,0.0,0.15,0.0,0.0,0.0,93.4
10/14/2021,1.9,2.05,1.81,2.02,1.75,1.91,1.7,1.77,1.7,1.54,1.38,1.39,1.1,1.19,1.05,1.1,0.93,1.06,1.07,0.99,0.96,0.94,0.95,0.8,0.82,0.85,0.92,1.21,0.0,0.66,0.77,0.69,0.78,0.68,0.66,0.61,0.71,0.61,0.65,0.61,0.55,0.58,0.52,0.55,1.07,0.58,0.55,0.49,0.48,0.47,0.48,0.44,0.34,0.39,0.41,0.44,0.43,0.43,0.43,0.31,0.41,0.45,0.6,0.5,0.38,0.39,0.35,0.38,0.51,0.4,0.41,0.61,0.37,0.43,0.39,0.36,0.35,0.34,0.38,0.34,0.38,0.32,0.37,0.37,0.38,0.37,0.3,0.35,0.34,0.0,0.32,0.33,0.33,0.27,0.35,0.32,0.35,0.32,0.37,0.31,0.0,0.34,0.29,0.0,0.33,0.31,0.26,0.33,0.26,0.33,0.28,0.26,0.31,0.31,0.31,0.25,0.33,0.3,0.3,0.26,0.25,0.32,0.29,0.32,0.28,0.26,0.25,0.26,0.27,0.22,0.23,0.29,0.23,0.27,0.22,0.28,0.24,0.0,0.22,0.22,0.29,0.26,0.26,0.24,0.27,0.19,0.23,0.27,0.25,0.22,0.0,0.28,0.0,0.2,0.22,0.0,0.21,0.0,0.21,0.24,0.0,0.0,0.21,0.2,0.19,0.21,0.16,0.0,0.23,0.22,0.2,0.19,0.18,0.2,0.21,0.0,0.19,0.18,0.0,0.16,0.15,0.19,0.0,0.16,0.0,0.18,0.0,0.17,0.18,0.19,0.16,0.17,0.0,0.16,0.15,0.16,0.0,0.16,0.21,0.19,0.0,0.0,0.15,0.16,0.0,0.15,0.0,0.0,0.16,0.0,0.21,0.0,0.16,0.0,0.0,0.19,0.0,0.16,0.77,0.29,0.3,0.25,0.22,0.23,0.23,0.17,0.16,0.15,0.0,0.0,0.0,0.58,0.0,0.0,93.35
10/15/2021,1.9,2.04,1.8,1.99,1.74,1.89,1.67,1.78,1.7,1.53,1.4,1.39,1.08,1.18,1.02,1.11,0.94,1.06,1.07,0.97,0.96,0.93,0.95,0.78,0.82,0.85,0.93,1.21,0.0,0.65,0.78,0.7,0.78,0.69,0.65,0.61,0.7,0.61,0.65,0.61,0.55,0.59,0.52,0.56,1.05,0.59,0.56,0.49,0.48,0.47,0.48,0.44,0.34,0.39,0.42,0.44,0.42,0.43,0.43,0.31,0.41,0.46,0.62,0.51,0.39,0.4,0.35,0.38,0.51,0.4,0.42,0.6,0.38,0.44,0.38,0.36,0.35,0.34,0.38,0.35,0.38,0.32,0.38,0.37,0.39,0.38,0.32,0.36,0.33,0.0,0.33,0.33,0.33,0.27,0.35,0.32,0.35,0.33,0.37,0.31,0.0,0.34,0.29,0.0,0.33,0.31,0.26,0.32,0.26,0.33,0.29,0.25,0.31,0.31,0.31,0.25,0.33,0.3,0.3,0.26,0.25,0.32,0.3,0.33,0.28,0.26,0.26,0.25,0.28,0.22,0.23,0.29,0.23,0.27,0.21,0.28,0.25,0.0,0.22,0.22,0.29,0.26,0.26,0.24,0.27,0.2,0.23,0.27,0.26,0.23,0.0,0.28,0.0,0.2,0.22,0.0,0.21,0.0,0.21,0.25,0.0,0.21,0.2,0.2,0.2,0.21,0.17,0.0,0.24,0.23,0.2,0.19,0.18,0.2,0.2,0.0,0.19,0.17,0.0,0.16,0.0,0.2,0.0,0.17,0.0,0.17,0.0,0.17,0.18,0.19,0.16,0.17,0.0,0.16,0.0,0.16,0.0,0.16,0.21,0.19,0.15,0.0,0.15,0.16,0.0,0.15,0.0,0.0,0.16,0.15,0.0,0.0,0.17,0.0,0.0,0.2,0.0,0.16,0.77,0.28,0.3,0.25,0.22,0.23,0.22,0.17,0.17,0.15,0.0,0.0,0.0,0.58,0.0,0.0,93.44
10/18/2021,1.95,2.06,1.79,2.01,1.71,1.88,1.66,1.77,1.69,1.5,1.43,1.37,1.07,1.18,1.03,1.12,0.93,1.01,1.05,0.97,0.95,0.91,0.92,0.8,0.83,0.85,0.9,1.18,0.0,0.65,0.79,0.72,0.79,0.69,0.67,0.61,0.7,0.64,0.66,0.6,0.54,0.59,0.52,0.57,1.05,0.6,0.56,0.48,0.49,0.48,0.48,0.44,0.33,0.39,0.41,0.45,0.41,0.44,0.43,0.31,0.41,0.46,0.64,0.51,0.38,0.41,0.35,0.38,0.5,0.4,0.41,0.6,0.38,0.43,0.38,0.35,0.34,0.33,0.38,0.37,0.38,0.32,0.39,0.38,0.39,0.37,0.32,0.36,0.33,0.0,0.34,0.33,0.31,0.28,0.35,0.32,0.35,0.34,0.37,0.32,0.0,0.35,0.29,0.0,0.34,0.32,0.25,0.32,0.26,0.33,0.3,0.25,0.31,0.31,0.31,0.25,0.33,0.3,0.3,0.26,0.25,0.32,0.3,0.32,0.28,0.26,0.25,0.26,0.28,0.22,0.24,0.29,0.23,0.27,0.22,0.28,0.24,0.0,0.22,0.23,0.28,0.26,0.27,0.24,0.27,0.19,0.23,0.27,0.25,0.23,0.0,0.28,0.0,0.21,0.22,0.0,0.22,0.0,0.22,0.24,0.0,0.21,0.2,0.2,0.2,0.21,0.16,0.0,0.24,0.22,0.2,0.19,0.18,0.2,0.2,0.15,0.19,0.17,0.0,0.16,0.15,0.2,0.0,0.17,0.0,0.17,0.0,0.17,0.18,0.19,0.16,0.17,0.0,0.16,0.0,0.16,0.0,0.16,0.21,0.19,0.0,0.0,0.0,0.16,0.0,0.0,0.0,0.0,0.16,0.15,0.0,0.0,0.17,0.0,0.0,0.2,0.0,0.16,0.76,0.29,0.31,0.25,0.23,0.23,0.22,0.17,0.17,0.0,0.0,0.0,0.0,0.54,0.15,0.15,93.38
10/19/2021,1.96,2.06,1.76,2.01,1.75,1.89,1.67,1.8,1.69,1.54,1.42,1.38,1.07,1.16,1.04,1.13,0.95,1.01,1.05,0.98,0.95,0.91,0.91,0.81,0.84,0.85,0.9,1.16,0.0,0.65,0.78,0.72,0.8,0.69,0.66,0.62,0.7,0.64,0.65,0.6,0.55,0.59,0.51,0.56,1.07,0.61,0.56,0.48,0.49,0.48,0.48,0.43,0.32,0.39,0.42,0.44,0.41,0.43,0.43,0.31,0.41,0.45,0.62,0.51,0.38,0.4,0.36,0.38,0.49,0.4,0.41,0.61,0.38,0.43,0.38,0.35,0.33,0.33,0.38,0.37,0.38,0.32,0.39,0.37,0.39,0.37,0.32,0.35,0.33,0.0,0.34,0.33,0.31,0.27,0.35,0.32,0.35,0.34,0.36,0.31,0.0,0.34,0.29,0.0,0.34,0.32,0.25,0.32,0.26,0.32,0.29,0.25,0.31,0.31,0.31,0.25,0.33,0.29,0.29,0.26,0.25,0.31,0.3,0.32,0.28,0.26,0.25,0.26,0.28,0.22,0.23,0.29,0.23,0.27,0.22,0.29,0.24,0.0,0.22,0.23,0.28,0.26,0.27,0.24,0.27,0.2,0.23,0.26,0.25,0.23,0.0,0.28,0.0,0.21,0.22,0.0,0.22,0.0,0.21,0.24,0.0,0.21,0.2,0.2,0.2,0.21,0.16,0.0,0.23,0.22,0.19,0.19,0.18,0.2,0.21,0.0,0.19,0.17,0.0,0.16,0.15,0.2,0.0,0.17,0.0,0.17,0.0,0.17,0.18,0.18,0.16,0.17,0.0,0.16,0.0,0.16,0.0,0.16,0.21,0.18,0.0,0.0,0.15,0.0,0.0,0.15,0.0,0.0,0.16,0.15,0.0,0.0,0.17,0.0,0.0,0.21,0.0,0.16,0.75,0.29,0.31,0.25,0.23,0.22,0.23,0.18,0.17,0.0,0.0,0.15,0.0,0.54,0.0,0.15,93.3
10/20/2021,1.96,2.06,1.76,2.01,1.75,1.89,1.67,1.8,1.69,1.54,1.42,1.38,1.07,1.16,1.04,1.13,0.95,1.01,1.05,0.98,0.95,0.91,0.91,0.81,0.84,0.85,0.9,1.16,0.0,0.65,0.78,0.72,0.8,0.69,0.66,0.62,0.7,0.64,0.65,0.6,0.55,0.59,0.51,0.56,1.07,0.61,0.56,0.48,0.49,0.48,0.48,0.43,0.32,0.39,0.42,0.44,0.41,0.43,0.43,0.31,0.41,0.45,0.62,0.51,0.38,0.4,0.36,0.38,0.49,0.4,0.41,0.61,0.38,0.43,0.38,0.35,0.33,0.33,0.38,0.37,0.38,0.32,0.39,0.37,0.39,0.37,0.32,0.35,0.33,0.0,0.34,0.33,0.31,0.27,0.35,0.32,0.35,0.34,0.36,0.31,0.0,0.34,0.29,0.0,0.34,0.32,0.25,0.32,0.26,0.32,0.29,0.25,0.31,0.31,0.31,0.25,0.33,0.29,0.29,0.26,0.25,0.31,0.3,0.32,0.28,0.26,0.25,0.26,0.28,0.22,0.23,0.29,0.23,0.27,0.22,0.29,0.24,0.0,0.22,0.23,0.28,0.26,0.27,0.24,0.27,0.2,0.23,0.26,0.25,0.23,0.0,0.28,0.0,0.21,0.22,0.0,0.22,0.0,0.21,0.24,0.0,0.21,0.2,0.2,0.2,0.21,0.16,0.0,0.23,0.22,0.19,0.19,0.18,0.2,0.21,0.0,0.19,0.17,0.0,0.16,0.15,0.2,0.0,0.17,0.0,0.17,0.0,0.17,0.18,0.18,0.16,0.17,0.0,0.16,0.0,0.16,0.0,0.16,0.21,0.18,0.0,0.0,0.15,0.0,0.0,0.15,0.0,0.0,0.16,0.15,0.0,0.0,0.17,0.0,0.0,0.21,0.0,0.16,0.75,0.29,0.31,0.25,0.23,0.22,0.23,0.18,0.17,0.0,0.0,0.15,0.0,0.54,0.0,0.15,93.3
10/21/2021,1.98,2.08,1.82,2.02,1.75,1.91,1.65,1.82,1.66,1.55,1.45,1.37,1.06,1.16,1.04,1.13,0.96,0.99,1.07,0.98,0.95,0.89,0.91,0.8,0.84,0.85,0.91,1.16,0.0,0.63,0.77,0.75,0.81,0.68,0.67,0.61,0.68,0.64,0.66,0.6,0.54,0.59,0.52,0.55,1.06,0.61,0.55,0.46,0.48,0.48,0.48,0.43,0.33,0.39,0.42,0.45,0.41,0.44,0.43,0.32,0.41,0.45,0.64,0.5,0.38,0.4,0.36,0.38,0.49,0.41,0.4,0.61,0.38,0.43,0.38,0.35,0.33,0.33,0.39,0.38,0.38,0.32,0.4,0.38,0.39,0.37,0.33,0.36,0.33,0.0,0.34,0.34,0.31,0.27,0.35,0.33,0.35,0.34,0.35,0.31,0.0,0.35,0.28,0.0,0.34,0.32,0.24,0.31,0.26,0.32,0.3,0.25,0.31,0.31,0.31,0.25,0.33,0.29,0.3,0.26,0.26,0.32,0.3,0.32,0.28,0.25,0.25,0.26,0.29,0.22,0.24,0.29,0.22,0.27,0.22,0.28,0.24,0.0,0.22,0.23,0.28,0.27,0.27,0.25,0.27,0.2,0.23,0.27,0.25,0.23,0.0,0.28,0.0,0.21,0.22,0.0,0.22,0.0,0.21,0.24,0.0,0.22,0.2,0.2,0.2,0.22,0.16,0.0,0.23,0.22,0.2,0.19,0.18,0.19,0.2,0.0,0.19,0.17,0.15,0.16,0.15,0.2,0.0,0.17,0.0,0.17,0.0,0.17,0.18,0.18,0.16,0.17,0.0,0.16,0.0,0.16,0.0,0.16,0.22,0.19,0.0,0.0,0.0,0.15,0.15,0.0,0.0,0.0,0.16,0.0,0.0,0.0,0.17,0.0,0.0,0.22,0.0,0.16,0.76,0.29,0.31,0.25,0.23,0.22,0.23,0.18,0.17,0.0,0.0,0.15,0.0,0.54,0.0,0.15,93.55000000000001
