,AAPL,MSFT,AVGO,INTC,IBM,ORCL,QCOM,TXN,ADI,HPQ,AMAT,CSCO,VZ,BCE.TO,T,T.TO,LUMN,RCI.B.TO,INTU,LRCX,MSI,HPE,STX,KLAC,SJR.B.TO,CTSH,NTAP,NXPI,VOD,MCHP,SWKS,JNPR,NLOK,ROP,CDW,INFY,OTEX.TO,XRX,LDOS,CTXS,DOX,CCOI,LOGN.SW,NATI,SSNC,MPWR,SAP,SAIC,ERIC,US Dollar,TDS,CDK,GILT,YY,CCMP,ATHM,IDI.,SIMO,PBI,CHT,KLIC,CSGS,PHI,PRGS,BRKS,POWI,SSTK,SWCH,SHEN,ADTN,UMC,AMSWA,ABST.TO,ATNI,AUDC,CMTL,EBIX,Silicon Motion Technology Corp ADR,IDCC,Us Dollars,Chunghwa Telecom Co Ltd ADR,PLDT Inc ADR,n/a,TSM,CMCSA,GLW,TEL,APH,MBT,AMX,VIV,UI,KT,AVT,SKM,ORAN,CABO,KBR,DLB,JBL,VSH,MCFE,PTI.,HIMX,BHE,SPNS,MEI,HCKT,SLP,FUO.,KD WI,SUM
07/09/2021,8.93,8.71,7.85,7.69,7.56,4.13,4.11,3.94,2.38,2.36,1.97,1.96,1.95,1.94,1.93,1.93,1.9,1.83,1.77,1.71,1.45,1.39,1.34,1.32,1.21,1.13,1.12,1.1,1.09,0.94,0.89,0.79,0.72,0.59,0.58,0.57,0.55,0.48,0.47,0.44,0.43,0.4,0.37,0.36,0.36,0.27,0.23,0.21,0.21,0.2,0.19,0.17,0.17,0.15,0.12,0.11,0.11,0.11,0.09,0.09,0.09,0.08,0.08,0.08,0.07,0.07,0.07,0.07,0.06,0.05,0.05,0.04,0.03,0.03,0.03,0.03,0.03,0.0,0.0,0.0,0.0,0.0,0.0,0.0,0.0,0.0,0.0,0.0,0.0,0.0,0.0,0.0,0.0,0.0,0.0,0.0,0.0,0.0,0.0,0.0,0.0,0.0,0.0,0.0,0.0,0.0,0.0,0.0,0.0,0.0,0.0,100.03
07/12/2021,9.05,8.65,7.9,7.61,7.65,4.33,4.08,3.89,2.33,2.33,1.93,1.97,1.93,1.95,1.88,1.93,1.9,1.82,1.77,1.67,1.45,1.4,1.36,1.3,1.22,1.13,1.12,1.08,1.08,0.92,0.88,0.8,0.71,0.59,0.58,0.57,0.55,0.48,0.48,0.44,0.44,0.4,0.37,0.36,0.35,0.26,0.24,0.21,0.21,0.21,0.19,0.17,0.17,0.15,0.12,0.12,0.11,0.12,0.1,0.09,0.08,0.08,0.08,0.08,0.06,0.07,0.07,0.06,0.05,0.05,0.05,0.04,0.03,0.03,0.03,0.03,0.03,0.0,0.0,0.0,0.0,0.0,0.0,0.0,0.0,0.0,0.0,0.0,0.0,0.0,0.0,0.0,0.0,0.0,0.0,0.0,0.0,0.0,0.0,0.0,0.0,0.0,0.0,0.0,0.0,0.0,0.0,0.0,0.0,0.0,0.0,100.02
07/13/2021,9.05,8.65,7.9,7.61,7.65,4.33,4.08,3.89,2.33,2.33,1.93,1.97,1.93,1.95,1.88,1.93,1.9,1.82,1.77,1.67,1.45,1.4,1.36,1.3,1.22,1.13,1.12,1.08,1.08,0.92,0.88,0.8,0.71,0.59,0.58,0.57,0.55,0.48,0.48,0.44,0.44,0.4,0.37,0.36,0.35,0.26,0.24,0.21,0.21,0.21,0.19,0.17,0.17,0.15,0.12,0.12,0.11,0.12,0.1,0.09,0.08,0.08,0.08,0.08,0.06,0.07,0.07,0.06,0.05,0.05,0.05,0.04,0.03,0.03,0.03,0.03,0.03,0.0,0.0,0.0,0.0,0.0,0.0,0.0,0.0,0.0,0.0,0.0,0.0,0.0,0.0,0.0,0.0,0.0,0.0,0.0,0.0,0.0,0.0,0.0,0.0,0.0,0.0,0.0,0.0,0.0,0.0,0.0,0.0,0.0,0.0,100.02
07/14/2021,9.06,8.66,7.91,7.62,7.66,4.33,4.09,3.9,2.34,2.33,1.93,1.98,1.93,1.95,1.88,1.94,1.9,1.82,1.77,1.67,1.45,1.4,1.36,1.3,1.22,1.13,1.12,1.08,1.08,0.92,0.88,0.8,0.71,0.59,0.58,0.57,0.55,0.49,0.48,0.44,0.44,0.4,0.37,0.36,0.35,0.26,0.24,0.21,0.21,0.0,0.19,0.17,0.17,0.15,0.12,0.12,0.0,0.0,0.1,0.09,0.08,0.08,0.08,0.08,0.06,0.07,0.07,0.06,0.05,0.05,0.05,0.04,0.03,0.03,0.03,0.03,0.03,0.12,0.11,0.09,0.0,0.0,0.0,0.0,0.0,0.0,0.0,0.0,0.0,0.0,0.0,0.0,0.0,0.0,0.0,0.0,0.0,0.0,0.0,0.0,0.0,0.0,0.0,0.0,0.0,0.0,0.0,0.0,0.0,0.0,0.0,100.01
07/15/2021,9.01,8.63,7.99,7.71,7.61,4.29,4.11,3.93,2.35,2.26,1.96,1.95,1.93,1.95,1.88,1.93,1.89,1.81,1.77,1.7,1.44,1.39,1.38,1.32,1.23,1.13,1.11,1.1,1.09,0.93,0.88,0.79,0.7,0.6,0.57,0.56,0.55,0.48,0.48,0.43,0.44,0.41,0.37,0.35,0.35,0.27,0.24,0.21,0.21,0.0,0.19,0.17,0.16,0.14,0.12,0.11,0.0,0.12,0.09,0.0,0.08,0.08,0.08,0.08,0.06,0.07,0.07,0.06,0.05,0.05,0.05,0.04,0.03,0.03,0.03,0.03,0.03,0.0,0.11,0.09,0.09,0.0,0.0,0.0,0.0,0.0,0.0,0.0,0.0,0.0,0.0,0.0,0.0,0.0,0.0,0.0,0.0,0.0,0.0,0.0,0.0,0.0,0.0,0.0,0.0,0.0,0.0,0.0,0.0,0.0,0.0,99.98
07/16/2021,9.1,8.76,7.98,7.75,7.6,4.3,4.09,3.92,2.35,2.19,1.95,1.96,1.93,1.95,1.87,1.94,1.87,1.82,1.78,1.7,1.44,1.33,1.37,1.32,1.21,1.12,1.09,1.1,1.08,0.92,0.88,0.79,0.7,0.6,0.57,0.56,0.54,0.47,0.48,0.43,0.43,0.41,0.36,0.35,0.35,0.27,0.24,0.21,0.22,0.0,0.19,0.17,0.16,0.15,0.12,0.12,0.0,0.0,0.09,0.09,0.08,0.08,0.08,0.08,0.06,0.07,0.07,0.06,0.05,0.05,0.05,0.04,0.03,0.03,0.03,0.03,0.03,0.12,0.11,0.09,0.0,0.0,0.0,0.0,0.0,0.0,0.0,0.0,0.0,0.0,0.0,0.0,0.0,0.0,0.0,0.0,0.0,0.0,0.0,0.0,0.0,0.0,0.0,0.0,0.0,0.0,0.0,0.0,0.0,0.0,0.0,99.98
07/19/2021,9.34,8.82,7.92,7.66,7.66,4.29,4.12,3.89,2.32,2.2,1.92,1.99,1.96,1.95,1.89,1.93,1.87,1.81,1.78,1.68,1.45,1.36,1.35,1.29,1.21,1.13,1.08,1.06,1.06,0.89,0.89,0.82,0.67,0.61,0.57,0.57,0.55,0.47,0.49,0.44,0.44,0.41,0.35,0.35,0.36,0.26,0.24,0.21,0.22,0.0,0.18,0.17,0.15,0.15,0.12,0.12,0.0,0.12,0.09,0.0,0.08,0.08,0.08,0.08,0.06,0.07,0.07,0.06,0.05,0.05,0.05,0.03,0.03,0.03,0.03,0.03,0.03,0.0,0.1,0.05,0.09,0.0,0.0,0.0,0.0,0.0,0.0,0.0,0.0,0.0,0.0,0.0,0.0,0.0,0.0,0.0,0.0,0.0,0.0,0.0,0.0,0.0,0.0,0.0,0.0,0.0,0.0,0.0,0.0,0.0,0.0,100.05
07/20/2021,9.3,8.91,7.85,7.62,7.65,4.4,4.11,3.88,2.29,2.17,1.87,2.01,1.98,1.97,1.91,1.94,1.82,1.85,1.8,1.63,1.45,1.36,1.33,1.26,1.23,1.13,1.07,1.05,1.08,0.87,0.89,0.81,0.68,0.61,0.58,0.57,0.55,0.46,0.5,0.45,0.44,0.41,0.35,0.35,0.36,0.27,0.24,0.21,0.2,0.0,0.19,0.17,0.15,0.15,0.12,0.12,0.0,0.11,0.09,0.0,0.08,0.08,0.08,0.07,0.06,0.07,0.07,0.06,0.05,0.05,0.05,0.04,0.03,0.03,0.03,0.03,0.02,0.0,0.1,0.08,0.09,0.0,0.0,0.0,0.0,0.0,0.0,0.0,0.0,0.0,0.0,0.0,0.0,0.0,0.0,0.0,0.0,0.0,0.0,0.0,0.0,0.0,0.0,0.0,0.0,0.0,0.0,0.0,0.0,0.0,0.0,99.99
07/21/2021,9.3,8.91,7.85,7.62,7.65,4.4,4.11,3.88,2.29,2.17,1.87,2.01,1.98,1.97,1.91,1.94,1.82,1.85,1.8,1.63,1.45,1.36,1.33,1.26,1.23,1.13,1.07,1.05,1.08,0.87,0.89,0.81,0.68,0.61,0.58,0.57,0.55,0.46,0.5,0.45,0.44,0.41,0.35,0.35,0.36,0.27,0.24,0.21,0.2,0.0,0.19,0.17,0.15,0.15,0.12,0.12,0.0,0.11,0.09,0.0,0.08,0.08,0.0,0.07,0.06,0.07,0.07,0.06,0.05,0.05,0.05,0.04,0.03,0.03,0.03,0.03,0.02,0.0,0.1,0.08,0.09,0.08,0.0,0.0,0.0,0.0,0.0,0.0,0.0,0.0,0.0,0.0,0.0,0.0,0.0,0.0,0.0,0.0,0.0,0.0,0.0,0.0,0.0,0.0,0.0,0.0,0.0,0.0,0.0,0.0,0.0,99.99
07/22/2021,9.3,8.91,7.85,7.62,7.65,4.4,4.11,3.88,2.29,2.17,1.87,2.01,1.98,1.97,1.91,1.94,1.82,1.85,1.8,1.63,1.45,1.36,1.33,1.26,1.23,1.13,1.07,1.05,1.08,0.87,0.89,0.81,0.68,0.61,0.58,0.57,0.55,0.46,0.5,0.45,0.44,0.41,0.35,0.35,0.36,0.27,0.24,0.21,0.2,0.0,0.19,0.17,0.15,0.15,0.12,0.12,0.0,0.11,0.09,0.0,0.08,0.08,0.08,0.07,0.06,0.07,0.07,0.06,0.05,0.05,0.05,0.04,0.03,0.03,0.03,0.03,0.02,0.0,0.1,0.08,0.09,0.0,0.0,0.0,0.0,0.0,0.0,0.0,0.0,0.0,0.0,0.0,0.0,0.0,0.0,0.0,0.0,0.0,0.0,0.0,0.0,0.0,0.0,0.0,0.0,0.0,0.0,0.0,0.0,0.0,0.0,99.99
07/23/2021,9.26,8.84,7.84,7.64,7.69,4.45,4.1,3.91,2.29,2.22,1.92,2.0,1.94,1.94,1.87,1.92,1.83,1.82,1.82,1.68,1.44,1.36,1.35,1.3,1.22,1.12,1.08,1.06,1.03,0.89,0.89,0.8,0.68,0.62,0.58,0.57,0.55,0.46,0.49,0.44,0.44,0.41,0.35,0.35,0.36,0.27,0.23,0.21,0.19,0.0,0.19,0.17,0.15,0.14,0.12,0.11,0.0,0.11,0.09,0.0,0.08,0.08,0.08,0.08,0.06,0.07,0.07,0.07,0.05,0.05,0.05,0.04,0.03,0.03,0.03,0.03,0.03,0.0,0.1,0.09,0.09,0.0,0.0,0.0,0.0,0.0,0.0,0.0,0.0,0.0,0.0,0.0,0.0,0.0,0.0,0.0,0.0,0.0,0.0,0.0,0.0,0.0,0.0,0.0,0.0,0.0,0.0,0.0,0.0,0.0,0.0,100.01000000000002
07/26/2021,9.22,8.97,7.89,7.66,7.66,4.51,4.14,3.79,2.29,2.17,1.98,2.02,1.94,1.93,1.86,1.9,1.78,1.76,1.85,1.74,1.43,1.36,1.3,1.33,1.22,1.12,1.05,1.06,1.06,0.89,0.89,0.79,0.67,0.61,0.58,0.57,0.55,0.47,0.49,0.43,0.43,0.4,0.36,0.35,0.36,0.28,0.22,0.21,0.19,0.0,0.19,0.17,0.16,0.14,0.12,0.1,0.0,0.11,0.09,0.0,0.08,0.08,0.08,0.08,0.06,0.07,0.07,0.06,0.05,0.05,0.05,0.03,0.03,0.03,0.03,0.03,0.03,0.0,0.1,0.09,0.09,0.0,0.0,0.0,0.0,0.0,0.0,0.0,0.0,0.0,0.0,0.0,0.0,0.0,0.0,0.0,0.0,0.0,0.0,0.0,0.0,0.0,0.0,0.0,0.0,0.0,0.0,0.0,0.0,0.0,0.0,100.0
07/27/2021,9.3,9.05,7.98,7.24,7.67,4.34,4.2,3.84,2.3,2.19,1.99,2.04,1.93,1.93,1.86,1.9,1.78,1.75,1.86,1.75,1.44,1.36,1.33,1.36,1.22,1.13,1.06,1.07,1.07,0.89,0.89,0.8,0.67,0.62,0.59,0.58,0.55,0.47,0.49,0.43,0.43,0.4,0.35,0.35,0.36,0.29,0.22,0.21,0.19,0.0,0.19,0.17,0.16,0.13,0.12,0.1,0.0,0.11,0.09,0.0,0.08,0.08,0.08,0.08,0.06,0.07,0.08,0.06,0.05,0.06,0.05,0.03,0.03,0.03,0.03,0.03,0.02,0.0,0.1,0.09,0.09,0.0,0.0,0.0,0.0,0.0,0.0,0.0,0.0,0.0,0.0,0.0,0.0,0.0,0.0,0.0,0.0,0.0,0.0,0.0,0.0,0.0,0.0,0.0,0.0,0.0,0.0,0.0,0.0,0.0,0.0,99.99
07/28/2021,9.3,9.05,7.98,7.24,7.67,4.34,4.2,3.84,2.3,2.19,1.99,2.04,1.93,1.93,1.86,1.9,1.78,1.75,1.86,1.75,1.44,1.36,1.33,1.36,1.22,1.13,1.06,1.07,1.07,0.89,0.89,0.8,0.67,0.62,0.59,0.58,0.55,0.47,0.49,0.43,0.43,0.4,0.35,0.35,0.36,0.29,0.22,0.21,0.19,0.0,0.19,0.17,0.16,0.13,0.12,0.1,0.0,0.0,0.09,0.09,0.08,0.08,0.08,0.08,0.06,0.07,0.08,0.06,0.05,0.06,0.05,0.03,0.03,0.03,0.03,0.03,0.02,0.11,0.1,0.09,0.0,0.0,0.0,0.0,0.0,0.0,0.0,0.0,0.0,0.0,0.0,0.0,0.0,0.0,0.0,0.0,0.0,0.0,0.0,0.0,0.0,0.0,0.0,0.0,0.0,0.0,0.0,0.0,0.0,0.0,0.0,99.99
07/29/2021,9.29,8.99,7.93,7.39,7.72,4.33,4.14,3.85,2.3,2.21,1.98,2.04,1.92,1.93,1.86,1.89,1.81,1.74,1.86,1.74,1.44,1.39,1.34,1.34,1.22,1.13,1.07,1.07,1.07,0.89,0.89,0.8,0.66,0.6,0.59,0.58,0.55,0.47,0.49,0.43,0.43,0.4,0.35,0.35,0.36,0.28,0.22,0.21,0.19,0.0,0.19,0.17,0.16,0.13,0.12,0.09,0.0,0.0,0.09,0.09,0.08,0.08,0.08,0.08,0.06,0.07,0.08,0.06,0.05,0.06,0.05,0.03,0.03,0.03,0.03,0.03,0.03,0.11,0.1,0.1,0.0,0.0,0.0,0.0,0.0,0.0,0.0,0.0,0.0,0.0,0.0,0.0,0.0,0.0,0.0,0.0,0.0,0.0,0.0,0.0,0.0,0.0,0.0,0.0,0.0,0.0,0.0,0.0,0.0,0.0,0.0,100.01
07/30/2021,9.24,9.01,7.9,7.31,7.79,4.37,4.11,3.83,2.3,2.22,1.95,2.05,1.95,1.95,1.88,1.92,1.81,1.76,1.86,1.71,1.45,1.39,1.33,1.32,1.22,1.14,1.07,1.06,1.08,0.88,0.88,0.81,0.66,0.62,0.59,0.59,0.56,0.5,0.5,0.44,0.43,0.4,0.32,0.35,0.36,0.28,0.23,0.21,0.19,0.0,0.19,0.17,0.16,0.13,0.11,0.09,0.0,0.11,0.09,0.0,0.08,0.08,0.08,0.08,0.06,0.07,0.07,0.06,0.05,0.06,0.05,0.04,0.03,0.03,0.03,0.03,0.02,0.0,0.1,0.1,0.09,0.0,0.0,0.0,0.0,0.0,0.0,0.0,0.0,0.0,0.0,0.0,0.0,0.0,0.0,0.0,0.0,0.0,0.0,0.0,0.0,0.0,0.0,0.0,0.0,0.0,0.0,0.0,0.0,0.0,0.0,100.04
08/02/2021,9.08,8.92,7.97,7.31,7.67,4.32,4.36,3.89,2.34,2.23,1.97,2.02,1.93,1.94,1.87,1.9,1.76,1.73,1.85,1.69,1.45,1.4,1.35,1.35,1.22,1.2,1.07,1.1,1.07,0.9,0.91,0.79,0.63,0.61,0.59,0.59,0.56,0.49,0.49,0.37,0.43,0.4,0.32,0.35,0.38,0.3,0.23,0.21,0.19,0.0,0.19,0.17,0.17,0.13,0.12,0.09,0.0,0.12,0.09,0.0,0.08,0.08,0.08,0.07,0.06,0.07,0.08,0.06,0.05,0.06,0.05,0.04,0.03,0.03,0.03,0.03,0.03,0.0,0.1,0.12,0.09,0.0,0.0,0.0,0.0,0.0,0.0,0.0,0.0,0.0,0.0,0.0,0.0,0.0,0.0,0.0,0.0,0.0,0.0,0.0,0.0,0.0,0.0,0.0,0.0,0.0,0.0,0.0,0.0,0.0,0.0,100.02
08/03/2021,9.07,8.84,7.96,7.29,7.6,4.29,4.31,3.89,2.34,2.23,2.0,2.03,1.91,1.94,1.85,1.91,1.75,1.73,1.86,1.73,1.44,1.39,1.36,1.46,1.22,1.19,1.08,1.11,1.05,0.91,0.85,0.81,0.64,0.6,0.59,0.59,0.55,0.48,0.49,0.38,0.43,0.4,0.32,0.37,0.38,0.31,0.23,0.2,0.19,0.25,0.18,0.16,0.17,0.13,0.12,0.08,0.1,0.14,0.08,0.09,0.08,0.08,0.07,0.07,0.06,0.08,0.08,0.06,0.05,0.06,0.05,0.04,0.03,0.03,0.03,0.03,0.03,0.0,0.0,0.0,0.0,0.0,0.0,0.0,0.0,0.0,0.0,0.0,0.0,0.0,0.0,0.0,0.0,0.0,0.0,0.0,0.0,0.0,0.0,0.0,0.0,0.0,0.0,0.0,0.0,0.0,0.0,0.0,0.0,0.0,0.0,99.98000000000002
08/04/2021,9.07,8.84,7.96,7.29,7.6,4.29,4.31,3.89,2.34,2.23,2.0,2.03,1.91,1.94,1.85,1.91,1.75,1.73,1.86,1.73,1.44,1.39,1.36,1.46,1.22,1.19,1.08,1.11,1.05,0.91,0.85,0.81,0.64,0.6,0.59,0.59,0.55,0.48,0.49,0.38,0.43,0.4,0.32,0.37,0.38,0.31,0.23,0.2,0.19,0.25,0.18,0.16,0.17,0.13,0.12,0.08,0.1,0.14,0.08,0.09,0.08,0.08,0.07,0.07,0.06,0.08,0.08,0.06,0.05,0.06,0.05,0.04,0.03,0.03,0.03,0.03,0.03,0.0,0.0,0.0,0.0,0.0,0.0,0.0,0.0,0.0,0.0,0.0,0.0,0.0,0.0,0.0,0.0,0.0,0.0,0.0,0.0,0.0,0.0,0.0,0.0,0.0,0.0,0.0,0.0,0.0,0.0,0.0,0.0,0.0,0.0,99.98000000000002
08/05/2021,9.05,8.84,7.95,7.28,7.62,4.31,4.29,3.89,2.35,2.25,2.02,2.03,1.91,1.94,1.85,1.89,1.75,1.73,1.85,1.74,1.44,1.39,1.37,1.45,1.21,1.2,1.08,1.13,1.06,0.92,0.86,0.81,0.63,0.6,0.59,0.59,0.55,0.48,0.49,0.39,0.42,0.4,0.32,0.37,0.37,0.31,0.23,0.2,0.19,0.21,0.17,0.16,0.17,0.13,0.12,0.09,0.1,0.14,0.08,0.09,0.08,0.08,0.07,0.07,0.06,0.08,0.08,0.06,0.05,0.06,0.05,0.04,0.03,0.03,0.03,0.03,0.03,0.0,0.0,0.0,0.0,0.0,0.0,0.0,0.0,0.0,0.0,0.0,0.0,0.0,0.0,0.0,0.0,0.0,0.0,0.0,0.0,0.0,0.0,0.0,0.0,0.0,0.0,0.0,0.0,0.0,0.0,0.0,0.0,0.0,0.0,99.98000000000002
08/06/2021,9.09,8.84,7.92,7.28,7.71,4.38,4.23,3.83,2.34,2.26,2.01,2.04,1.9,1.93,1.84,1.91,1.77,1.72,1.84,1.74,1.44,1.41,1.39,1.45,1.21,1.21,1.1,1.13,1.07,0.93,0.86,0.83,0.62,0.6,0.6,0.61,0.55,0.48,0.43,0.38,0.42,0.4,0.32,0.36,0.36,0.31,0.23,0.19,0.19,0.0,0.17,0.16,0.16,0.12,0.12,0.08,0.0,0.14,0.08,0.0,0.08,0.08,0.07,0.08,0.06,0.08,0.07,0.06,0.03,0.06,0.05,0.04,0.03,0.03,0.03,0.03,0.03,0.0,0.11,0.19,0.09,0.0,0.0,0.0,0.0,0.0,0.0,0.0,0.0,0.0,0.0,0.0,0.0,0.0,0.0,0.0,0.0,0.0,0.0,0.0,0.0,0.0,0.0,0.0,0.0,0.0,0.0,0.0,0.0,0.0,0.0,99.99
08/26/2021,8.6,8.49,7.9,7.69,7.98,3.87,4.16,3.96,2.43,2.36,2.05,1.96,1.94,1.94,1.91,1.95,1.92,1.82,1.74,1.78,1.41,1.41,1.37,1.38,1.22,1.14,1.12,1.12,1.12,0.96,0.89,0.79,0.71,0.58,0.57,0.57,0.55,0.48,0.47,0.44,0.43,0.41,0.36,0.35,0.35,0.26,0.23,0.21,0.21,0.0,0.19,0.17,0.16,0.16,0.13,0.12,0.0,0.12,0.09,0.09,0.09,0.08,0.08,0.08,0.07,0.07,0.07,0.07,0.05,0.05,0.05,0.04,0.03,0.03,0.03,0.03,0.03,0.0,0.11,0.0,0.0,0.0,0.0,0.0,0.0,0.0,0.0,0.0,0.0,0.0,0.0,0.0,0.0,0.0,0.0,0.0,0.0,0.0,0.0,0.0,0.0,0.0,0.0,0.0,0.0,0.0,0.0,0.0,0.0,0.0,0.0,99.85
09/03/2021,9.26,9.19,8.0,7.19,7.42,4.3,4.14,3.82,2.24,2.25,1.89,2.12,1.85,1.99,1.77,1.94,1.69,1.69,1.95,1.61,1.54,1.45,1.33,1.4,1.2,1.22,1.18,1.14,1.08,0.98,0.83,0.82,0.67,0.58,0.64,0.62,0.57,0.44,0.44,0.38,0.42,0.37,0.29,0.34,0.36,0.33,0.23,0.19,0.19,0.0,0.16,0.14,0.15,0.15,0.11,0.08,0.0,0.13,0.08,0.09,0.1,0.08,0.09,0.08,0.06,0.09,0.08,0.07,0.03,0.05,0.06,0.04,0.03,0.03,0.03,0.03,0.02,0.0,0.11,0.0,0.0,0.0,0.29,0.0,0.0,0.0,0.0,0.0,0.0,0.0,0.0,0.0,0.0,0.0,0.0,0.0,0.0,0.0,0.0,0.0,0.0,0.0,0.0,0.0,0.0,0.0,0.0,0.0,0.0,0.0,0.0,100.0
09/07/2021,9.4,9.16,8.0,7.11,7.37,4.34,4.08,3.8,2.23,2.26,1.9,2.13,1.86,2.0,1.78,1.96,1.66,1.68,1.94,1.62,1.55,1.45,1.37,1.41,1.22,1.22,1.21,1.13,1.07,0.98,0.83,0.82,0.69,0.59,0.64,0.63,0.57,0.44,0.44,0.38,0.42,0.38,0.29,0.34,0.35,0.34,0.23,0.2,0.19,0.0,0.17,0.14,0.15,0.15,0.11,0.08,0.0,0.13,0.07,0.09,0.11,0.08,0.09,0.08,0.06,0.09,0.08,0.08,0.03,0.05,0.06,0.04,0.03,0.03,0.03,0.03,0.02,0.0,0.11,0.0,0.0,0.0,0.11,0.0,0.0,0.0,0.0,0.0,0.0,0.0,0.0,0.0,0.0,0.0,0.0,0.0,0.0,0.0,0.0,0.0,0.0,0.0,0.0,0.0,0.0,0.0,0.0,0.0,0.0,0.0,0.0,99.96
09/08/2021,9.4,9.16,8.0,7.11,7.37,4.34,4.08,3.8,2.23,2.26,1.9,2.13,1.86,2.0,1.78,1.96,1.66,1.68,1.94,1.62,1.55,1.45,1.37,1.41,1.22,1.22,1.21,1.13,1.07,0.98,0.83,0.82,0.69,0.59,0.64,0.63,0.57,0.44,0.44,0.38,0.42,0.38,0.29,0.34,0.35,0.34,0.23,0.2,0.19,0.0,0.17,0.14,0.15,0.15,0.11,0.08,0.0,0.13,0.07,0.09,0.11,0.08,0.09,0.08,0.06,0.09,0.08,0.08,0.03,0.05,0.06,0.04,0.03,0.03,0.03,0.03,0.02,0.0,0.11,0.0,0.0,0.0,0.11,0.0,0.0,0.0,0.0,0.0,0.0,0.0,0.0,0.0,0.0,0.0,0.0,0.0,0.0,0.0,0.0,0.0,0.0,0.0,0.0,0.0,0.0,0.0,0.0,0.0,0.0,0.0,0.0,99.96
09/09/2021,9.4,9.16,8.0,7.11,7.37,4.34,4.08,3.8,2.23,2.26,1.9,2.13,1.86,2.0,1.78,1.96,1.66,1.68,1.94,1.62,1.55,1.45,1.37,1.41,1.22,1.22,1.21,1.13,1.07,0.98,0.83,0.82,0.69,0.59,0.64,0.63,0.57,0.44,0.44,0.38,0.42,0.38,0.29,0.34,0.35,0.34,0.23,0.2,0.19,0.0,0.17,0.14,0.15,0.15,0.11,0.08,0.0,0.13,0.07,0.09,0.11,0.08,0.09,0.08,0.06,0.09,0.08,0.08,0.03,0.05,0.06,0.04,0.03,0.03,0.03,0.03,0.02,0.0,0.11,0.0,0.0,0.0,0.11,0.0,0.0,0.0,0.0,0.0,0.0,0.0,0.0,0.0,0.0,0.0,0.0,0.0,0.0,0.0,0.0,0.0,0.0,0.0,0.0,0.0,0.0,0.0,0.0,0.0,0.0,0.0,0.0,99.96
09/10/2021,9.6,9.18,8.03,7.17,7.33,4.3,4.08,3.81,2.25,2.18,1.92,2.12,1.85,2.0,1.78,1.97,1.65,1.66,1.94,1.59,1.56,1.42,1.34,1.42,1.2,1.22,1.2,1.13,1.08,0.98,0.82,0.8,0.69,0.58,0.64,0.62,0.57,0.43,0.44,0.38,0.42,0.39,0.3,0.34,0.35,0.34,0.24,0.2,0.19,0.0,0.16,0.14,0.15,0.16,0.11,0.09,0.0,0.14,0.07,0.09,0.11,0.08,0.09,0.07,0.06,0.09,0.08,0.08,0.03,0.05,0.06,0.04,0.03,0.03,0.03,0.03,0.02,0.0,0.11,0.0,0.0,0.0,0.11,0.0,0.0,0.0,0.0,0.0,0.0,0.0,0.0,0.0,0.0,0.0,0.0,0.0,0.0,0.0,0.0,0.0,0.0,0.0,0.0,0.0,0.0,0.0,0.0,0.0,0.0,0.0,0.0,100.01
09/13/2021,9.48,9.13,8.01,7.17,7.35,4.36,4.04,3.81,2.34,2.16,1.91,2.12,1.85,2.03,1.79,1.98,1.71,1.64,1.97,1.6,1.56,1.39,1.34,1.45,1.19,1.23,1.23,1.12,1.06,0.98,0.81,0.8,0.7,0.58,0.64,0.61,0.57,0.42,0.45,0.4,0.42,0.38,0.29,0.35,0.35,0.33,0.23,0.2,0.19,0.0,0.16,0.14,0.15,0.16,0.11,0.08,0.0,0.14,0.07,0.09,0.11,0.08,0.09,0.07,0.06,0.09,0.08,0.08,0.03,0.05,0.06,0.04,0.02,0.03,0.03,0.03,0.02,0.0,0.11,0.0,0.0,0.0,0.09,0.0,0.0,0.0,0.0,0.0,0.0,0.0,0.0,0.0,0.0,0.0,0.0,0.0,0.0,0.0,0.0,0.0,0.0,0.0,0.0,0.0,0.0,0.0,0.0,0.0,0.0,0.0,0.0,99.99
09/14/2021,9.21,9.13,8.13,7.26,7.35,4.39,4.09,3.87,2.37,2.15,1.94,2.11,1.85,2.03,1.78,1.97,1.67,1.61,1.98,1.61,1.56,1.36,1.29,1.47,1.2,1.23,1.24,1.14,1.05,1.0,0.81,0.8,0.7,0.58,0.64,0.61,0.57,0.41,0.44,0.4,0.43,0.37,0.29,0.35,0.34,0.34,0.23,0.2,0.19,0.0,0.16,0.14,0.15,0.15,0.11,0.08,0.0,0.14,0.07,0.09,0.11,0.08,0.09,0.07,0.07,0.09,0.08,0.08,0.03,0.05,0.06,0.04,0.02,0.03,0.03,0.03,0.02,0.0,0.11,0.0,0.0,0.0,0.09,0.0,0.0,0.0,0.0,0.0,0.0,0.0,0.0,0.0,0.0,0.0,0.0,0.0,0.0,0.0,0.0,0.0,0.0,0.0,0.0,0.0,0.0,0.0,0.0,0.0,0.0,0.0,0.0,100.01
09/15/2021,9.21,9.13,8.13,7.26,7.35,4.39,4.09,3.87,2.37,2.15,1.94,2.11,1.85,2.03,1.78,1.97,1.67,1.61,1.98,1.61,1.56,1.36,1.29,1.47,1.2,1.23,1.24,1.14,1.05,1.0,0.81,0.8,0.7,0.58,0.64,0.61,0.57,0.41,0.44,0.4,0.43,0.37,0.29,0.35,0.34,0.34,0.23,0.2,0.19,0.0,0.16,0.14,0.15,0.15,0.11,0.08,0.0,0.14,0.07,0.09,0.11,0.08,0.09,0.07,0.07,0.09,0.08,0.08,0.03,0.05,0.06,0.04,0.02,0.03,0.03,0.03,0.02,0.0,0.11,0.0,0.0,0.0,0.09,0.0,0.0,0.0,0.0,0.0,0.0,0.0,0.0,0.0,0.0,0.0,0.0,0.0,0.0,0.0,0.0,0.0,0.0,0.0,0.0,0.0,0.0,0.0,0.0,0.0,0.0,0.0,0.0,100.01
09/16/2021,9.17,9.09,8.08,7.36,7.35,4.32,4.07,3.91,2.39,2.16,1.96,2.1,1.85,2.02,1.79,1.96,1.74,1.6,1.93,1.63,1.54,1.35,1.28,1.48,1.19,1.22,1.22,1.14,1.05,1.01,0.82,0.8,0.67,0.57,0.63,0.6,0.55,0.41,0.44,0.4,0.42,0.37,0.29,0.35,0.34,0.33,0.23,0.2,0.19,0.0,0.16,0.14,0.15,0.15,0.11,0.08,0.0,0.13,0.07,0.09,0.11,0.08,0.09,0.07,0.06,0.09,0.08,0.08,0.03,0.05,0.06,0.04,0.02,0.03,0.03,0.03,0.02,0.0,0.11,0.0,0.0,0.0,0.23,0.0,0.0,0.0,0.0,0.0,0.0,0.0,0.0,0.0,0.0,0.0,0.0,0.0,0.0,0.0,0.0,0.0,0.0,0.0,0.0,0.0,0.0,0.0,0.0,0.0,0.0,0.0,0.0,99.96
09/17/2021,9.15,9.24,8.18,7.35,7.29,4.22,4.04,3.96,2.41,2.12,1.98,2.1,1.85,1.99,1.79,1.95,1.74,1.59,1.98,1.63,1.54,1.31,1.27,1.49,1.19,1.22,1.24,1.13,1.04,1.02,0.82,0.8,0.67,0.57,0.62,0.61,0.56,0.41,0.43,0.41,0.42,0.38,0.29,0.35,0.34,0.34,0.23,0.2,0.19,0.0,0.16,0.14,0.15,0.15,0.1,0.08,0.0,0.14,0.07,0.09,0.11,0.08,0.09,0.07,0.07,0.09,0.08,0.08,0.03,0.05,0.06,0.04,0.02,0.03,0.03,0.03,0.02,0.0,0.11,0.0,0.0,0.0,0.23,0.0,0.0,0.0,0.0,0.0,0.0,0.0,0.0,0.0,0.0,0.0,0.0,0.0,0.0,0.0,0.0,0.0,0.0,0.0,0.0,0.0,0.0,0.0,0.0,0.0,0.0,0.0,0.0,100.04999999999998
09/20/2021,9.13,9.35,8.21,7.34,7.26,4.24,3.93,3.96,2.39,2.14,2.03,2.07,1.84,1.97,1.79,1.92,1.76,1.58,1.98,1.65,1.54,1.29,1.29,1.54,1.17,1.23,1.24,1.13,1.03,1.03,0.81,0.8,0.66,0.58,0.62,0.61,0.55,0.42,0.42,0.41,0.42,0.37,0.28,0.34,0.34,0.34,0.23,0.19,0.19,0.0,0.16,0.14,0.14,0.13,0.11,0.08,0.0,0.14,0.07,0.09,0.1,0.08,0.09,0.07,0.07,0.09,0.08,0.08,0.03,0.05,0.06,0.04,0.02,0.03,0.03,0.03,0.02,0.0,0.1,0.0,0.0,0.0,0.23,0.0,0.0,0.0,0.0,0.0,0.0,0.0,0.0,0.0,0.0,0.0,0.0,0.0,0.0,0.0,0.0,0.0,0.0,0.0,0.0,0.0,0.0,0.0,0.0,0.0,0.0,0.0,0.0,99.97
09/21/2021,9.06,9.29,8.28,7.35,7.28,4.24,3.84,4.0,2.4,2.14,2.0,2.08,1.86,1.97,1.81,1.93,1.81,1.59,1.97,1.65,1.53,1.3,1.29,1.55,1.18,1.22,1.22,1.13,1.03,1.03,0.81,0.8,0.66,0.57,0.62,0.61,0.55,0.42,0.42,0.42,0.43,0.38,0.28,0.35,0.34,0.34,0.23,0.2,0.18,0.0,0.16,0.14,0.15,0.13,0.11,0.08,0.0,0.13,0.07,0.09,0.1,0.08,0.09,0.08,0.07,0.09,0.08,0.08,0.03,0.05,0.06,0.04,0.02,0.03,0.03,0.03,0.02,0.0,0.11,0.0,0.0,0.0,0.25,0.0,0.0,0.0,0.0,0.0,0.0,0.0,0.0,0.0,0.0,0.0,0.0,0.0,0.0,0.0,0.0,0.0,0.0,0.0,0.0,0.0,0.0,0.0,0.0,0.0,0.0,0.0,0.0,100.04
09/22/2021,9.06,9.29,8.28,7.35,7.28,4.24,3.84,4.0,2.4,2.14,2.0,2.08,1.86,1.97,1.81,1.93,1.81,1.59,1.97,1.65,1.53,1.3,1.29,1.55,1.18,1.22,1.22,1.13,1.03,1.03,0.81,0.8,0.66,0.57,0.62,0.61,0.55,0.42,0.42,0.42,0.43,0.38,0.28,0.35,0.34,0.34,0.23,0.2,0.18,0.0,0.16,0.14,0.15,0.13,0.11,0.08,0.0,0.13,0.07,0.09,0.1,0.08,0.09,0.08,0.07,0.09,0.08,0.08,0.03,0.05,0.06,0.04,0.02,0.03,0.03,0.03,0.02,0.0,0.11,0.0,0.0,0.0,0.25,0.0,0.0,0.0,0.0,0.0,0.0,0.0,0.0,0.0,0.0,0.0,0.0,0.0,0.0,0.0,0.0,0.0,0.0,0.0,0.0,0.0,0.0,0.0,0.0,0.0,0.0,0.0,0.0,100.04
09/23/2021,7.76,8.04,8.2,8.08,7.89,3.98,3.73,4.16,2.85,1.62,1.59,1.95,2.03,1.99,2.05,1.99,2.13,1.12,0.0,1.4,0.89,1.05,1.11,1.12,0.0,0.93,0.85,0.91,0.76,0.82,0.6,0.49,0.54,0.0,0.4,0.5,0.38,0.32,0.35,0.37,0.34,0.28,0.27,0.27,0.27,0.0,0.22,0.17,0.14,0.0,0.14,0.14,0.1,0.17,0.1,0.11,0.0,0.09,0.0,0.0,0.06,0.06,0.0,0.06,0.0,0.0,0.06,0.06,0.03,0.03,0.08,0.03,0.02,0.02,0.02,0.02,0.02,0.0,0.08,0.0,0.0,0.0,0.41,3.52,1.92,1.45,1.15,0.63,0.57,0.2,0.18,0.18,0.16,0.15,0.13,0.12,0.11,0.11,0.1,0.09,0.09,0.08,0.08,0.05,0.04,0.04,0.03,0.02,0.01,0.0,0.0,100.02999999999996
09/24/2021,7.8,8.07,8.16,8.08,7.83,4.03,3.71,4.17,2.87,1.6,1.58,1.93,2.03,2.01,2.03,2.01,2.12,1.14,0.0,1.39,0.9,1.03,1.09,1.12,0.0,0.92,0.84,0.93,0.76,0.82,0.6,0.49,0.53,0.0,0.4,0.51,0.38,0.31,0.35,0.37,0.33,0.28,0.27,0.27,0.27,0.0,0.22,0.16,0.14,0.0,0.14,0.14,0.1,0.17,0.1,0.11,0.0,0.09,0.0,0.0,0.06,0.06,0.0,0.06,0.0,0.0,0.06,0.06,0.03,0.03,0.08,0.03,0.02,0.02,0.02,0.02,0.02,0.0,0.08,0.0,0.0,0.0,0.48,3.54,1.91,1.43,1.14,0.63,0.58,0.2,0.18,0.18,0.16,0.15,0.13,0.12,0.11,0.11,0.1,0.09,0.09,0.08,0.08,0.05,0.04,0.04,0.03,0.02,0.01,0.0,0.0,100.02999999999996
09/27/2021,7.82,8.03,8.21,8.09,7.88,4.06,3.69,4.21,2.92,1.63,1.62,1.94,2.0,1.99,2.01,1.99,2.09,1.12,0.0,1.43,0.9,1.04,1.11,1.15,0.0,0.93,0.87,0.95,0.75,0.85,0.6,0.49,0.54,0.0,0.4,0.51,0.38,0.31,0.35,0.37,0.33,0.28,0.27,0.27,0.27,0.0,0.22,0.16,0.14,0.0,0.14,0.14,0.1,0.17,0.1,0.11,0.0,0.09,0.0,0.0,0.06,0.06,0.0,0.06,0.0,0.0,0.05,0.06,0.03,0.03,0.08,0.03,0.02,0.02,0.02,0.02,0.02,0.0,0.08,0.0,0.0,0.0,0.18,3.5,1.87,1.42,1.16,0.64,0.57,0.2,0.18,0.18,0.16,0.15,0.13,0.11,0.11,0.11,0.1,0.09,0.09,0.08,0.08,0.05,0.04,0.04,0.03,0.02,0.01,0.0,0.0,99.95999999999998
09/28/2021,7.8,8.0,8.19,8.09,7.9,4.07,3.68,4.24,2.93,1.62,1.62,1.94,1.99,1.98,1.99,1.98,2.12,1.12,0.0,1.42,0.9,1.03,1.12,1.14,0.0,0.94,0.87,0.95,0.74,0.84,0.59,0.5,0.54,0.0,0.4,0.51,0.38,0.31,0.35,0.36,0.33,0.27,0.27,0.26,0.27,0.0,0.22,0.17,0.14,0.0,0.14,0.15,0.1,0.17,0.1,0.1,0.0,0.09,0.0,0.0,0.06,0.06,0.0,0.07,0.0,0.0,0.05,0.06,0.03,0.03,0.08,0.03,0.02,0.02,0.02,0.02,0.02,0.0,0.08,0.0,0.0,0.0,0.29,3.48,1.87,1.43,1.16,0.64,0.58,0.2,0.18,0.18,0.16,0.15,0.13,0.11,0.1,0.11,0.1,0.09,0.09,0.09,0.08,0.05,0.04,0.04,0.03,0.02,0.01,0.0,0.0,99.98999999999998
09/29/2021,7.8,8.0,8.19,8.09,7.9,4.07,3.68,4.24,2.93,1.62,1.62,1.94,1.99,1.98,1.99,1.98,2.12,1.12,0.0,1.42,0.9,1.03,1.12,1.14,0.0,0.94,0.87,0.95,0.74,0.84,0.59,0.5,0.54,0.0,0.4,0.51,0.38,0.31,0.35,0.36,0.33,0.27,0.27,0.26,0.27,0.0,0.22,0.17,0.14,0.0,0.14,0.15,0.1,0.17,0.1,0.1,0.0,0.09,0.0,0.0,0.06,0.06,0.0,0.07,0.0,0.0,0.05,0.06,0.03,0.03,0.08,0.03,0.02,0.02,0.02,0.02,0.02,0.0,0.08,0.0,0.0,0.0,0.29,3.48,1.87,1.43,1.16,0.64,0.58,0.2,0.18,0.18,0.16,0.15,0.13,0.11,0.1,0.11,0.1,0.09,0.09,0.09,0.08,0.05,0.04,0.04,0.03,0.02,0.01,0.0,0.0,99.98999999999998
09/30/2021,7.7,7.84,8.17,8.13,7.94,4.11,3.66,4.22,2.9,1.67,1.63,1.92,1.99,1.96,2.01,1.97,2.15,1.11,0.0,1.43,0.89,1.08,1.13,1.12,0.0,0.94,0.87,0.95,0.76,0.85,0.59,0.5,0.54,0.0,0.4,0.49,0.38,0.32,0.36,0.36,0.33,0.27,0.26,0.27,0.27,0.0,0.22,0.17,0.14,0.0,0.14,0.14,0.1,0.18,0.1,0.11,0.0,0.09,0.0,0.0,0.06,0.06,0.0,0.06,0.0,0.0,0.05,0.05,0.03,0.03,0.08,0.03,0.02,0.02,0.02,0.02,0.02,0.0,0.08,0.0,0.0,0.0,0.4,3.48,1.87,1.44,1.17,0.64,0.57,0.2,0.18,0.18,0.16,0.15,0.13,0.11,0.1,0.12,0.1,0.09,0.09,0.08,0.08,0.05,0.05,0.04,0.03,0.02,0.01,0.0,0.0,99.99999999999996
10/01/2021,7.71,7.75,8.14,8.24,8.08,4.19,3.65,4.21,2.88,1.7,1.55,1.94,2.03,1.98,2.05,1.98,2.19,1.13,0.0,1.39,0.89,1.12,1.12,1.09,0.0,0.94,0.87,0.93,0.75,0.83,0.58,0.5,0.55,0.0,0.39,0.48,0.37,0.33,0.37,0.36,0.33,0.27,0.25,0.26,0.27,0.0,0.21,0.17,0.15,0.0,0.14,0.15,0.1,0.18,0.1,0.11,0.0,0.09,0.0,0.0,0.06,0.06,0.0,0.06,0.0,0.0,0.05,0.05,0.03,0.03,0.08,0.03,0.02,0.02,0.02,0.02,0.02,0.0,0.08,0.0,0.0,0.0,0.19,3.44,1.86,1.44,1.16,0.64,0.58,0.2,0.17,0.18,0.16,0.15,0.14,0.12,0.1,0.11,0.1,0.09,0.09,0.09,0.08,0.05,0.05,0.04,0.03,0.02,0.01,0.0,0.0,99.95999999999998
10/04/2021,7.78,7.79,8.14,8.22,8.26,4.08,3.67,4.2,2.85,1.65,1.52,1.92,2.05,2.0,2.06,1.99,2.1,1.14,0.0,1.37,0.9,1.14,1.11,1.07,0.0,0.93,0.86,0.89,0.75,0.81,0.58,0.5,0.55,0.0,0.39,0.49,0.37,0.31,0.37,0.37,0.34,0.28,0.25,0.26,0.28,0.0,0.21,0.17,0.14,0.0,0.14,0.15,0.1,0.18,0.1,0.12,0.0,0.09,0.0,0.0,0.05,0.06,0.0,0.06,0.0,0.0,0.05,0.06,0.04,0.03,0.08,0.03,0.02,0.02,0.02,0.02,0.02,0.0,0.08,0.0,0.0,0.0,0.19,3.47,1.92,1.41,1.14,0.63,0.58,0.2,0.18,0.18,0.16,0.15,0.14,0.12,0.1,0.12,0.1,0.09,0.09,0.09,0.08,0.05,0.04,0.04,0.03,0.02,0.01,0.0,0.0,99.95999999999998
10/05/2021,7.75,7.9,8.09,8.22,8.43,4.16,3.62,4.19,2.82,1.67,1.51,1.93,2.04,1.98,2.04,1.97,2.13,1.13,0.0,1.35,0.89,1.15,1.13,1.06,0.0,0.93,0.86,0.87,0.74,0.8,0.57,0.5,0.54,0.0,0.39,0.49,0.37,0.32,0.37,0.37,0.34,0.28,0.25,0.27,0.28,0.0,0.21,0.17,0.14,0.0,0.14,0.15,0.1,0.17,0.1,0.12,0.0,0.09,0.0,0.0,0.05,0.06,0.0,0.06,0.0,0.0,0.05,0.06,0.04,0.03,0.08,0.03,0.02,0.02,0.02,0.02,0.02,0.0,0.08,0.0,0.0,0.0,0.07,3.43,1.95,1.41,1.17,0.64,0.58,0.2,0.18,0.18,0.16,0.15,0.14,0.11,0.11,0.12,0.1,0.09,0.09,0.09,0.08,0.05,0.05,0.04,0.03,0.02,0.01,0.0,0.0,99.97999999999998
10/06/2021,7.75,7.9,8.09,8.22,8.43,4.16,3.62,4.19,2.82,1.67,1.51,1.93,2.04,1.98,2.04,1.97,2.13,1.13,0.0,1.35,0.89,1.15,1.13,1.06,0.0,0.93,0.86,0.87,0.74,0.8,0.57,0.5,0.54,0.0,0.39,0.49,0.37,0.32,0.37,0.37,0.34,0.28,0.25,0.27,0.28,0.0,0.21,0.17,0.14,0.0,0.14,0.15,0.1,0.17,0.1,0.12,0.0,0.09,0.0,0.0,0.05,0.06,0.0,0.06,0.0,0.0,0.05,0.06,0.04,0.03,0.08,0.03,0.02,0.02,0.02,0.02,0.02,0.0,0.08,0.0,0.0,0.0,0.07,3.43,1.95,1.41,1.17,0.64,0.58,0.2,0.18,0.18,0.16,0.15,0.14,0.11,0.11,0.12,0.1,0.09,0.09,0.09,0.08,0.05,0.05,0.04,0.03,0.02,0.01,0.0,0.0,99.97999999999998
10/07/2021,7.65,7.83,7.99,8.26,8.57,4.18,3.6,4.16,2.79,1.69,1.48,1.92,2.07,2.01,2.07,1.99,2.19,1.14,0.0,1.32,0.89,1.19,1.14,1.05,0.0,0.93,0.86,0.86,0.76,0.77,0.57,0.5,0.54,0.0,0.39,0.49,0.37,0.33,0.38,0.36,0.34,0.29,0.25,0.26,0.28,0.0,0.21,0.17,0.14,0.0,0.15,0.15,0.1,0.17,0.1,0.12,0.0,0.09,0.0,0.0,0.05,0.06,0.0,0.06,0.0,0.0,0.05,0.06,0.04,0.03,0.08,0.03,0.02,0.02,0.02,0.02,0.02,0.0,0.08,0.0,0.0,0.0,0.1,3.39,1.95,1.41,1.17,0.63,0.58,0.2,0.18,0.19,0.16,0.15,0.14,0.12,0.11,0.12,0.1,0.09,0.09,0.08,0.08,0.05,0.05,0.04,0.03,0.02,0.01,0.0,0.0,99.98999999999998
10/08/2021,7.65,7.83,7.99,8.26,8.57,4.18,3.6,4.16,2.79,1.69,1.48,1.92,2.07,2.01,2.07,1.99,2.19,1.14,0.0,1.32,0.89,1.19,1.14,1.05,0.0,0.93,0.86,0.86,0.76,0.77,0.57,0.5,0.54,0.0,0.39,0.49,0.37,0.33,0.38,0.36,0.34,0.29,0.25,0.26,0.28,0.0,0.21,0.17,0.14,0.0,0.15,0.15,0.1,0.17,0.1,0.12,0.0,0.09,0.0,0.0,0.05,0.06,0.0,0.06,0.0,0.0,0.05,0.06,0.04,0.03,0.08,0.03,0.02,0.02,0.02,0.02,0.02,0.0,0.08,0.0,0.0,0.0,0.1,3.39,1.95,1.41,1.17,0.63,0.58,0.2,0.18,0.19,0.16,0.15,0.14,0.12,0.11,0.12,0.1,0.09,0.09,0.08,0.08,0.05,0.05,0.04,0.03,0.02,0.01,0.0,0.0,99.98999999999998
10/11/2021,7.74,8.04,8.14,8.27,8.4,4.24,3.61,4.21,2.8,1.66,1.49,1.89,2.05,1.99,2.06,1.97,2.15,1.13,0.0,1.32,0.89,1.16,1.08,1.04,0.0,0.92,0.86,0.86,0.74,0.77,0.57,0.5,0.54,0.0,0.37,0.49,0.36,0.33,0.37,0.36,0.34,0.28,0.25,0.26,0.28,0.0,0.21,0.17,0.15,0.0,0.14,0.15,0.09,0.17,0.09,0.12,0.0,0.09,0.0,0.0,0.05,0.06,0.0,0.06,0.0,0.0,0.05,0.06,0.04,0.03,0.07,0.03,0.02,0.02,0.02,0.02,0.02,0.0,0.08,0.0,0.0,0.0,0.06,3.37,1.94,1.4,1.19,0.64,0.58,0.2,0.18,0.19,0.15,0.15,0.14,0.12,0.1,0.12,0.1,0.09,0.09,0.09,0.09,0.05,0.04,0.04,0.03,0.02,0.01,0.0,0.0,99.96999999999996
10/12/2021,7.76,8.05,8.17,8.21,8.42,4.37,3.56,4.22,2.83,1.66,1.48,1.92,2.0,2.0,2.01,1.98,2.09,1.15,0.0,1.31,0.9,1.17,1.07,1.03,0.0,0.93,0.87,0.86,0.74,0.76,0.56,0.51,0.55,0.0,0.37,0.48,0.37,0.32,0.38,0.33,0.34,0.28,0.25,0.27,0.28,0.0,0.21,0.17,0.15,0.0,0.14,0.15,0.09,0.18,0.09,0.13,0.0,0.09,0.0,0.0,0.05,0.07,0.0,0.06,0.0,0.0,0.06,0.05,0.04,0.03,0.08,0.03,0.02,0.02,0.02,0.02,0.02,0.0,0.08,0.0,0.0,0.0,0.09,3.38,1.86,1.42,1.2,0.64,0.57,0.2,0.18,0.19,0.15,0.15,0.13,0.12,0.1,0.12,0.1,0.09,0.09,0.08,0.09,0.05,0.04,0.04,0.03,0.02,0.01,0.0,0.0,99.99999999999996
10/13/2021,7.76,8.05,8.17,8.21,8.42,4.37,3.56,4.22,2.83,1.66,1.48,1.92,2.0,2.0,2.01,1.98,2.09,1.15,0.0,1.31,0.9,1.17,1.07,1.03,0.0,0.93,0.87,0.86,0.74,0.76,0.56,0.51,0.55,0.0,0.37,0.48,0.37,0.32,0.38,0.33,0.34,0.28,0.25,0.27,0.28,0.0,0.21,0.17,0.15,0.0,0.14,0.15,0.09,0.18,0.09,0.13,0.0,0.09,0.0,0.0,0.05,0.07,0.0,0.06,0.0,0.0,0.06,0.05,0.04,0.03,0.08,0.03,0.02,0.02,0.02,0.02,0.02,0.0,0.08,0.0,0.0,0.0,0.09,3.38,1.86,1.42,1.2,0.64,0.57,0.2,0.18,0.19,0.15,0.15,0.13,0.12,0.1,0.12,0.1,0.09,0.09,0.08,0.09,0.05,0.04,0.04,0.03,0.02,0.01,0.0,0.0,99.99999999999996
10/14/2021,7.8,8.08,8.21,8.19,8.41,4.43,3.53,4.2,2.84,1.66,1.5,1.93,1.97,2.01,1.97,1.99,2.05,1.15,0.0,1.32,0.9,1.18,1.1,1.03,0.0,0.93,0.88,0.84,0.74,0.75,0.56,0.51,0.55,0.0,0.37,0.48,0.37,0.32,0.37,0.32,0.34,0.28,0.24,0.27,0.28,0.0,0.21,0.17,0.15,0.0,0.14,0.15,0.1,0.19,0.09,0.13,0.0,0.08,0.0,0.0,0.05,0.06,0.0,0.06,0.0,0.0,0.06,0.05,0.04,0.03,0.08,0.03,0.02,0.02,0.02,0.02,0.02,0.0,0.08,0.0,0.0,0.0,0.09,3.41,1.78,1.42,1.21,0.64,0.57,0.2,0.18,0.19,0.15,0.15,0.13,0.12,0.1,0.12,0.1,0.09,0.09,0.08,0.09,0.05,0.04,0.04,0.03,0.02,0.01,0.0,0.0,99.99999999999996
10/15/2021,7.82,8.14,8.19,8.1,8.4,4.5,3.52,4.14,2.81,1.61,1.51,1.93,1.96,2.03,1.95,2.0,2.07,1.15,0.0,1.32,0.93,1.18,1.07,1.02,0.0,0.94,0.87,0.84,0.74,0.75,0.57,0.51,0.55,0.0,0.37,0.49,0.37,0.32,0.38,0.31,0.35,0.29,0.25,0.27,0.28,0.0,0.21,0.18,0.15,0.0,0.14,0.15,0.1,0.19,0.09,0.13,0.0,0.09,0.0,0.0,0.05,0.07,0.0,0.06,0.0,0.0,0.06,0.05,0.04,0.03,0.07,0.03,0.02,0.02,0.02,0.02,0.02,0.0,0.08,0.0,0.0,0.0,0.09,3.42,1.81,1.42,1.19,0.64,0.57,0.2,0.19,0.19,0.15,0.15,0.13,0.12,0.1,0.13,0.1,0.09,0.09,0.08,0.09,0.05,0.04,0.05,0.03,0.02,0.01,0.0,0.0,100.01999999999998
10/18/2021,7.76,8.2,8.15,8.08,8.38,4.52,3.56,4.1,2.8,1.6,1.52,1.93,1.95,2.04,1.93,2.01,2.06,1.15,0.0,1.31,0.93,1.18,1.08,1.02,0.0,0.95,0.87,0.83,0.74,0.74,0.55,0.51,0.54,0.0,0.37,0.5,0.38,0.32,0.38,0.32,0.35,0.29,0.25,0.27,0.28,0.0,0.22,0.18,0.16,0.0,0.14,0.15,0.1,0.19,0.09,0.13,0.0,0.09,0.0,0.0,0.05,0.06,0.0,0.06,0.0,0.0,0.06,0.05,0.04,0.03,0.07,0.03,0.02,0.02,0.02,0.02,0.02,0.0,0.08,0.0,0.0,0.0,0.1,3.43,1.81,1.43,1.18,0.64,0.57,0.2,0.19,0.19,0.15,0.15,0.13,0.12,0.1,0.12,0.1,0.09,0.09,0.08,0.09,0.05,0.04,0.05,0.03,0.02,0.01,0.0,0.0,99.93999999999996
10/19/2021,7.76,8.19,8.23,8.19,8.38,4.35,3.61,4.14,2.85,1.66,1.52,1.9,1.93,2.0,1.91,1.99,2.0,1.17,0.0,1.32,0.9,1.18,1.08,1.02,0.0,0.96,0.89,0.84,0.72,0.75,0.55,0.5,0.53,0.0,0.37,0.5,0.37,0.31,0.38,0.33,0.35,0.28,0.24,0.27,0.28,0.0,0.22,0.18,0.15,0.0,0.14,0.15,0.09,0.19,0.1,0.13,0.0,0.08,0.0,0.0,0.05,0.06,0.0,0.06,0.0,0.0,0.06,0.05,0.03,0.03,0.07,0.03,0.02,0.02,0.02,0.02,0.02,0.0,0.08,0.0,0.0,0.0,0.1,3.48,1.81,1.43,1.2,0.65,0.56,0.2,0.19,0.19,0.15,0.15,0.13,0.12,0.1,0.12,0.1,0.09,0.09,0.08,0.09,0.05,0.04,0.04,0.03,0.02,0.01,0.0,0.0,99.96999999999996
10/20/2021,7.76,8.19,8.23,8.19,8.38,4.35,3.61,4.14,2.85,1.66,1.52,1.9,1.93,2.0,1.91,1.99,2.0,1.17,0.0,1.32,0.9,1.18,1.08,1.02,0.0,0.96,0.89,0.84,0.72,0.75,0.55,0.5,0.53,0.0,0.37,0.5,0.37,0.31,0.38,0.33,0.35,0.28,0.24,0.27,0.28,0.0,0.22,0.18,0.15,0.0,0.14,0.15,0.09,0.19,0.1,0.13,0.0,0.08,0.0,0.0,0.05,0.06,0.0,0.06,0.0,0.0,0.06,0.05,0.03,0.03,0.07,0.03,0.02,0.02,0.02,0.02,0.02,0.0,0.08,0.0,0.0,0.0,0.1,3.48,1.81,1.43,1.2,0.65,0.56,0.2,0.19,0.19,0.15,0.15,0.13,0.12,0.1,0.12,0.1,0.09,0.09,0.08,0.09,0.05,0.04,0.04,0.03,0.02,0.01,0.0,0.0,99.96999999999996
10/21/2021,7.84,8.27,8.22,8.18,8.24,4.4,3.6,4.15,2.87,1.68,1.54,1.9,1.92,1.99,1.88,1.99,2.0,1.16,0.0,1.33,0.91,1.17,1.07,1.01,0.0,0.96,0.85,0.85,0.72,0.76,0.56,0.5,0.54,0.0,0.39,0.51,0.37,0.31,0.37,0.33,0.35,0.28,0.25,0.26,0.28,0.0,0.22,0.17,0.15,0.0,0.14,0.14,0.09,0.18,0.1,0.13,0.0,0.09,0.0,0.0,0.05,0.06,0.0,0.06,0.0,0.0,0.06,0.05,0.03,0.03,0.07,0.03,0.02,0.02,0.02,0.02,0.02,0.0,0.08,0.0,0.0,0.0,0.13,3.49,1.78,1.42,1.2,0.65,0.56,0.2,0.19,0.19,0.15,0.15,0.13,0.12,0.1,0.12,0.1,0.09,0.09,0.08,0.09,0.05,0.04,0.05,0.03,0.02,0.01,0.0,0.0,100.01999999999998
10/22/2021,7.88,8.22,8.26,8.22,8.14,4.38,3.63,4.18,2.9,1.68,1.54,1.9,1.91,1.98,1.88,1.97,2.01,1.15,0.0,1.32,0.91,1.18,1.06,1.02,0.0,0.96,0.84,0.86,0.72,0.76,0.56,0.49,0.54,0.0,0.39,0.52,0.37,0.31,0.37,0.33,0.34,0.28,0.25,0.26,0.28,0.0,0.22,0.17,0.15,0.0,0.14,0.15,0.1,0.18,0.1,0.13,0.0,0.09,0.0,0.0,0.05,0.06,0.0,0.06,0.0,0.0,0.06,0.05,0.03,0.03,0.07,0.03,0.02,0.02,0.02,0.02,0.02,0.0,0.08,0.0,0.0,0.0,0.13,3.51,1.8,1.41,1.18,0.65,0.56,0.2,0.18,0.19,0.15,0.15,0.13,0.11,0.1,0.12,0.1,0.09,0.08,0.08,0.08,0.05,0.04,0.05,0.03,0.02,0.01,0.0,0.0,100.0
10/25/2021,7.93,8.29,8.33,8.34,7.36,4.35,3.65,4.24,2.94,1.78,1.52,1.9,1.95,1.96,1.89,1.96,2.05,1.15,0.0,1.29,0.92,1.19,1.07,1.03,0.0,0.95,0.86,0.88,0.73,0.77,0.57,0.49,0.55,0.0,0.39,0.5,0.37,0.31,0.38,0.33,0.35,0.28,0.25,0.26,0.29,0.0,0.21,0.18,0.15,0.0,0.14,0.15,0.09,0.18,0.1,0.13,0.0,0.09,0.0,0.0,0.05,0.06,0.0,0.06,0.0,0.0,0.06,0.05,0.03,0.03,0.07,0.03,0.02,0.02,0.02,0.02,0.02,0.0,0.08,0.0,0.0,0.0,0.24,3.49,1.79,1.44,1.2,0.66,0.55,0.19,0.18,0.19,0.15,0.15,0.13,0.12,0.1,0.12,0.0,0.09,0.09,0.09,0.09,0.05,0.04,0.05,0.03,0.02,0.01,0.1,0.0,100.0
10/26/2021,7.99,8.35,8.45,7.46,7.43,4.49,3.66,4.25,2.97,1.79,1.57,1.9,1.96,2.0,1.9,1.99,2.07,1.16,0.0,1.31,0.94,1.2,1.15,1.07,0.0,0.96,0.87,0.89,0.73,0.78,0.57,0.5,0.56,0.0,0.4,0.5,0.37,0.32,0.39,0.33,0.35,0.28,0.25,0.26,0.29,0.0,0.22,0.18,0.15,0.0,0.14,0.15,0.09,0.18,0.1,0.12,0.0,0.08,0.0,0.0,0.05,0.06,0.0,0.06,0.0,0.0,0.06,0.05,0.03,0.03,0.07,0.03,0.02,0.02,0.02,0.02,0.02,0.0,0.08,0.0,0.0,0.0,0.13,3.47,1.82,1.45,1.2,0.67,0.55,0.19,0.18,0.18,0.15,0.15,0.14,0.12,0.1,0.13,0.1,0.09,0.09,0.09,0.09,0.05,0.04,0.05,0.03,0.02,0.01,0.0,0.0,99.97999999999998
10/27/2021,7.99,8.35,8.45,7.46,7.43,4.49,3.66,4.25,2.97,1.79,1.57,1.9,1.96,2.0,1.9,1.99,2.07,1.16,0.0,1.31,0.94,1.2,1.15,1.07,0.0,0.96,0.87,0.89,0.73,0.78,0.57,0.5,0.56,0.0,0.4,0.5,0.37,0.32,0.39,0.33,0.35,0.28,0.25,0.26,0.29,0.0,0.22,0.18,0.15,0.0,0.14,0.15,0.09,0.18,0.1,0.12,0.0,0.08,0.0,0.0,0.05,0.06,0.0,0.06,0.0,0.0,0.06,0.05,0.03,0.03,0.07,0.03,0.02,0.02,0.02,0.02,0.02,0.0,0.08,0.0,0.0,0.0,0.13,3.47,1.82,1.45,1.2,0.67,0.55,0.19,0.18,0.18,0.15,0.15,0.14,0.12,0.1,0.13,0.1,0.09,0.09,0.09,0.09,0.05,0.04,0.05,0.03,0.02,0.01,0.0,0.0,99.97999999999998
10/28/2021,7.97,8.31,8.55,7.45,7.41,4.47,3.66,4.27,3.0,1.8,1.57,1.9,1.95,1.99,1.9,2.0,2.02,1.09,0.0,1.29,0.93,1.2,1.18,1.07,0.0,0.96,0.87,0.89,0.73,0.78,0.57,0.49,0.56,0.0,0.4,0.5,0.37,0.31,0.38,0.33,0.35,0.28,0.25,0.26,0.29,0.0,0.22,0.18,0.14,0.0,0.14,0.15,0.09,0.17,0.1,0.12,0.0,0.09,0.0,0.0,0.05,0.06,0.0,0.06,0.0,0.0,0.06,0.05,0.03,0.03,0.07,0.03,0.02,0.02,0.02,0.02,0.02,0.0,0.08,0.0,0.0,0.0,0.24,3.45,1.81,1.46,1.2,0.66,0.55,0.19,0.18,0.18,0.15,0.15,0.14,0.12,0.1,0.13,0.0,0.09,0.09,0.09,0.09,0.05,0.04,0.05,0.03,0.02,0.01,0.1,0.0,99.94
10/29/2021,7.98,8.32,8.56,7.45,7.42,4.48,3.67,4.28,3.0,1.8,1.57,1.9,1.95,2.0,1.91,2.0,2.03,1.09,0.0,1.3,0.93,1.2,1.18,1.07,0.0,0.96,0.88,0.89,0.73,0.78,0.57,0.49,0.56,0.0,0.4,0.5,0.37,0.31,0.38,0.33,0.35,0.28,0.25,0.26,0.29,0.0,0.22,0.18,0.14,0.0,0.14,0.15,0.09,0.17,0.1,0.12,0.0,0.09,0.0,0.0,0.05,0.06,0.0,0.06,0.0,0.0,0.06,0.05,0.03,0.03,0.07,0.03,0.02,0.02,0.02,0.02,0.02,0.0,0.08,0.0,0.0,0.0,0.13,3.45,1.82,1.46,1.2,0.67,0.55,0.2,0.18,0.18,0.15,0.15,0.14,0.12,0.1,0.13,0.1,0.09,0.09,0.09,0.09,0.05,0.04,0.05,0.03,0.02,0.01,0.0,0.0,99.98
11/01/2021,8.2,8.77,8.7,7.26,7.32,4.41,3.72,4.02,2.87,1.79,1.58,1.95,1.96,2.02,1.9,2.04,1.97,1.12,0.0,1.33,0.94,1.15,1.18,1.11,0.0,0.94,0.84,0.89,0.72,0.77,0.59,0.52,0.55,0.0,0.39,0.49,0.37,0.27,0.37,0.32,0.33,0.29,0.23,0.27,0.3,0.0,0.23,0.17,0.14,0.0,0.13,0.14,0.09,0.16,0.09,0.1,0.0,0.09,0.0,0.0,0.05,0.06,0.0,0.06,0.0,0.0,0.06,0.05,0.03,0.03,0.07,0.03,0.02,0.02,0.02,0.02,0.02,0.0,0.08,0.0,0.0,0.0,0.26,3.53,1.75,1.35,1.18,0.65,0.55,0.2,0.18,0.18,0.15,0.15,0.14,0.12,0.1,0.13,0.0,0.09,0.09,0.08,0.08,0.05,0.04,0.05,0.03,0.02,0.01,0.1,0.0,99.98
11/02/2021,8.06,8.97,8.73,7.4,7.28,4.4,3.7,4.01,2.89,1.79,1.58,1.94,1.97,2.02,1.88,2.03,1.97,1.12,0.0,1.33,0.94,1.14,1.18,1.16,0.0,0.95,0.84,0.89,0.71,0.77,0.58,0.52,0.54,0.0,0.39,0.48,0.37,0.27,0.38,0.32,0.34,0.29,0.23,0.28,0.31,0.0,0.22,0.18,0.14,0.0,0.13,0.15,0.09,0.16,0.1,0.1,0.0,0.09,0.0,0.0,0.05,0.06,0.0,0.06,0.0,0.0,0.06,0.05,0.03,0.03,0.07,0.03,0.02,0.02,0.02,0.02,0.02,0.0,0.08,0.0,0.0,0.0,0.17,3.46,1.73,1.35,1.19,0.65,0.54,0.2,0.18,0.18,0.15,0.15,0.13,0.11,0.1,0.12,0.1,0.09,0.09,0.08,0.09,0.05,0.04,0.05,0.03,0.02,0.01,0.0,0.0,99.98999999999998
11/03/2021,8.06,8.97,8.73,7.4,7.28,4.4,3.7,4.01,2.89,1.79,1.58,1.94,1.97,2.02,1.88,2.03,1.97,1.12,0.0,1.33,0.94,1.14,1.18,1.16,0.0,0.95,0.84,0.89,0.71,0.77,0.58,0.52,0.54,0.0,0.39,0.48,0.37,0.27,0.38,0.32,0.34,0.29,0.23,0.28,0.31,0.0,0.22,0.18,0.14,0.0,0.13,0.15,0.09,0.16,0.1,0.1,0.0,0.09,0.0,0.0,0.05,0.06,0.0,0.06,0.0,0.0,0.06,0.05,0.03,0.03,0.07,0.03,0.02,0.02,0.02,0.02,0.02,0.0,0.08,0.0,0.0,0.0,0.17,3.46,1.73,1.35,1.19,0.65,0.54,0.2,0.18,0.18,0.15,0.15,0.13,0.11,0.1,0.12,0.1,0.09,0.09,0.08,0.09,0.05,0.04,0.05,0.03,0.02,0.01,0.0,0.0,99.98999999999998
11/04/2021,8.06,8.97,8.73,7.4,7.28,4.4,3.7,4.01,2.89,1.79,1.58,1.94,1.97,2.02,1.88,2.03,1.97,1.12,0.0,1.33,0.94,1.14,1.18,1.16,0.0,0.95,0.84,0.89,0.71,0.77,0.58,0.52,0.54,0.0,0.39,0.48,0.37,0.27,0.38,0.32,0.34,0.29,0.23,0.28,0.31,0.0,0.22,0.18,0.14,0.0,0.13,0.15,0.09,0.16,0.1,0.1,0.0,0.09,0.0,0.0,0.05,0.06,0.0,0.06,0.0,0.0,0.06,0.05,0.03,0.03,0.07,0.03,0.02,0.02,0.02,0.02,0.02,0.0,0.08,0.0,0.0,0.0,0.17,3.46,1.73,1.35,1.19,0.65,0.54,0.2,0.18,0.18,0.15,0.15,0.13,0.11,0.1,0.12,0.1,0.09,0.09,0.08,0.09,0.05,0.04,0.05,0.03,0.02,0.01,0.0,0.0,99.98999999999998
11/05/2021,7.97,8.9,8.71,7.43,7.25,4.34,3.72,4.0,2.92,1.8,1.62,1.97,1.93,1.99,1.85,2.0,2.0,1.12,0.0,1.33,0.94,1.18,1.2,1.2,0.0,0.95,0.84,0.91,0.7,0.8,0.58,0.54,0.53,0.0,0.39,0.49,0.37,0.29,0.37,0.32,0.34,0.29,0.22,0.28,0.3,0.0,0.22,0.18,0.13,0.0,0.14,0.14,0.09,0.15,0.1,0.1,0.0,0.09,0.0,0.0,0.05,0.06,0.0,0.06,0.0,0.0,0.05,0.05,0.03,0.03,0.07,0.03,0.02,0.02,0.02,0.02,0.02,0.0,0.08,0.0,0.0,0.0,0.24,3.43,1.75,1.38,1.22,0.65,0.53,0.19,0.18,0.19,0.15,0.16,0.13,0.11,0.1,0.12,0.1,0.09,0.09,0.08,0.08,0.05,0.04,0.05,0.03,0.02,0.01,0.0,0.0,99.99999999999996
11/08/2021,7.88,8.83,8.74,7.37,6.82,4.25,4.21,3.96,2.92,1.79,1.69,1.92,1.87,1.96,1.79,1.95,2.21,1.12,0.0,1.37,0.92,1.16,1.22,1.24,0.0,0.94,0.83,0.95,0.69,0.83,0.58,0.53,0.51,0.0,0.37,0.48,0.37,0.28,0.35,0.31,0.32,0.29,0.22,0.28,0.29,0.0,0.22,0.17,0.13,0.0,0.14,0.14,0.09,0.15,0.1,0.1,0.0,0.09,0.0,0.0,0.05,0.07,0.0,0.06,0.0,0.0,0.05,0.05,0.03,0.03,0.07,0.03,0.02,0.02,0.02,0.02,0.02,0.0,0.08,0.0,0.0,0.0,0.23,3.48,1.72,1.35,1.23,0.65,0.52,0.2,0.19,0.18,0.14,0.15,0.13,0.11,0.09,0.12,0.1,0.09,0.09,0.08,0.08,0.05,0.04,0.05,0.03,0.02,0.01,0.0,0.3,99.98999999999997
11/09/2021,7.81,8.72,8.81,7.38,6.9,4.17,4.35,3.97,2.94,1.81,1.7,1.89,1.86,1.91,1.79,1.98,2.25,1.09,0.0,1.38,0.9,1.16,1.23,1.25,0.0,0.94,0.82,0.96,0.69,0.85,0.55,0.53,0.5,0.0,0.37,0.47,0.37,0.29,0.34,0.29,0.32,0.28,0.21,0.27,0.29,0.0,0.22,0.17,0.13,0.0,0.13,0.14,0.09,0.15,0.1,0.1,0.0,0.09,0.0,0.0,0.05,0.07,0.0,0.06,0.0,0.0,0.05,0.05,0.03,0.03,0.07,0.03,0.02,0.02,0.02,0.02,0.02,0.0,0.08,0.0,0.0,0.0,0.23,3.44,1.74,1.39,1.24,0.66,0.52,0.2,0.2,0.18,0.14,0.16,0.13,0.11,0.1,0.12,0.1,0.09,0.09,0.09,0.08,0.05,0.04,0.05,0.03,0.02,0.01,0.0,0.27,100.00999999999998
11/10/2021,7.81,8.72,8.81,7.38,6.9,4.17,4.35,3.97,2.94,1.81,1.7,1.89,1.86,1.91,1.79,1.98,2.25,1.09,0.0,1.38,0.9,1.16,1.23,1.25,0.0,0.94,0.82,0.96,0.69,0.85,0.55,0.53,0.5,0.0,0.37,0.47,0.37,0.29,0.34,0.29,0.32,0.28,0.21,0.27,0.29,0.0,0.22,0.17,0.13,0.0,0.13,0.14,0.09,0.15,0.1,0.1,0.0,0.09,0.0,0.0,0.05,0.07,0.0,0.06,0.0,0.0,0.05,0.05,0.03,0.03,0.07,0.03,0.02,0.02,0.02,0.02,0.02,0.0,0.08,0.0,0.0,0.0,0.23,3.44,1.74,1.39,1.24,0.66,0.52,0.2,0.2,0.18,0.14,0.16,0.13,0.11,0.1,0.12,0.1,0.09,0.09,0.09,0.08,0.05,0.04,0.05,0.03,0.02,0.01,0.0,0.27,100.00999999999998
11/11/2021,7.75,8.74,8.8,7.46,6.95,4.18,4.42,3.94,2.94,1.79,1.7,1.89,1.86,1.92,1.78,1.99,2.23,1.12,0.0,1.37,0.9,1.16,1.24,1.23,0.0,0.94,0.83,0.95,0.7,0.83,0.56,0.53,0.52,0.0,0.37,0.49,0.37,0.29,0.35,0.29,0.32,0.28,0.21,0.27,0.29,0.0,0.22,0.17,0.13,0.0,0.14,0.14,0.09,0.15,0.1,0.09,0.0,0.08,0.0,0.0,0.05,0.07,0.0,0.06,0.0,0.0,0.06,0.05,0.03,0.03,0.08,0.03,0.02,0.02,0.02,0.02,0.02,0.0,0.08,0.0,0.0,0.0,0.0,3.53,1.72,1.4,1.24,0.66,0.52,0.2,0.2,0.17,0.14,0.15,0.13,0.11,0.1,0.12,0.1,0.09,0.09,0.09,0.08,0.05,0.04,0.05,0.03,0.02,0.01,0.0,0.26,99.99999999999996
11/12/2021,7.79,8.73,8.8,7.43,6.75,4.16,4.46,3.92,2.96,1.8,1.74,1.91,1.86,1.93,1.77,2.0,2.23,1.13,0.0,1.4,0.9,1.17,1.26,1.25,0.0,0.94,0.83,0.95,0.7,0.82,0.55,0.53,0.51,0.0,0.37,0.49,0.37,0.29,0.34,0.29,0.31,0.28,0.21,0.27,0.3,0.0,0.22,0.17,0.14,0.0,0.14,0.14,0.09,0.15,0.1,0.09,0.0,0.08,0.0,0.0,0.05,0.07,0.0,0.06,0.0,0.0,0.05,0.05,0.03,0.03,0.08,0.03,0.02,0.02,0.02,0.02,0.02,0.0,0.08,0.0,0.0,0.0,-0.01,3.56,1.74,1.39,1.26,0.67,0.52,0.2,0.19,0.17,0.14,0.15,0.13,0.11,0.1,0.13,0.1,0.09,0.09,0.1,0.08,0.05,0.04,0.05,0.03,0.02,0.01,0.0,0.23,99.98999999999997
11/15/2021,7.69,8.69,8.82,7.38,6.76,4.16,4.42,3.9,2.95,1.81,1.72,1.9,1.88,1.93,1.79,1.97,2.29,1.12,0.0,1.39,0.9,1.2,1.35,1.24,0.0,0.96,0.84,0.94,0.71,0.83,0.54,0.54,0.51,0.0,0.38,0.49,0.37,0.3,0.34,0.28,0.32,0.29,0.21,0.28,0.3,0.0,0.22,0.17,0.13,0.0,0.14,0.14,0.09,0.16,0.1,0.09,0.0,0.09,0.0,0.0,0.05,0.07,0.0,0.06,0.0,0.0,0.05,0.05,0.03,0.03,0.08,0.03,0.02,0.02,0.02,0.02,0.02,0.0,0.08,0.0,0.0,0.0,0.01,3.48,1.75,1.4,1.29,0.67,0.52,0.2,0.2,0.18,0.14,0.16,0.13,0.11,0.1,0.13,0.1,0.09,0.09,0.1,0.08,0.05,0.04,0.05,0.03,0.02,0.01,0.0,0.24,100.02
11/16/2021,7.78,8.79,8.92,7.33,6.68,4.13,4.43,3.92,2.97,1.81,1.75,1.9,1.87,1.92,1.79,1.98,2.28,1.12,0.0,1.42,0.91,1.1,1.38,1.24,0.0,0.97,0.82,0.94,0.71,0.83,0.55,0.54,0.52,0.0,0.38,0.5,0.37,0.3,0.34,0.29,0.31,0.29,0.22,0.28,0.3,0.0,0.21,0.17,0.13,0.0,0.14,0.14,0.09,0.17,0.11,0.1,0.0,0.08,0.0,0.0,0.05,0.06,0.0,0.06,0.0,0.0,0.06,0.05,0.03,0.03,0.08,0.03,0.02,0.02,0.02,0.02,0.02,0.0,0.08,0.0,0.0,0.0,0.01,3.49,1.74,1.43,1.29,0.68,0.51,0.2,0.2,0.18,0.15,0.15,0.13,0.11,0.1,0.13,0.1,0.09,0.09,0.1,0.08,0.05,0.04,0.05,0.03,0.02,0.01,0.0,0.0,100.01
11/17/2021,7.78,8.79,8.92,7.33,6.68,4.13,4.43,3.92,2.97,1.81,1.75,1.9,1.87,1.92,1.79,1.98,2.28,1.12,0.0,1.42,0.91,1.1,1.38,1.24,0.0,0.97,0.82,0.94,0.71,0.83,0.55,0.54,0.52,0.0,0.38,0.5,0.37,0.3,0.34,0.29,0.31,0.29,0.22,0.28,0.3,0.0,0.21,0.17,0.13,0.0,0.14,0.14,0.09,0.17,0.11,0.1,0.0,0.08,0.0,0.0,0.05,0.06,0.0,0.06,0.0,0.0,0.06,0.05,0.03,0.03,0.08,0.03,0.02,0.02,0.02,0.02,0.02,0.0,0.08,0.0,0.0,0.0,0.01,3.49,1.74,1.43,1.29,0.68,0.51,0.2,0.2,0.18,0.15,0.15,0.13,0.11,0.1,0.13,0.1,0.09,0.09,0.1,0.08,0.05,0.04,0.05,0.03,0.02,0.01,0.0,0.0,100.01
11/18/2021,7.78,8.77,8.96,7.33,6.67,4.15,4.52,3.9,2.97,1.78,1.75,1.91,1.88,1.94,1.78,1.97,2.26,1.12,0.0,1.43,0.91,1.11,1.35,1.24,0.0,0.97,0.81,0.93,0.7,0.83,0.55,0.55,0.51,0.0,0.38,0.49,0.37,0.29,0.34,0.28,0.31,0.29,0.21,0.28,0.3,0.0,0.21,0.17,0.13,0.0,0.14,0.14,0.08,0.16,0.11,0.1,0.0,0.08,0.0,0.0,0.05,0.06,0.0,0.06,0.0,0.0,0.06,0.05,0.03,0.03,0.08,0.03,0.02,0.02,0.02,0.02,0.02,0.0,0.08,0.0,0.0,0.0,0.02,3.47,1.73,1.41,1.29,0.69,0.52,0.2,0.19,0.18,0.15,0.15,0.14,0.11,0.1,0.13,0.1,0.09,0.09,0.1,0.08,0.05,0.04,0.05,0.03,0.02,0.01,0.0,0.0,99.96
11/19/2021,7.78,8.8,8.95,7.32,6.6,4.2,4.85,3.86,2.99,1.76,1.75,1.89,1.85,1.91,1.76,1.95,2.22,1.1,0.0,1.43,0.92,1.09,1.31,1.26,0.0,0.96,0.8,0.94,0.73,0.83,0.54,0.54,0.51,0.0,0.39,0.5,0.37,0.29,0.34,0.28,0.31,0.29,0.21,0.28,0.29,0.0,0.21,0.16,0.13,0.0,0.13,0.13,0.08,0.17,0.11,0.09,0.0,0.08,0.0,0.0,0.06,0.06,0.0,0.06,0.0,0.0,0.06,0.05,0.03,0.03,0.08,0.03,0.02,0.02,0.02,0.02,0.02,0.0,0.08,0.0,0.0,0.0,0.04,3.44,1.71,1.4,1.29,0.69,0.51,0.2,0.19,0.17,0.14,0.15,0.14,0.11,0.1,0.13,0.1,0.09,0.09,0.1,0.08,0.05,0.04,0.05,0.03,0.02,0.01,0.0,0.0,99.95
11/22/2021,7.92,8.8,8.98,7.28,6.59,4.19,4.9,3.89,2.99,1.75,1.73,1.88,1.84,1.92,1.76,1.95,2.19,1.09,0.0,1.42,0.91,1.09,1.28,1.26,0.0,0.95,0.79,0.93,0.72,0.82,0.54,0.54,0.5,0.0,0.39,0.49,0.37,0.29,0.34,0.28,0.31,0.29,0.21,0.28,0.3,0.0,0.21,0.16,0.13,0.0,0.14,0.13,0.08,0.17,0.11,0.09,0.0,0.08,0.0,0.0,0.05,0.06,0.0,0.06,0.0,0.0,0.06,0.05,0.03,0.04,0.08,0.03,0.02,0.02,0.02,0.02,0.02,0.0,0.08,0.0,0.0,0.0,0.04,3.48,1.73,1.39,1.3,0.69,0.49,0.19,0.19,0.18,0.14,0.15,0.14,0.11,0.1,0.13,0.09,0.09,0.09,0.1,0.08,0.05,0.04,0.05,0.03,0.02,0.01,0.0,0.0,99.99
11/23/2021,7.92,8.8,8.98,7.28,6.59,4.19,4.9,3.89,2.99,1.75,1.73,1.88,1.84,1.92,1.76,1.95,2.19,1.09,0.0,1.42,0.91,1.09,1.28,1.26,0.0,0.95,0.79,0.93,0.72,0.82,0.54,0.54,0.5,0.0,0.39,0.49,0.37,0.29,0.34,0.28,0.31,0.29,0.21,0.28,0.3,0.0,0.21,0.16,0.13,0.0,0.14,0.13,0.08,0.17,0.11,0.09,0.0,0.08,0.0,0.0,0.05,0.06,0.0,0.06,0.0,0.0,0.06,0.05,0.03,0.04,0.08,0.03,0.02,0.02,0.02,0.02,0.02,0.0,0.08,0.0,0.0,0.0,0.04,3.48,1.73,1.39,1.3,0.69,0.49,0.19,0.19,0.18,0.14,0.15,0.14,0.11,0.1,0.13,0.09,0.09,0.09,0.1,0.08,0.05,0.04,0.05,0.03,0.02,0.01,0.0,0.0,99.99
11/24/2021,8.27,8.89,8.95,7.17,6.47,4.13,4.93,4.0,3.01,1.78,1.67,1.77,1.81,1.92,1.72,1.95,2.12,1.07,0.0,1.45,0.91,1.08,1.28,1.26,0.0,0.96,0.78,0.94,0.7,0.82,0.53,0.54,0.51,0.0,0.39,0.49,0.37,0.28,0.33,0.27,0.3,0.29,0.22,0.28,0.3,0.0,0.21,0.16,0.13,0.0,0.13,0.13,0.08,0.17,0.11,0.09,0.0,0.08,0.0,0.0,0.05,0.06,0.0,0.06,0.0,0.0,0.05,0.06,0.03,0.03,0.08,0.03,0.02,0.02,0.02,0.02,0.02,0.0,0.08,0.0,0.0,0.0,0.04,3.63,1.67,1.37,1.29,0.69,0.48,0.19,0.2,0.17,0.14,0.15,0.14,0.11,0.1,0.13,0.1,0.09,0.09,0.1,0.08,0.04,0.04,0.05,0.03,0.02,0.01,0.0,0.0,99.98
11/25/2021,8.32,8.84,8.73,7.24,6.51,4.17,4.85,3.96,2.97,1.81,1.64,1.82,1.84,1.92,1.77,1.95,2.17,1.07,0.0,1.46,0.93,1.11,1.29,1.22,0.0,0.96,0.78,0.95,0.72,0.82,0.52,0.55,0.5,0.0,0.39,0.47,0.36,0.29,0.34,0.28,0.3,0.29,0.22,0.28,0.3,0.0,0.2,0.17,0.12,0.0,0.13,0.13,0.07,0.17,0.1,0.09,0.0,0.09,0.0,0.0,0.05,0.06,0.0,0.06,0.0,0.0,0.05,0.06,0.03,0.03,0.08,0.03,0.02,0.02,0.02,0.02,0.02,0.0,0.08,0.0,0.0,0.0,0.04,3.65,1.67,1.41,1.28,0.68,0.46,0.19,0.2,0.17,0.14,0.15,0.14,0.11,0.1,0.13,0.09,0.09,0.09,0.1,0.08,0.04,0.04,0.05,0.03,0.02,0.01,0.0,0.0,99.96999999999998
11/26/2021,8.36,8.79,8.77,7.14,6.54,4.1,4.85,3.97,2.92,1.83,1.66,1.84,1.85,1.93,1.77,1.97,2.21,1.08,0.0,1.5,0.93,1.11,1.29,1.24,0.0,0.95,0.79,0.94,0.72,0.83,0.52,0.55,0.5,0.0,0.39,0.48,0.36,0.3,0.34,0.27,0.3,0.29,0.21,0.28,0.3,0.0,0.2,0.17,0.13,0.0,0.13,0.13,0.08,0.18,0.1,0.09,0.0,0.09,0.0,0.0,0.05,0.06,0.0,0.06,0.0,0.0,0.05,0.05,0.03,0.04,0.08,0.02,0.02,0.02,0.02,0.02,0.02,0.0,0.08,0.0,0.0,0.0,0.04,3.56,1.69,1.44,1.26,0.69,0.47,0.19,0.2,0.17,0.14,0.15,0.14,0.11,0.1,0.13,0.09,0.09,0.09,0.1,0.08,0.05,0.04,0.05,0.03,0.02,0.01,0.0,0.0,100.01999999999998
11/29/2021,8.35,8.76,8.79,7.2,6.51,4.11,4.82,3.97,2.91,2.0,1.65,1.84,1.84,1.93,1.75,1.98,2.2,1.07,0.0,1.49,0.94,1.11,1.28,1.23,0.0,0.94,0.81,0.94,0.7,0.83,0.52,0.55,0.51,0.0,0.4,0.47,0.35,0.3,0.34,0.27,0.3,0.29,0.21,0.28,0.3,0.0,0.2,0.17,0.13,0.0,0.13,0.13,0.08,0.17,0.1,0.09,0.0,0.09,0.0,0.0,0.05,0.06,0.0,0.06,0.0,0.0,0.05,0.06,0.03,0.03,0.08,0.02,0.02,0.02,0.02,0.02,0.02,0.0,0.08,0.0,0.0,0.0,0.04,3.52,1.67,1.42,1.25,0.68,0.47,0.19,0.19,0.18,0.14,0.15,0.14,0.11,0.1,0.13,0.09,0.09,0.09,0.1,0.08,0.05,0.04,0.05,0.03,0.02,0.01,0.0,0.0,99.98
11/30/2021,8.28,8.75,8.81,7.23,6.61,4.15,4.8,3.95,2.91,2.0,1.63,1.86,1.89,1.94,1.77,2.0,2.15,1.08,0.0,1.48,0.94,1.11,1.28,1.22,0.0,0.94,0.82,0.93,0.7,0.81,0.52,0.54,0.52,0.0,0.39,0.47,0.35,0.29,0.34,0.27,0.3,0.29,0.23,0.27,0.3,0.0,0.2,0.17,0.13,0.0,0.13,0.13,0.07,0.17,0.1,0.09,0.0,0.09,0.0,0.0,0.05,0.06,0.0,0.06,0.0,0.0,0.05,0.06,0.03,0.03,0.08,0.02,0.02,0.02,0.02,0.02,0.02,0.0,0.08,0.0,0.0,0.0,0.04,3.5,1.69,1.41,1.25,0.67,0.46,0.19,0.2,0.17,0.14,0.15,0.13,0.11,0.1,0.13,0.09,0.09,0.09,0.1,0.09,0.05,0.04,0.05,0.03,0.02,0.01,0.0,0.0,100.01999999999998
12/01/2021,8.28,8.75,8.81,7.23,6.61,4.15,4.8,3.95,2.91,2.0,1.63,1.86,1.89,1.94,1.77,2.0,2.15,1.08,0.0,1.48,0.94,1.11,1.28,1.22,0.0,0.94,0.82,0.93,0.7,0.81,0.52,0.54,0.52,0.0,0.39,0.47,0.35,0.29,0.34,0.27,0.3,0.29,0.23,0.27,0.3,0.0,0.2,0.17,0.13,0.0,0.13,0.13,0.07,0.17,0.1,0.09,0.0,0.09,0.0,0.0,0.05,0.06,0.0,0.06,0.0,0.0,0.05,0.06,0.03,0.03,0.08,0.02,0.02,0.02,0.02,0.02,0.02,0.0,0.08,0.0,0.0,0.0,0.04,3.5,1.69,1.41,1.25,0.67,0.46,0.19,0.2,0.17,0.14,0.15,0.13,0.11,0.1,0.13,0.09,0.09,0.09,0.1,0.09,0.05,0.04,0.05,0.03,0.02,0.01,0.0,0.0,100.01999999999998
12/02/2021,8.28,8.75,8.9,7.25,6.62,4.09,4.91,3.99,2.93,2.03,1.68,1.85,1.84,1.91,1.71,1.97,2.06,1.04,0.0,1.54,0.94,1.1,1.32,1.24,0.0,0.93,0.83,0.96,0.68,0.84,0.52,0.54,0.51,0.0,0.39,0.47,0.35,0.28,0.33,0.27,0.3,0.28,0.22,0.27,0.29,0.0,0.2,0.16,0.12,0.0,0.13,0.13,0.07,0.16,0.1,0.09,0.0,0.09,0.0,0.0,0.05,0.06,0.0,0.06,0.0,0.0,0.05,0.06,0.03,0.03,0.08,0.02,0.02,0.02,0.02,0.02,0.02,0.0,0.08,0.0,0.0,0.0,0.04,3.49,1.67,1.4,1.25,0.67,0.46,0.18,0.19,0.17,0.14,0.14,0.13,0.11,0.1,0.13,0.09,0.09,0.09,0.1,0.09,0.05,0.04,0.05,0.03,0.02,0.01,0.0,0.0,100.00999999999998
12/06/2021,8.53,8.63,8.78,7.24,6.59,3.99,4.77,4.01,2.91,2.15,1.64,1.88,1.82,1.94,1.66,1.97,1.97,1.06,0.0,1.51,0.92,1.13,1.35,1.21,0.0,0.94,0.82,0.96,0.68,0.84,0.5,0.53,0.49,0.0,0.39,0.49,0.34,0.29,0.33,0.26,0.3,0.28,0.21,0.26,0.29,0.0,0.19,0.16,0.13,0.0,0.12,0.13,0.08,0.15,0.1,0.08,0.0,0.09,0.0,0.0,0.05,0.07,0.0,0.06,0.0,0.0,0.05,0.05,0.03,0.03,0.08,0.02,0.02,0.02,0.02,0.02,0.02,0.0,0.08,0.0,0.0,0.0,0.3,3.59,1.68,1.38,1.24,0.66,0.47,0.2,0.19,0.18,0.14,0.15,0.12,0.11,0.1,0.12,0.0,0.08,0.09,0.1,0.09,0.05,0.04,0.05,0.03,0.02,0.01,0.09,0.0,99.98999999999998
12/07/2021,8.53,8.63,8.78,7.24,6.59,3.99,4.77,4.01,2.91,2.15,1.64,1.88,1.82,1.94,1.66,1.97,1.97,1.06,0.0,1.51,0.92,1.13,1.35,1.21,0.0,0.94,0.82,0.96,0.68,0.84,0.5,0.53,0.49,0.0,0.39,0.49,0.34,0.29,0.33,0.26,0.3,0.28,0.21,0.26,0.29,0.0,0.19,0.16,0.13,0.0,0.12,0.13,0.08,0.15,0.1,0.08,0.0,0.09,0.0,0.0,0.05,0.07,0.0,0.06,0.0,0.0,0.05,0.05,0.03,0.03,0.08,0.02,0.02,0.02,0.02,0.02,0.02,0.0,0.08,0.0,0.0,0.0,0.3,3.59,1.68,1.38,1.24,0.66,0.47,0.2,0.19,0.18,0.14,0.15,0.12,0.11,0.1,0.12,0.0,0.08,0.09,0.1,0.09,0.05,0.04,0.05,0.03,0.02,0.01,0.09,0.0,99.98999999999998
12/08/2021,8.53,8.63,8.78,7.24,6.59,3.99,4.77,4.01,2.91,2.15,1.64,1.88,1.82,1.94,1.66,1.97,1.97,1.06,0.0,1.51,0.92,1.13,1.35,1.21,0.0,0.94,0.82,0.96,0.68,0.84,0.5,0.53,0.49,0.0,0.39,0.49,0.34,0.29,0.33,0.26,0.3,0.28,0.21,0.26,0.29,0.0,0.19,0.16,0.13,0.0,0.12,0.13,0.08,0.15,0.1,0.08,0.0,0.09,0.0,0.0,0.05,0.07,0.0,0.06,0.0,0.0,0.05,0.05,0.03,0.03,0.08,0.02,0.02,0.02,0.02,0.02,0.02,0.0,0.08,0.0,0.0,0.0,0.3,3.59,1.68,1.38,1.24,0.66,0.47,0.2,0.19,0.18,0.14,0.15,0.12,0.11,0.1,0.12,0.0,0.08,0.09,0.1,0.09,0.05,0.04,0.05,0.03,0.02,0.01,0.09,0.0,99.98999999999998
12/09/2021,8.53,8.63,8.78,7.24,6.59,3.99,4.77,4.01,2.91,2.15,1.64,1.88,1.82,1.94,1.66,1.97,1.97,1.06,0.0,1.51,0.92,1.13,1.35,1.21,0.0,0.94,0.82,0.96,0.68,0.84,0.5,0.53,0.49,0.0,0.39,0.49,0.34,0.29,0.33,0.26,0.3,0.28,0.21,0.26,0.29,0.0,0.19,0.16,0.13,0.0,0.12,0.13,0.08,0.15,0.1,0.08,0.0,0.09,0.0,0.0,0.05,0.07,0.0,0.06,0.0,0.0,0.05,0.05,0.03,0.03,0.08,0.02,0.02,0.02,0.02,0.02,0.02,0.0,0.08,0.0,0.0,0.0,0.3,3.59,1.68,1.38,1.24,0.66,0.47,0.2,0.19,0.18,0.14,0.15,0.12,0.11,0.1,0.12,0.0,0.08,0.09,0.1,0.09,0.05,0.04,0.05,0.03,0.02,0.01,0.09,0.0,99.98999999999998
12/10/2021,8.53,8.63,8.78,7.24,6.59,3.99,4.77,4.01,2.91,2.15,1.64,1.88,1.82,1.94,1.66,1.97,1.97,1.06,0.0,1.51,0.92,1.13,1.35,1.21,0.0,0.94,0.82,0.96,0.68,0.84,0.5,0.53,0.49,0.0,0.39,0.49,0.34,0.29,0.33,0.26,0.3,0.28,0.21,0.26,0.29,0.0,0.19,0.16,0.13,0.0,0.12,0.13,0.08,0.15,0.1,0.08,0.0,0.09,0.0,0.0,0.05,0.07,0.0,0.06,0.0,0.0,0.05,0.05,0.03,0.03,0.08,0.02,0.02,0.02,0.02,0.02,0.02,0.0,0.08,0.0,0.0,0.0,0.3,3.59,1.68,1.38,1.24,0.66,0.47,0.2,0.19,0.18,0.14,0.15,0.12,0.11,0.1,0.12,0.0,0.08,0.09,0.1,0.09,0.05,0.04,0.05,0.03,0.02,0.01,0.09,0.0,99.98999999999998
12/13/2021,8.53,8.63,8.78,7.24,6.59,3.99,4.77,4.01,2.91,2.15,1.64,1.88,1.82,1.94,1.66,1.97,1.97,1.06,0.0,1.51,0.92,1.13,1.35,1.21,0.0,0.94,0.82,0.96,0.68,0.84,0.5,0.53,0.49,0.0,0.39,0.49,0.34,0.29,0.33,0.26,0.3,0.28,0.21,0.26,0.29,0.0,0.19,0.16,0.13,0.0,0.12,0.13,0.08,0.15,0.1,0.08,0.0,0.09,0.0,0.0,0.05,0.07,0.0,0.06,0.0,0.0,0.05,0.05,0.03,0.03,0.08,0.02,0.02,0.02,0.02,0.02,0.02,0.0,0.08,0.0,0.0,0.0,0.3,3.59,1.68,1.38,1.24,0.66,0.47,0.2,0.19,0.18,0.14,0.15,0.12,0.11,0.1,0.12,0.0,0.08,0.09,0.1,0.09,0.05,0.04,0.05,0.03,0.02,0.01,0.09,0.0,99.98999999999998
12/14/2021,8.53,8.63,8.78,7.24,6.59,3.99,4.77,4.01,2.91,2.15,1.64,1.88,1.82,1.94,1.66,1.97,1.97,1.06,0.0,1.51,0.92,1.13,1.35,1.21,0.0,0.94,0.82,0.96,0.68,0.84,0.5,0.53,0.49,0.0,0.39,0.49,0.34,0.29,0.33,0.26,0.3,0.28,0.21,0.26,0.29,0.0,0.19,0.16,0.13,0.0,0.12,0.13,0.08,0.15,0.1,0.08,0.0,0.09,0.0,0.0,0.05,0.07,0.0,0.06,0.0,0.0,0.05,0.05,0.03,0.03,0.08,0.02,0.02,0.02,0.02,0.02,0.02,0.0,0.08,0.0,0.0,0.0,0.3,3.59,1.68,1.38,1.24,0.66,0.47,0.2,0.19,0.18,0.14,0.15,0.12,0.11,0.1,0.12,0.0,0.08,0.09,0.1,0.09,0.05,0.04,0.05,0.03,0.02,0.01,0.09,0.0,99.98999999999998
12/15/2021,8.53,8.63,8.78,7.24,6.59,3.99,4.77,4.01,2.91,2.15,1.64,1.88,1.82,1.94,1.66,1.97,1.97,1.06,0.0,1.51,0.92,1.13,1.35,1.21,0.0,0.94,0.82,0.96,0.68,0.84,0.5,0.53,0.49,0.0,0.39,0.49,0.34,0.29,0.33,0.26,0.3,0.28,0.21,0.26,0.29,0.0,0.19,0.16,0.13,0.0,0.12,0.13,0.08,0.15,0.1,0.08,0.0,0.09,0.0,0.0,0.05,0.07,0.0,0.06,0.0,0.0,0.05,0.05,0.03,0.03,0.08,0.02,0.02,0.02,0.02,0.02,0.02,0.0,0.08,0.0,0.0,0.0,0.3,3.59,1.68,1.38,1.24,0.66,0.47,0.2,0.19,0.18,0.14,0.15,0.12,0.11,0.1,0.12,0.0,0.08,0.09,0.1,0.09,0.05,0.04,0.05,0.03,0.02,0.01,0.09,0.0,99.98999999999998
12/16/2021,8.53,8.63,8.78,7.24,6.59,3.99,4.77,4.01,2.91,2.15,1.64,1.88,1.82,1.94,1.66,1.97,1.97,1.06,0.0,1.51,0.92,1.13,1.35,1.21,0.0,0.94,0.82,0.96,0.68,0.84,0.5,0.53,0.49,0.0,0.39,0.49,0.34,0.29,0.33,0.26,0.3,0.28,0.21,0.26,0.29,0.0,0.19,0.16,0.13,0.0,0.12,0.13,0.08,0.15,0.1,0.08,0.0,0.09,0.0,0.0,0.05,0.07,0.0,0.06,0.0,0.0,0.05,0.05,0.03,0.03,0.08,0.02,0.02,0.02,0.02,0.02,0.02,0.0,0.08,0.0,0.0,0.0,0.3,3.59,1.68,1.38,1.24,0.66,0.47,0.2,0.19,0.18,0.14,0.15,0.12,0.11,0.1,0.12,0.0,0.08,0.09,0.1,0.09,0.05,0.04,0.05,0.03,0.02,0.01,0.09,0.0,99.98999999999998
12/17/2021,8.53,8.63,8.78,7.24,6.59,3.99,4.77,4.01,2.91,2.15,1.64,1.88,1.82,1.94,1.66,1.97,1.97,1.06,0.0,1.51,0.92,1.13,1.35,1.21,0.0,0.94,0.82,0.96,0.68,0.84,0.5,0.53,0.49,0.0,0.39,0.49,0.34,0.29,0.33,0.26,0.3,0.28,0.21,0.26,0.29,0.0,0.19,0.16,0.13,0.0,0.12,0.13,0.08,0.15,0.1,0.08,0.0,0.09,0.0,0.0,0.05,0.07,0.0,0.06,0.0,0.0,0.05,0.05,0.03,0.03,0.08,0.02,0.02,0.02,0.02,0.02,0.02,0.0,0.08,0.0,0.0,0.0,0.3,3.59,1.68,1.38,1.24,0.66,0.47,0.2,0.19,0.18,0.14,0.15,0.12,0.11,0.1,0.12,0.0,0.08,0.09,0.1,0.09,0.05,0.04,0.05,0.03,0.02,0.01,0.09,0.0,99.98999999999998
12/20/2021,8.53,8.63,8.78,7.24,6.59,3.99,4.77,4.01,2.91,2.15,1.64,1.88,1.82,1.94,1.66,1.97,1.97,1.06,0.0,1.51,0.92,1.13,1.35,1.21,0.0,0.94,0.82,0.96,0.68,0.84,0.5,0.53,0.49,0.0,0.39,0.49,0.34,0.29,0.33,0.26,0.3,0.28,0.21,0.26,0.29,0.0,0.19,0.16,0.13,0.0,0.12,0.13,0.08,0.15,0.1,0.08,0.0,0.09,0.0,0.0,0.05,0.07,0.0,0.06,0.0,0.0,0.05,0.05,0.03,0.03,0.08,0.02,0.02,0.02,0.02,0.02,0.02,0.0,0.08,0.0,0.0,0.0,0.3,3.59,1.68,1.38,1.24,0.66,0.47,0.2,0.19,0.18,0.14,0.15,0.12,0.11,0.1,0.12,0.0,0.08,0.09,0.1,0.09,0.05,0.04,0.05,0.03,0.02,0.01,0.09,0.0,99.98999999999998
12/21/2021,8.7,8.27,9.85,7.22,7.0,4.18,4.65,3.76,2.68,2.04,1.6,1.98,1.86,1.89,1.67,1.92,1.97,1.03,0.0,1.49,0.92,1.11,1.31,1.15,0.0,0.98,0.78,0.92,0.68,0.82,0.5,0.56,0.51,0.0,0.37,0.49,0.32,0.3,0.31,0.26,0.3,0.26,0.22,0.26,0.29,0.0,0.2,0.15,0.13,0.0,0.13,0.13,0.08,0.15,0.13,0.07,0.0,0.1,0.0,0.0,0.05,0.07,0.0,0.06,0.0,0.0,0.05,0.06,0.03,0.03,0.07,0.02,0.02,0.02,0.02,0.02,0.02,0.0,0.08,0.0,0.0,0.0,0.26,3.35,1.55,1.31,1.21,0.66,0.43,0.21,0.18,0.18,0.14,0.15,0.12,0.1,0.09,0.12,0.1,0.09,0.08,0.09,0.09,0.05,0.04,0.04,0.03,0.02,0.01,0.0,0.0,99.96999999999996
12/22/2021,8.7,8.27,9.85,7.22,7.0,4.18,4.65,3.76,2.68,2.04,1.6,1.98,1.86,1.89,1.67,1.92,1.97,1.03,0.0,1.49,0.92,1.11,1.31,1.15,0.0,0.98,0.78,0.92,0.68,0.82,0.5,0.56,0.51,0.0,0.37,0.49,0.32,0.3,0.31,0.26,0.3,0.26,0.22,0.26,0.29,0.0,0.2,0.15,0.13,0.0,0.13,0.13,0.08,0.15,0.13,0.07,0.0,0.1,0.0,0.0,0.05,0.07,0.0,0.06,0.0,0.0,0.05,0.06,0.03,0.03,0.07,0.02,0.02,0.02,0.02,0.02,0.02,0.0,0.08,0.0,0.0,0.0,0.26,3.35,1.55,1.31,1.21,0.66,0.43,0.21,0.18,0.18,0.14,0.15,0.12,0.1,0.09,0.12,0.1,0.09,0.08,0.09,0.09,0.05,0.04,0.04,0.03,0.02,0.01,0.0,0.0,99.96999999999996
12/23/2021,8.02,7.55,9.1,7.87,8.47,3.94,3.82,3.74,2.42,1.64,1.47,2.15,2.06,1.97,2.07,1.96,1.95,1.21,0.0,1.33,0.91,1.17,1.1,0.96,0.0,0.94,0.78,0.96,0.81,0.79,0.6,0.52,0.54,0.0,0.38,0.57,0.39,0.35,0.33,0.34,0.33,0.26,0.29,0.25,0.29,0.0,0.23,0.15,0.17,0.0,0.15,0.13,0.11,0.19,0.13,0.09,0.0,0.11,0.0,0.0,0.06,0.06,0.0,0.05,0.0,0.0,0.05,0.05,0.03,0.03,0.07,0.03,0.02,0.02,0.02,0.02,0.02,0.0,0.08,0.0,0.0,0.0,0.29,3.42,1.89,1.4,1.14,0.63,0.55,0.12,0.17,0.21,0.16,0.16,0.1,0.12,0.11,0.11,0.11,0.09,0.09,0.14,0.08,0.06,0.04,0.03,0.03,0.02,0.01,0.0,0.0,99.95
12/24/2021,8.02,7.55,9.1,7.87,8.47,3.94,3.82,3.74,2.42,1.64,1.47,2.15,2.06,1.97,2.07,1.96,1.95,1.21,0.0,1.33,0.91,1.17,1.1,0.96,0.0,0.94,0.78,0.96,0.81,0.79,0.6,0.52,0.54,0.0,0.38,0.57,0.39,0.35,0.33,0.34,0.33,0.26,0.29,0.25,0.29,0.0,0.23,0.15,0.17,0.0,0.15,0.13,0.11,0.19,0.13,0.09,0.0,0.11,0.0,0.0,0.06,0.06,0.0,0.05,0.0,0.0,0.05,0.05,0.03,0.03,0.07,0.03,0.02,0.02,0.02,0.02,0.02,0.0,0.08,0.0,0.0,0.0,0.29,3.42,1.89,1.4,1.14,0.63,0.55,0.12,0.17,0.21,0.16,0.16,0.1,0.12,0.11,0.11,0.11,0.09,0.09,0.14,0.08,0.06,0.04,0.03,0.03,0.02,0.01,0.0,0.0,99.95
12/27/2021,8.06,7.65,9.07,7.88,8.43,3.74,3.82,3.68,2.41,1.66,1.53,2.15,1.98,1.92,2.06,1.92,1.94,1.2,0.0,1.36,0.91,1.2,1.13,1.02,0.0,0.95,0.78,0.97,0.8,0.81,0.6,0.52,0.53,0.0,0.4,0.57,0.39,0.38,0.33,0.39,0.33,0.26,0.29,0.26,0.29,0.0,0.23,0.15,0.17,0.0,0.16,0.13,0.11,0.2,0.13,0.09,0.0,0.11,0.0,0.0,0.06,0.06,0.0,0.05,0.0,0.0,0.05,0.05,0.03,0.03,0.08,0.03,0.02,0.02,0.02,0.02,0.02,0.0,0.08,0.0,0.0,0.0,0.32,3.47,1.89,1.38,1.14,0.64,0.54,0.12,0.17,0.21,0.15,0.17,0.1,0.12,0.11,0.11,0.11,0.1,0.09,0.14,0.08,0.06,0.04,0.03,0.04,0.02,0.01,0.0,0.0,100.02999999999996
12/28/2021,8.06,7.65,9.07,7.88,8.43,3.74,3.82,3.68,2.41,1.66,1.53,2.15,1.98,1.92,2.06,1.92,1.94,1.2,0.0,1.36,0.91,1.2,1.13,1.02,0.0,0.95,0.78,0.97,0.8,0.81,0.6,0.52,0.53,0.0,0.4,0.57,0.39,0.38,0.33,0.39,0.33,0.26,0.29,0.26,0.29,0.0,0.23,0.15,0.17,0.0,0.16,0.13,0.11,0.2,0.13,0.09,0.0,0.11,0.0,0.0,0.06,0.06,0.0,0.05,0.0,0.0,0.05,0.05,0.03,0.03,0.08,0.03,0.02,0.02,0.02,0.02,0.02,0.0,0.08,0.0,0.0,0.0,0.32,3.47,1.89,1.38,1.14,0.64,0.54,0.12,0.17,0.21,0.15,0.17,0.1,0.12,0.11,0.11,0.11,0.1,0.09,0.14,0.08,0.06,0.04,0.03,0.04,0.02,0.01,0.0,0.0,100.02999999999996
12/29/2021,8.06,7.65,9.07,7.88,8.43,3.74,3.82,3.68,2.41,1.66,1.53,2.15,1.98,1.92,2.06,1.92,1.94,1.2,0.0,1.36,0.91,1.2,1.13,1.02,0.0,0.95,0.78,0.97,0.8,0.81,0.6,0.52,0.53,0.0,0.4,0.57,0.39,0.38,0.33,0.39,0.33,0.26,0.29,0.26,0.29,0.0,0.23,0.15,0.17,0.0,0.16,0.13,0.11,0.2,0.13,0.09,0.0,0.11,0.0,0.0,0.06,0.06,0.0,0.05,0.0,0.0,0.05,0.05,0.03,0.03,0.08,0.03,0.02,0.02,0.02,0.02,0.02,0.0,0.08,0.0,0.0,0.0,0.32,3.47,1.89,1.38,1.14,0.64,0.54,0.12,0.17,0.21,0.15,0.17,0.1,0.12,0.11,0.11,0.11,0.1,0.09,0.14,0.08,0.06,0.04,0.03,0.04,0.02,0.01,0.0,0.0,100.02999999999996
12/30/2021,8.13,7.72,9.08,7.87,8.38,3.68,3.85,3.72,2.41,1.65,1.57,2.15,1.95,1.91,2.02,1.91,1.91,1.18,0.0,1.39,0.92,1.19,1.13,1.05,0.0,0.96,0.79,0.98,0.79,0.82,0.6,0.53,0.52,0.0,0.41,0.58,0.39,0.38,0.33,0.37,0.33,0.26,0.29,0.26,0.29,0.0,0.23,0.14,0.16,0.0,0.16,0.13,0.1,0.18,0.13,0.08,0.0,0.11,0.0,0.0,0.06,0.06,0.0,0.05,0.0,0.0,0.05,0.05,0.03,0.04,0.08,0.03,0.02,0.02,0.02,0.02,0.02,0.0,0.08,0.0,0.0,0.0,0.29,3.48,1.88,1.39,1.16,0.64,0.53,0.12,0.17,0.21,0.15,0.17,0.06,0.11,0.11,0.11,0.11,0.1,0.09,0.13,0.08,0.07,0.04,0.03,0.04,0.02,0.01,0.0,0.0,99.99999999999996
12/31/2021,8.08,7.69,9.0,7.83,8.44,3.64,3.81,3.7,2.4,1.65,1.54,2.16,1.95,1.91,2.02,1.9,1.9,1.18,0.0,1.37,0.92,1.2,1.13,1.03,0.0,0.96,0.79,0.97,0.79,0.81,0.6,0.53,0.52,0.0,0.4,0.58,0.39,0.38,0.33,0.37,0.33,0.26,0.29,0.26,0.29,0.0,0.23,0.15,0.17,0.0,0.15,0.13,0.1,0.17,0.13,0.08,0.0,0.11,0.0,0.0,0.06,0.06,0.0,0.05,0.0,0.0,0.05,0.05,0.03,0.04,0.08,0.03,0.02,0.02,0.02,0.02,0.02,0.0,0.08,0.0,0.0,0.0,0.66,3.46,1.88,1.38,1.16,0.64,0.53,0.12,0.16,0.21,0.15,0.17,0.05,0.11,0.11,0.11,0.11,0.1,0.09,0.13,0.08,0.07,0.05,0.03,0.04,0.02,0.01,0.0,0.0,99.98
01/03/2022,8.05,7.66,8.97,7.85,8.54,3.62,3.78,3.68,2.41,1.64,1.53,2.17,1.94,1.92,2.03,1.91,1.91,1.19,0.0,1.38,0.93,1.19,1.14,1.02,0.0,0.97,0.78,0.96,0.79,0.8,0.6,0.53,0.53,0.0,0.4,0.58,0.39,0.38,0.34,0.37,0.33,0.26,0.29,0.26,0.29,0.0,0.23,0.15,0.17,0.0,0.16,0.13,0.1,0.18,0.13,0.09,0.0,0.11,0.0,0.0,0.06,0.06,0.0,0.05,0.0,0.0,0.05,0.05,0.03,0.04,0.08,0.03,0.02,0.02,0.02,0.02,0.02,0.0,0.08,0.0,0.0,0.0,0.7,3.43,1.89,1.38,1.15,0.64,0.54,0.12,0.16,0.21,0.14,0.17,0.05,0.11,0.11,0.11,0.11,0.09,0.09,0.14,0.08,0.08,0.05,0.03,0.04,0.02,0.01,0.0,0.0,100.03999999999998
01/03/2022,8.08,7.66,9.04,7.88,8.59,3.62,3.81,3.69,2.44,1.65,1.54,2.17,1.94,1.94,2.03,1.94,1.89,1.21,0.0,1.39,0.94,1.19,1.14,1.04,0.0,0.97,0.79,0.97,0.79,0.81,0.6,0.54,0.53,0.0,0.41,0.58,0.39,0.38,0.34,0.37,0.33,0.26,0.28,0.26,0.29,0.0,0.23,0.15,0.17,0.0,0.15,0.13,0.1,0.18,0.13,0.09,0.0,0.12,0.0,0.0,0.06,0.06,0.0,0.05,0.0,0.0,0.05,0.05,0.03,0.04,0.08,0.03,0.02,0.02,0.02,0.02,0.02,0.0,0.08,0.0,0.0,0.0,0.2,3.45,1.89,1.39,1.16,0.65,0.54,0.12,0.17,0.21,0.14,0.17,0.05,0.11,0.11,0.11,0.11,0.1,0.09,0.14,0.08,0.08,0.05,0.03,0.04,0.02,0.01,0.0,0.0,100.00999999999998
01/03/2022,8.08,7.66,9.04,7.88,8.59,3.62,3.81,3.69,2.44,1.65,1.54,2.17,1.94,1.94,2.03,1.94,1.89,1.21,0.0,1.39,0.94,1.19,1.14,1.04,0.0,0.97,0.79,0.97,0.79,0.81,0.6,0.54,0.53,0.0,0.41,0.58,0.39,0.38,0.34,0.37,0.33,0.26,0.28,0.26,0.29,0.0,0.23,0.15,0.17,0.0,0.15,0.13,0.1,0.18,0.13,0.09,0.0,0.12,0.0,0.0,0.06,0.06,0.0,0.05,0.0,0.0,0.05,0.05,0.03,0.04,0.08,0.03,0.02,0.02,0.02,0.02,0.02,0.0,0.08,0.0,0.0,0.0,0.2,3.45,1.89,1.39,1.16,0.65,0.54,0.12,0.17,0.21,0.14,0.17,0.05,0.11,0.11,0.11,0.11,0.1,0.09,0.14,0.08,0.08,0.05,0.03,0.04,0.02,0.01,0.0,0.0,100.00999999999998
01/04/2022,8.08,7.66,9.04,7.88,8.59,3.62,3.81,3.69,2.44,1.65,1.54,2.17,1.94,1.94,2.03,1.94,1.89,1.21,0.0,1.39,0.94,1.19,1.14,1.04,0.0,0.97,0.79,0.97,0.79,0.81,0.6,0.54,0.53,0.0,0.41,0.58,0.39,0.38,0.34,0.37,0.33,0.26,0.28,0.26,0.29,0.0,0.23,0.15,0.17,0.0,0.15,0.13,0.1,0.18,0.13,0.09,0.0,0.12,0.0,0.0,0.06,0.06,0.0,0.05,0.0,0.0,0.05,0.05,0.03,0.04,0.08,0.03,0.02,0.02,0.02,0.02,0.02,0.0,0.08,0.0,0.0,0.0,0.2,3.45,1.89,1.39,1.16,0.65,0.54,0.12,0.17,0.21,0.14,0.17,0.05,0.11,0.11,0.11,0.11,0.1,0.09,0.14,0.08,0.08,0.05,0.03,0.04,0.02,0.01,0.0,0.0,100.00999999999998
01/05/2022,8.08,7.66,9.04,7.88,8.59,3.62,3.81,3.69,2.44,1.65,1.54,2.17,1.94,1.94,2.03,1.94,1.89,1.21,0.0,1.39,0.94,1.19,1.14,1.04,0.0,0.97,0.79,0.97,0.79,0.81,0.6,0.54,0.53,0.0,0.41,0.58,0.39,0.38,0.34,0.37,0.33,0.26,0.28,0.26,0.29,0.0,0.23,0.15,0.17,0.0,0.15,0.13,0.1,0.18,0.13,0.09,0.0,0.12,0.0,0.0,0.06,0.06,0.0,0.05,0.0,0.0,0.05,0.05,0.03,0.04,0.08,0.03,0.02,0.02,0.02,0.02,0.02,0.0,0.08,0.0,0.0,0.0,0.2,3.45,1.89,1.39,1.16,0.65,0.54,0.12,0.17,0.21,0.14,0.17,0.05,0.11,0.11,0.11,0.11,0.1,0.09,0.14,0.08,0.08,0.05,0.03,0.04,0.02,0.01,0.0,0.0,100.00999999999998
