,ORCL,VZ,BR,VRSN,DLB,SSNC,CHTR,MSFT,T,JKHY,CSCO,AKAM,IT,CTSH,IBM,ARW,NLOK,SIRI,EPAM,CDW,NWSA,CDK,IPG,VMW,WU,HPQ,CTXS,OMC,TTWO,DBX,KMI,NXST,HPE,FOXA,AZPN,ORLY,AZO,DPZ,ALL,FSLR,TGT,SNX,VIAC,YUM,PGR,DXC,LUMN,SCI,MRK,LH,TSCO,JNJ,BDX,LOW,DGX,BMY,ORI,CERN,GILD,GS,ABBV,XEC,TMX,SLM,ABT,JEF,AIZ,UNH,HUM,TMO,PFE,WAT,JPM,TRV,AFL,MS,TRGP,CVS,FAF,NOC,DVA,Y,SC,REGN,EXPD,BBY,SEE,MAT,WHR,AN,SON,PSA,OVV,OTIS,PKI,EXR,NWL,LMT,BERY,CMS,LSI,MMM,CUBE,HRC,DKS,UHAL,CACI,LSTR,PII,LKQ,UTHR,KNX,CACC,JBHT,LLY,CAH,GD,APA,CINF,SF,KMB,TPX,GIS,HOLX,PEG,EVRG,HCA,LII,PG,K,ANTM,UHS,BC,UGI,HIG,CAG,SJM,SWK,ALXN,CL,WMT,WSM,DTE,BOKF,HSY,AMG,CI,WSO,UPS,OMF,CNC,COF,CLX,VRTX,MO,IP,KR,AFG,TXRH,DE,HII,PHM,CPB,GM,MDU,TPR,KHC,ADM,ALLY,F,SNA,CROX,IRM,LB,NEM,FHN,TSN,PWR,FDX,CASY,WY,NUE,PBCT,AGCO,KRC,KEY,FL,RHI,FE,MAN,BYD,LPX,OC,JLL,BIIB,SNV,MTZ,THC,AYI,MOS,Boyd Gaming Corp,DTM WI,n/a,VSCO WI,BBWI WI,VSCO,ADP,JCOM,GOOGL,BKI,FISV,ADBE,FTNT,MCD,BSY,AAP,DISCA,GPC,CBOE,C,ZM,RSG,COR,BAX,PAG,TTC,PM,CHE,DFS,LHX,COO,DUK,CMI,DHR,EHC,RF,MCK,IQV,ABC,STLD,FANG,UAA,BRKR,HSIC,CBRE,EFX,SYNH,OLN,XRAY,KSS,X,ACI,M,BRX,BJ,MRNA,CCSI,ZD,SUM
07/09/2021,1.39,1.33,1.3,1.28,1.26,1.25,1.25,1.22,1.22,1.14,1.14,1.13,1.08,1.08,1.06,1.03,1.0,1.0,0.98,0.98,0.97,0.97,0.97,0.96,0.95,0.94,0.93,0.92,0.91,0.87,0.83,0.79,0.77,0.73,0.73,0.65,0.65,0.63,0.62,0.62,0.6,0.59,0.58,0.57,0.57,0.56,0.55,0.54,0.52,0.52,0.52,0.51,0.51,0.5,0.5,0.5,0.49,0.49,0.49,0.48,0.48,0.48,0.48,0.47,0.47,0.47,0.47,0.47,0.47,0.46,0.46,0.45,0.45,0.45,0.44,0.44,0.44,0.44,0.44,0.43,0.43,0.43,0.43,0.43,0.42,0.42,0.42,0.42,0.41,0.41,0.41,0.41,0.41,0.41,0.41,0.41,0.4,0.4,0.4,0.4,0.4,0.39,0.39,0.39,0.39,0.39,0.39,0.38,0.38,0.38,0.38,0.37,0.37,0.37,0.37,0.37,0.37,0.37,0.37,0.36,0.36,0.36,0.36,0.36,0.36,0.35,0.35,0.35,0.35,0.35,0.35,0.35,0.35,0.34,0.34,0.34,0.34,0.34,0.34,0.34,0.34,0.34,0.34,0.34,0.34,0.34,0.33,0.33,0.33,0.33,0.33,0.33,0.33,0.33,0.33,0.33,0.33,0.32,0.32,0.32,0.32,0.32,0.32,0.31,0.31,0.31,0.31,0.31,0.31,0.31,0.31,0.3,0.3,0.3,0.3,0.3,0.29,0.29,0.28,0.28,0.28,0.28,0.28,0.27,0.27,0.27,0.27,0.27,0.27,0.27,0.26,0.26,0.26,0.25,0.24,0.24,0.22,0.21,0.21,0.2,0.0,0.0,0.0,0.0,0.0,0.0,0.0,0.0,0.0,0.0,0.0,0.0,0.0,0.0,0.0,0.0,0.0,0.0,0.0,0.0,0.0,0.0,0.0,0.0,0.0,0.0,0.0,0.0,0.0,0.0,0.0,0.0,0.0,0.0,0.0,0.0,0.0,0.0,0.0,0.0,0.0,0.0,0.0,0.0,0.0,0.0,0.0,0.0,0.0,0.0,0.0,0.0,0.0,0.0,0.0,0.0,0.0,0.0,99.91
07/12/2021,1.46,1.33,1.33,1.29,1.25,1.25,1.27,1.23,1.21,1.15,1.13,1.13,1.1,1.07,1.06,1.02,1.02,0.99,1.0,0.99,0.96,0.97,0.95,0.97,0.95,0.93,0.92,0.91,0.89,0.88,0.82,0.76,0.76,0.71,0.75,0.66,0.65,0.64,0.62,0.62,0.6,0.58,0.57,0.58,0.57,0.54,0.54,0.55,0.52,0.53,0.52,0.51,0.52,0.51,0.51,0.5,0.49,0.49,0.48,0.48,0.49,0.46,0.49,0.45,0.48,0.46,0.47,0.47,0.47,0.47,0.46,0.47,0.45,0.46,0.44,0.43,0.43,0.43,0.44,0.44,0.43,0.43,0.43,0.43,0.42,0.4,0.41,0.4,0.42,0.41,0.42,0.42,0.38,0.41,0.41,0.42,0.39,0.4,0.41,0.4,0.41,0.4,0.4,0.4,0.38,0.38,0.39,0.39,0.38,0.38,0.38,0.41,0.36,0.37,0.37,0.36,0.37,0.34,0.36,0.36,0.37,0.35,0.36,0.37,0.36,0.36,0.36,0.36,0.35,0.35,0.35,0.35,0.34,0.34,0.34,0.35,0.34,0.34,0.34,0.34,0.34,0.34,0.35,0.33,0.34,0.38,0.33,0.34,0.34,0.33,0.33,0.33,0.34,0.33,0.33,0.33,0.32,0.32,0.32,0.32,0.31,0.32,0.32,0.3,0.31,0.3,0.31,0.31,0.31,0.29,0.31,0.29,0.3,0.29,0.3,0.28,0.29,0.29,0.28,0.28,0.28,0.28,0.27,0.27,0.27,0.26,0.26,0.26,0.27,0.26,0.0,0.25,0.26,0.24,0.25,0.23,0.21,0.21,0.2,0.2,0.24,0.0,0.0,0.0,0.0,0.0,0.0,0.0,0.0,0.0,0.0,0.0,0.0,0.0,0.0,0.0,0.0,0.0,0.0,0.0,0.0,0.0,0.0,0.0,0.0,0.0,0.0,0.0,0.0,0.0,0.0,0.0,0.0,0.0,0.0,0.0,0.0,0.0,0.0,0.0,0.0,0.0,0.0,0.0,0.0,0.0,0.0,0.0,0.0,0.0,0.0,0.0,0.0,0.0,0.0,0.0,0.0,0.0,99.85
07/13/2021,1.46,1.33,1.33,1.29,1.25,1.25,1.27,1.23,1.21,1.15,1.13,1.13,1.1,1.07,1.06,1.02,1.02,0.99,1.0,0.99,0.96,0.97,0.95,0.97,0.95,0.93,0.92,0.91,0.89,0.88,0.82,0.76,0.76,0.71,0.75,0.66,0.65,0.64,0.62,0.62,0.6,0.58,0.57,0.58,0.57,0.54,0.54,0.55,0.52,0.53,0.52,0.51,0.52,0.51,0.51,0.5,0.49,0.49,0.48,0.48,0.49,0.46,0.49,0.45,0.48,0.46,0.47,0.47,0.47,0.47,0.46,0.47,0.45,0.46,0.44,0.43,0.43,0.43,0.44,0.44,0.43,0.43,0.43,0.43,0.42,0.4,0.41,0.4,0.42,0.41,0.42,0.42,0.38,0.41,0.41,0.42,0.39,0.4,0.41,0.4,0.41,0.4,0.4,0.4,0.38,0.38,0.39,0.39,0.38,0.38,0.38,0.41,0.36,0.37,0.37,0.36,0.37,0.34,0.36,0.36,0.37,0.35,0.36,0.37,0.36,0.36,0.36,0.36,0.35,0.35,0.35,0.35,0.34,0.34,0.34,0.35,0.34,0.34,0.34,0.34,0.34,0.34,0.35,0.33,0.34,0.38,0.33,0.34,0.34,0.33,0.33,0.33,0.34,0.33,0.33,0.33,0.32,0.32,0.32,0.32,0.31,0.32,0.32,0.3,0.31,0.3,0.31,0.31,0.31,0.29,0.31,0.29,0.3,0.29,0.3,0.28,0.29,0.29,0.28,0.28,0.28,0.28,0.27,0.27,0.27,0.26,0.26,0.26,0.27,0.26,0.0,0.25,0.26,0.24,0.25,0.23,0.21,0.21,0.2,0.2,0.24,0.0,0.0,0.0,0.0,0.0,0.0,0.0,0.0,0.0,0.0,0.0,0.0,0.0,0.0,0.0,0.0,0.0,0.0,0.0,0.0,0.0,0.0,0.0,0.0,0.0,0.0,0.0,0.0,0.0,0.0,0.0,0.0,0.0,0.0,0.0,0.0,0.0,0.0,0.0,0.0,0.0,0.0,0.0,0.0,0.0,0.0,0.0,0.0,0.0,0.0,0.0,0.0,0.0,0.0,0.0,0.0,0.0,99.85
07/14/2021,1.48,1.32,1.33,1.29,1.25,1.25,1.25,1.22,1.19,1.15,1.14,1.13,1.09,1.07,1.07,1.01,1.01,0.98,1.0,0.98,0.96,0.97,0.97,0.97,0.95,0.92,0.91,0.91,0.87,0.88,0.83,0.77,0.76,0.71,0.74,0.66,0.65,0.64,0.62,0.63,0.6,0.59,0.56,0.58,0.57,0.55,0.54,0.55,0.52,0.52,0.51,0.51,0.51,0.5,0.51,0.5,0.49,0.49,0.48,0.48,0.49,0.49,0.48,0.45,0.48,0.45,0.47,0.47,0.47,0.47,0.46,0.47,0.45,0.46,0.44,0.43,0.44,0.43,0.45,0.44,0.43,0.43,0.43,0.42,0.42,0.4,0.41,0.41,0.42,0.43,0.42,0.42,0.39,0.41,0.4,0.42,0.4,0.4,0.4,0.4,0.41,0.4,0.41,0.39,0.39,0.38,0.39,0.38,0.39,0.39,0.38,0.41,0.37,0.37,0.37,0.36,0.37,0.35,0.37,0.37,0.36,0.34,0.36,0.37,0.36,0.36,0.36,0.35,0.35,0.35,0.35,0.35,0.35,0.34,0.34,0.34,0.34,0.34,0.34,0.34,0.34,0.35,0.35,0.34,0.34,0.38,0.33,0.34,0.34,0.33,0.33,0.34,0.33,0.33,0.33,0.33,0.32,0.32,0.32,0.32,0.31,0.31,0.32,0.31,0.31,0.31,0.31,0.31,0.31,0.3,0.31,0.3,0.31,0.3,0.3,0.29,0.29,0.29,0.28,0.29,0.29,0.28,0.27,0.27,0.28,0.26,0.27,0.27,0.27,0.26,0.0,0.26,0.25,0.25,0.25,0.24,0.21,0.21,0.2,0.2,0.24,0.0,0.0,0.0,0.0,0.0,0.0,0.0,0.0,0.0,0.0,0.0,0.0,0.0,0.0,0.0,0.0,0.0,0.0,0.0,0.0,0.0,0.0,0.0,0.0,0.0,0.0,0.0,0.0,0.0,0.0,0.0,0.0,0.0,0.0,0.0,0.0,0.0,0.0,0.0,0.0,0.0,0.0,0.0,0.0,0.0,0.0,0.0,0.0,0.0,0.0,0.0,0.0,0.0,0.0,0.0,0.0,0.0,99.98
07/15/2021,1.48,1.32,1.33,1.29,1.25,1.25,1.25,1.22,1.19,1.15,1.14,1.13,1.09,1.07,1.07,1.01,1.01,0.98,1.0,0.98,0.96,0.97,0.97,0.97,0.95,0.92,0.91,0.91,0.87,0.88,0.83,0.77,0.76,0.71,0.74,0.66,0.65,0.64,0.62,0.63,0.6,0.59,0.56,0.58,0.57,0.55,0.54,0.55,0.52,0.52,0.51,0.51,0.51,0.5,0.51,0.5,0.49,0.49,0.48,0.48,0.49,0.49,0.48,0.45,0.48,0.45,0.47,0.47,0.47,0.47,0.46,0.47,0.45,0.46,0.44,0.43,0.44,0.43,0.45,0.44,0.43,0.43,0.43,0.42,0.42,0.4,0.41,0.41,0.42,0.43,0.42,0.42,0.39,0.41,0.4,0.42,0.4,0.4,0.4,0.4,0.41,0.4,0.41,0.39,0.39,0.38,0.39,0.38,0.39,0.39,0.38,0.41,0.37,0.37,0.37,0.36,0.37,0.35,0.37,0.37,0.36,0.34,0.36,0.37,0.36,0.36,0.36,0.35,0.35,0.35,0.35,0.35,0.35,0.34,0.34,0.34,0.34,0.34,0.34,0.34,0.34,0.35,0.35,0.34,0.34,0.38,0.33,0.34,0.34,0.33,0.33,0.34,0.33,0.33,0.33,0.33,0.32,0.32,0.32,0.32,0.31,0.31,0.32,0.31,0.31,0.31,0.31,0.31,0.31,0.3,0.31,0.3,0.31,0.3,0.3,0.29,0.29,0.29,0.28,0.29,0.29,0.28,0.27,0.27,0.28,0.26,0.27,0.27,0.27,0.26,0.0,0.26,0.25,0.25,0.25,0.24,0.21,0.21,0.2,0.2,0.24,0.0,0.0,0.0,0.0,0.0,0.0,0.0,0.0,0.0,0.0,0.0,0.0,0.0,0.0,0.0,0.0,0.0,0.0,0.0,0.0,0.0,0.0,0.0,0.0,0.0,0.0,0.0,0.0,0.0,0.0,0.0,0.0,0.0,0.0,0.0,0.0,0.0,0.0,0.0,0.0,0.0,0.0,0.0,0.0,0.0,0.0,0.0,0.0,0.0,0.0,0.0,0.0,0.0,0.0,0.0,0.0,0.0,99.98
07/16/2021,1.47,1.32,1.32,1.27,1.23,1.25,1.22,1.22,1.2,1.14,1.13,1.1,1.09,1.07,1.06,1.01,1.0,0.98,1.01,0.97,0.97,0.96,0.96,0.94,0.95,0.89,0.89,0.9,0.88,0.87,0.82,0.77,0.76,0.72,0.73,0.66,0.66,0.64,0.63,0.64,0.61,0.58,0.57,0.58,0.57,0.57,0.54,0.56,0.51,0.52,0.51,0.51,0.51,0.5,0.51,0.5,0.49,0.49,0.48,0.49,0.49,0.49,0.49,0.46,0.48,0.45,0.47,0.47,0.48,0.46,0.46,0.47,0.46,0.46,0.45,0.46,0.44,0.43,0.45,0.43,0.44,0.43,0.43,0.42,0.42,0.4,0.41,0.41,0.42,0.44,0.42,0.42,0.38,0.41,0.4,0.42,0.4,0.4,0.4,0.4,0.43,0.39,0.41,0.39,0.39,0.37,0.39,0.38,0.38,0.39,0.38,0.4,0.37,0.37,0.37,0.36,0.37,0.35,0.37,0.37,0.36,0.35,0.35,0.37,0.36,0.36,0.36,0.35,0.35,0.35,0.36,0.35,0.35,0.34,0.35,0.34,0.34,0.34,0.34,0.36,0.34,0.35,0.35,0.33,0.34,0.39,0.33,0.34,0.34,0.34,0.34,0.35,0.33,0.33,0.33,0.34,0.32,0.33,0.33,0.32,0.31,0.31,0.32,0.31,0.31,0.31,0.31,0.31,0.32,0.3,0.31,0.31,0.31,0.31,0.3,0.29,0.29,0.29,0.28,0.28,0.29,0.28,0.27,0.27,0.28,0.27,0.27,0.27,0.27,0.26,0.0,0.25,0.25,0.25,0.24,0.24,0.22,0.21,0.2,0.2,0.25,0.0,0.0,0.0,0.0,0.0,0.0,0.0,0.0,0.0,0.0,0.0,0.0,0.0,0.0,0.0,0.0,0.0,0.0,0.0,0.0,0.0,0.0,0.0,0.0,0.0,0.0,0.0,0.0,0.0,0.0,0.0,0.0,0.0,0.0,0.0,0.0,0.0,0.0,0.0,0.0,0.0,0.0,0.0,0.0,0.0,0.0,0.0,0.0,0.0,0.0,0.0,0.0,0.0,0.0,0.0,0.0,0.0,99.97
07/19/2021,1.5,1.33,1.35,1.29,1.25,1.27,1.2,1.25,1.2,1.16,1.15,1.12,1.09,1.08,1.06,1.02,0.99,0.98,1.03,0.98,0.95,0.96,0.96,0.93,0.97,0.88,0.91,0.9,0.88,0.87,0.81,0.76,0.74,0.71,0.73,0.67,0.66,0.65,0.62,0.61,0.62,0.57,0.56,0.58,0.56,0.56,0.53,0.56,0.52,0.52,0.52,0.52,0.5,0.5,0.51,0.51,0.48,0.49,0.48,0.49,0.5,0.46,0.48,0.46,0.47,0.48,0.47,0.47,0.49,0.46,0.47,0.48,0.45,0.46,0.45,0.46,0.43,0.44,0.44,0.43,0.43,0.42,0.43,0.43,0.42,0.4,0.41,0.4,0.42,0.44,0.42,0.42,0.36,0.42,0.4,0.42,0.4,0.4,0.4,0.41,0.43,0.4,0.41,0.39,0.4,0.38,0.4,0.39,0.37,0.39,0.38,0.41,0.36,0.38,0.38,0.37,0.37,0.33,0.37,0.37,0.37,0.34,0.36,0.36,0.36,0.36,0.36,0.32,0.36,0.35,0.36,0.35,0.34,0.34,0.35,0.33,0.34,0.34,0.34,0.36,0.35,0.34,0.35,0.33,0.35,0.37,0.33,0.33,0.34,0.33,0.33,0.34,0.34,0.33,0.33,0.34,0.33,0.33,0.33,0.32,0.31,0.3,0.31,0.31,0.31,0.31,0.3,0.3,0.31,0.29,0.31,0.31,0.31,0.31,0.3,0.28,0.28,0.29,0.28,0.28,0.28,0.28,0.27,0.26,0.28,0.26,0.26,0.27,0.27,0.27,0.0,0.25,0.25,0.25,0.25,0.24,0.21,0.2,0.19,0.2,0.24,0.0,0.0,0.0,0.0,0.0,0.0,0.0,0.0,0.0,0.0,0.0,0.0,0.0,0.0,0.0,0.0,0.0,0.0,0.0,0.0,0.0,0.0,0.0,0.0,0.0,0.0,0.0,0.0,0.0,0.0,0.0,0.0,0.0,0.0,0.0,0.0,0.0,0.0,0.0,0.0,0.0,0.0,0.0,0.0,0.0,0.0,0.0,0.0,0.0,0.0,0.0,0.0,0.0,0.0,0.0,0.0,0.0,99.94
07/20/2021,1.5,1.35,1.36,1.29,1.23,1.28,1.23,1.25,1.21,1.2,1.16,1.14,1.1,1.07,1.07,1.0,0.97,0.97,1.02,0.98,0.93,0.95,0.94,0.93,0.98,0.85,0.92,0.89,0.88,0.86,0.8,0.76,0.74,0.7,0.74,0.68,0.68,0.65,0.62,0.58,0.62,0.55,0.54,0.58,0.56,0.55,0.52,0.57,0.52,0.52,0.53,0.52,0.51,0.51,0.51,0.51,0.48,0.48,0.49,0.48,0.5,0.44,0.49,0.46,0.48,0.48,0.48,0.48,0.5,0.48,0.48,0.48,0.45,0.47,0.45,0.46,0.41,0.44,0.45,0.43,0.43,0.43,0.43,0.43,0.42,0.41,0.4,0.4,0.42,0.43,0.42,0.43,0.34,0.42,0.41,0.42,0.41,0.4,0.4,0.42,0.43,0.4,0.41,0.39,0.37,0.37,0.4,0.38,0.37,0.38,0.38,0.4,0.38,0.38,0.37,0.37,0.37,0.31,0.37,0.36,0.38,0.33,0.36,0.37,0.37,0.38,0.37,0.33,0.37,0.36,0.36,0.35,0.34,0.34,0.35,0.34,0.36,0.34,0.33,0.37,0.35,0.33,0.36,0.32,0.35,0.36,0.33,0.33,0.34,0.33,0.33,0.34,0.35,0.34,0.33,0.33,0.34,0.34,0.32,0.32,0.31,0.3,0.32,0.3,0.32,0.29,0.31,0.3,0.31,0.28,0.3,0.3,0.31,0.3,0.3,0.27,0.29,0.29,0.28,0.29,0.28,0.27,0.26,0.26,0.28,0.26,0.25,0.26,0.27,0.26,0.0,0.23,0.25,0.25,0.23,0.24,0.21,0.21,0.19,0.19,0.23,0.0,0.0,0.0,0.0,0.0,0.0,0.0,0.0,0.0,0.0,0.0,0.0,0.0,0.0,0.0,0.0,0.0,0.0,0.0,0.0,0.0,0.0,0.0,0.0,0.0,0.0,0.0,0.0,0.0,0.0,0.0,0.0,0.0,0.0,0.0,0.0,0.0,0.0,0.0,0.0,0.0,0.0,0.0,0.0,0.0,0.0,0.0,0.0,0.0,0.0,0.0,0.0,0.0,0.0,0.0,0.0,0.0,99.87
07/21/2021,1.5,1.35,1.36,1.29,1.23,1.28,1.23,1.25,1.21,1.2,1.16,1.14,1.1,1.07,1.07,1.0,0.97,0.97,1.02,0.98,0.93,0.95,0.94,0.93,0.98,0.85,0.92,0.89,0.88,0.86,0.8,0.76,0.74,0.7,0.74,0.68,0.68,0.65,0.62,0.58,0.62,0.55,0.54,0.58,0.56,0.55,0.52,0.57,0.52,0.52,0.53,0.52,0.51,0.51,0.51,0.51,0.48,0.48,0.49,0.48,0.5,0.44,0.49,0.46,0.48,0.48,0.48,0.48,0.5,0.48,0.48,0.48,0.45,0.47,0.45,0.46,0.41,0.44,0.45,0.43,0.43,0.43,0.43,0.43,0.42,0.41,0.4,0.4,0.42,0.43,0.42,0.43,0.34,0.42,0.41,0.42,0.41,0.4,0.4,0.42,0.43,0.4,0.41,0.39,0.37,0.37,0.4,0.38,0.37,0.38,0.38,0.4,0.38,0.38,0.37,0.37,0.37,0.31,0.37,0.36,0.38,0.33,0.36,0.37,0.37,0.38,0.37,0.33,0.37,0.36,0.36,0.35,0.34,0.34,0.35,0.34,0.36,0.34,0.33,0.37,0.35,0.33,0.36,0.32,0.35,0.36,0.33,0.33,0.34,0.33,0.33,0.34,0.35,0.34,0.33,0.33,0.34,0.34,0.32,0.32,0.31,0.3,0.32,0.3,0.32,0.29,0.31,0.3,0.31,0.28,0.3,0.3,0.31,0.3,0.3,0.27,0.29,0.29,0.28,0.29,0.28,0.27,0.26,0.26,0.28,0.26,0.25,0.26,0.27,0.26,0.0,0.23,0.25,0.25,0.23,0.24,0.21,0.21,0.19,0.19,0.23,0.0,0.0,0.0,0.0,0.0,0.0,0.0,0.0,0.0,0.0,0.0,0.0,0.0,0.0,0.0,0.0,0.0,0.0,0.0,0.0,0.0,0.0,0.0,0.0,0.0,0.0,0.0,0.0,0.0,0.0,0.0,0.0,0.0,0.0,0.0,0.0,0.0,0.0,0.0,0.0,0.0,0.0,0.0,0.0,0.0,0.0,0.0,0.0,0.0,0.0,0.0,0.0,0.0,0.0,0.0,0.0,0.0,99.87
07/22/2021,1.5,1.35,1.36,1.29,1.23,1.28,1.23,1.25,1.21,1.2,1.16,1.14,1.1,1.07,1.07,1.0,0.97,0.97,1.02,0.98,0.93,0.95,0.94,0.93,0.98,0.85,0.92,0.89,0.88,0.86,0.8,0.76,0.74,0.7,0.74,0.68,0.68,0.65,0.62,0.58,0.62,0.55,0.54,0.58,0.56,0.55,0.52,0.57,0.52,0.52,0.53,0.52,0.51,0.51,0.51,0.51,0.48,0.48,0.49,0.48,0.5,0.44,0.49,0.46,0.48,0.48,0.48,0.48,0.5,0.48,0.48,0.48,0.45,0.47,0.45,0.46,0.41,0.44,0.45,0.43,0.43,0.43,0.43,0.43,0.42,0.41,0.4,0.4,0.42,0.43,0.42,0.43,0.34,0.42,0.41,0.42,0.41,0.4,0.4,0.42,0.43,0.4,0.41,0.39,0.37,0.37,0.4,0.38,0.37,0.38,0.38,0.4,0.38,0.38,0.37,0.37,0.37,0.31,0.37,0.36,0.38,0.33,0.36,0.37,0.37,0.38,0.37,0.33,0.37,0.36,0.36,0.35,0.34,0.34,0.35,0.34,0.36,0.34,0.33,0.37,0.35,0.33,0.36,0.32,0.35,0.36,0.33,0.33,0.34,0.33,0.33,0.34,0.35,0.34,0.33,0.33,0.34,0.34,0.32,0.32,0.31,0.3,0.32,0.3,0.32,0.29,0.31,0.3,0.31,0.28,0.3,0.3,0.31,0.3,0.3,0.27,0.29,0.29,0.28,0.29,0.28,0.27,0.26,0.26,0.28,0.26,0.25,0.26,0.27,0.26,0.0,0.23,0.25,0.25,0.23,0.24,0.21,0.21,0.19,0.19,0.23,0.0,0.0,0.0,0.0,0.0,0.0,0.0,0.0,0.0,0.0,0.0,0.0,0.0,0.0,0.0,0.0,0.0,0.0,0.0,0.0,0.0,0.0,0.0,0.0,0.0,0.0,0.0,0.0,0.0,0.0,0.0,0.0,0.0,0.0,0.0,0.0,0.0,0.0,0.0,0.0,0.0,0.0,0.0,0.0,0.0,0.0,0.0,0.0,0.0,0.0,0.0,0.0,0.0,0.0,0.0,0.0,0.0,99.87
07/23/2021,1.5,1.35,1.36,1.29,1.23,1.28,1.23,1.25,1.21,1.2,1.16,1.14,1.1,1.07,1.07,1.0,0.97,0.97,1.02,0.98,0.93,0.95,0.94,0.93,0.98,0.85,0.92,0.89,0.88,0.86,0.8,0.76,0.74,0.7,0.74,0.68,0.68,0.65,0.62,0.58,0.62,0.55,0.54,0.58,0.56,0.55,0.52,0.57,0.52,0.52,0.53,0.52,0.51,0.51,0.51,0.51,0.48,0.48,0.49,0.48,0.5,0.44,0.49,0.46,0.48,0.48,0.48,0.48,0.5,0.48,0.48,0.48,0.45,0.47,0.45,0.46,0.41,0.44,0.45,0.43,0.43,0.43,0.43,0.43,0.42,0.41,0.4,0.4,0.42,0.43,0.42,0.43,0.34,0.42,0.41,0.42,0.41,0.4,0.4,0.42,0.43,0.4,0.41,0.39,0.37,0.37,0.4,0.38,0.37,0.38,0.38,0.4,0.38,0.38,0.37,0.37,0.37,0.31,0.37,0.36,0.38,0.33,0.36,0.37,0.37,0.38,0.37,0.33,0.37,0.36,0.36,0.35,0.34,0.34,0.35,0.34,0.36,0.34,0.33,0.37,0.35,0.33,0.36,0.32,0.35,0.36,0.33,0.33,0.34,0.33,0.33,0.34,0.35,0.34,0.33,0.33,0.34,0.34,0.32,0.32,0.31,0.3,0.32,0.3,0.32,0.29,0.31,0.3,0.31,0.28,0.3,0.3,0.31,0.3,0.3,0.27,0.29,0.29,0.28,0.29,0.28,0.27,0.26,0.26,0.28,0.26,0.25,0.26,0.27,0.26,0.0,0.23,0.25,0.25,0.23,0.24,0.21,0.21,0.19,0.19,0.23,0.0,0.0,0.0,0.0,0.0,0.0,0.0,0.0,0.0,0.0,0.0,0.0,0.0,0.0,0.0,0.0,0.0,0.0,0.0,0.0,0.0,0.0,0.0,0.0,0.0,0.0,0.0,0.0,0.0,0.0,0.0,0.0,0.0,0.0,0.0,0.0,0.0,0.0,0.0,0.0,0.0,0.0,0.0,0.0,0.0,0.0,0.0,0.0,0.0,0.0,0.0,0.0,0.0,0.0,0.0,0.0,0.0,99.87
07/26/2021,1.53,1.32,1.35,1.29,1.23,1.27,1.23,1.25,1.18,1.21,1.15,1.14,1.1,1.05,1.08,1.03,0.95,1.0,1.05,0.99,0.94,0.96,1.03,0.97,0.95,0.89,0.9,0.84,0.88,0.87,0.8,0.77,0.76,0.71,0.74,0.68,0.67,0.63,0.61,0.58,0.63,0.57,0.56,0.58,0.54,0.56,0.52,0.57,0.51,0.53,0.5,0.52,0.51,0.51,0.52,0.5,0.48,0.48,0.49,0.49,0.49,0.44,0.51,0.47,0.49,0.47,0.47,0.47,0.49,0.47,0.48,0.48,0.45,0.46,0.46,0.47,0.42,0.44,0.46,0.43,0.43,0.43,0.43,0.43,0.43,0.4,0.39,0.41,0.41,0.5,0.41,0.42,0.35,0.43,0.41,0.41,0.4,0.41,0.39,0.41,0.42,0.4,0.4,0.41,0.4,0.38,0.4,0.38,0.39,0.39,0.37,0.39,0.39,0.37,0.38,0.37,0.38,0.32,0.37,0.37,0.37,0.35,0.36,0.38,0.36,0.38,0.42,0.33,0.37,0.35,0.35,0.35,0.36,0.34,0.35,0.33,0.34,0.34,0.0,0.36,0.35,0.34,0.35,0.33,0.35,0.37,0.34,0.33,0.34,0.34,0.34,0.35,0.33,0.33,0.33,0.33,0.34,0.35,0.33,0.32,0.31,0.31,0.31,0.31,0.31,0.3,0.31,0.3,0.32,0.29,0.31,0.31,0.31,0.31,0.29,0.27,0.29,0.29,0.28,0.28,0.28,0.28,0.25,0.26,0.28,0.26,0.26,0.27,0.27,0.25,0.0,0.23,0.25,0.26,0.23,0.23,0.21,0.23,0.2,0.2,0.25,0.06,0.0,0.0,0.0,0.0,0.0,0.0,0.0,0.0,0.0,0.0,0.0,0.0,0.0,0.0,0.0,0.0,0.0,0.0,0.0,0.0,0.0,0.0,0.0,0.0,0.0,0.0,0.0,0.0,0.0,0.0,0.0,0.0,0.0,0.0,0.0,0.0,0.0,0.0,0.0,0.0,0.0,0.0,0.0,0.0,0.0,0.0,0.0,0.0,0.0,0.0,0.0,0.0,0.0,0.0,0.0,0.0,100.05
07/27/2021,1.49,1.31,1.36,1.24,1.22,1.29,1.24,1.27,1.19,1.22,1.17,1.15,1.11,1.07,1.07,1.02,0.95,0.97,1.06,1.01,0.94,0.94,1.03,0.97,0.95,0.87,0.9,0.82,0.89,0.87,0.78,0.76,0.75,0.71,0.74,0.7,0.68,0.7,0.61,0.56,0.63,0.58,0.55,0.6,0.54,0.56,0.51,0.58,0.52,0.53,0.52,0.52,0.51,0.52,0.53,0.51,0.48,0.48,0.49,0.48,0.5,0.43,0.52,0.43,0.49,0.46,0.47,0.48,0.5,0.49,0.48,0.49,0.44,0.45,0.45,0.47,0.42,0.44,0.47,0.42,0.43,0.42,0.43,0.43,0.43,0.41,0.39,0.39,0.41,0.49,0.39,0.43,0.35,0.44,0.43,0.42,0.4,0.41,0.39,0.41,0.43,0.4,0.41,0.41,0.41,0.38,0.4,0.38,0.39,0.38,0.38,0.4,0.39,0.37,0.39,0.38,0.38,0.31,0.36,0.36,0.37,0.35,0.36,0.39,0.37,0.38,0.42,0.33,0.37,0.35,0.35,0.35,0.36,0.34,0.34,0.33,0.34,0.34,0.0,0.36,0.35,0.33,0.35,0.32,0.35,0.37,0.33,0.34,0.33,0.34,0.34,0.34,0.34,0.33,0.33,0.32,0.34,0.34,0.34,0.32,0.31,0.31,0.31,0.29,0.31,0.29,0.3,0.3,0.32,0.28,0.31,0.34,0.31,0.32,0.28,0.27,0.28,0.29,0.28,0.28,0.28,0.28,0.24,0.26,0.27,0.26,0.26,0.28,0.27,0.26,0.0,0.23,0.25,0.26,0.23,0.22,0.21,0.22,0.19,0.19,0.25,0.06,0.0,0.0,0.0,0.0,0.0,0.0,0.0,0.0,0.0,0.0,0.0,0.0,0.0,0.0,0.0,0.0,0.0,0.0,0.0,0.0,0.0,0.0,0.0,0.0,0.0,0.0,0.0,0.0,0.0,0.0,0.0,0.0,0.0,0.0,0.0,0.0,0.0,0.0,0.0,0.0,0.0,0.0,0.0,0.0,0.0,0.0,0.0,0.0,0.0,0.0,0.0,0.0,0.0,0.0,0.0,0.0,100.03000000000002
07/28/2021,1.49,1.31,1.36,1.24,1.22,1.29,1.24,1.27,1.19,1.22,1.17,1.15,1.11,1.07,1.07,1.02,0.95,0.97,1.06,1.01,0.94,0.94,1.03,0.97,0.95,0.87,0.9,0.82,0.89,0.87,0.78,0.76,0.75,0.71,0.74,0.7,0.68,0.7,0.61,0.56,0.63,0.58,0.55,0.6,0.54,0.56,0.51,0.58,0.52,0.53,0.52,0.52,0.51,0.52,0.53,0.51,0.48,0.48,0.49,0.48,0.5,0.43,0.52,0.43,0.49,0.46,0.47,0.48,0.5,0.49,0.48,0.49,0.44,0.45,0.45,0.47,0.42,0.44,0.47,0.42,0.43,0.42,0.43,0.43,0.43,0.41,0.39,0.39,0.41,0.49,0.39,0.43,0.35,0.44,0.43,0.42,0.4,0.41,0.39,0.41,0.43,0.4,0.41,0.41,0.41,0.38,0.4,0.38,0.39,0.38,0.38,0.4,0.39,0.37,0.39,0.38,0.38,0.31,0.36,0.36,0.37,0.35,0.36,0.39,0.37,0.38,0.42,0.33,0.37,0.35,0.35,0.35,0.36,0.34,0.34,0.33,0.34,0.34,0.0,0.36,0.35,0.33,0.35,0.32,0.35,0.37,0.33,0.34,0.33,0.34,0.34,0.34,0.34,0.33,0.33,0.32,0.34,0.34,0.34,0.32,0.31,0.31,0.31,0.29,0.31,0.29,0.3,0.3,0.32,0.28,0.31,0.34,0.31,0.32,0.28,0.27,0.28,0.29,0.28,0.28,0.28,0.28,0.24,0.26,0.27,0.26,0.26,0.28,0.27,0.26,0.0,0.23,0.25,0.26,0.23,0.22,0.21,0.22,0.19,0.19,0.25,0.06,0.0,0.0,0.0,0.0,0.0,0.0,0.0,0.0,0.0,0.0,0.0,0.0,0.0,0.0,0.0,0.0,0.0,0.0,0.0,0.0,0.0,0.0,0.0,0.0,0.0,0.0,0.0,0.0,0.0,0.0,0.0,0.0,0.0,0.0,0.0,0.0,0.0,0.0,0.0,0.0,0.0,0.0,0.0,0.0,0.0,0.0,0.0,0.0,0.0,0.0,0.0,0.0,0.0,0.0,0.0,0.0,100.03000000000002
07/29/2021,1.49,1.31,1.36,1.24,1.22,1.29,1.24,1.27,1.19,1.22,1.17,1.15,1.11,1.07,1.07,1.02,0.95,0.97,1.06,1.01,0.94,0.94,1.03,0.97,0.95,0.87,0.9,0.82,0.89,0.87,0.78,0.76,0.75,0.71,0.74,0.7,0.68,0.7,0.61,0.56,0.63,0.58,0.55,0.6,0.54,0.56,0.51,0.58,0.52,0.53,0.52,0.52,0.51,0.52,0.53,0.51,0.48,0.48,0.49,0.48,0.5,0.43,0.52,0.43,0.49,0.46,0.47,0.48,0.5,0.49,0.48,0.49,0.44,0.45,0.45,0.47,0.42,0.44,0.47,0.42,0.43,0.42,0.43,0.43,0.43,0.41,0.39,0.39,0.41,0.49,0.39,0.43,0.35,0.44,0.43,0.42,0.4,0.41,0.39,0.41,0.43,0.4,0.41,0.41,0.41,0.38,0.4,0.38,0.39,0.38,0.38,0.4,0.39,0.37,0.39,0.38,0.38,0.31,0.36,0.36,0.37,0.35,0.36,0.39,0.37,0.38,0.42,0.33,0.37,0.35,0.35,0.35,0.36,0.34,0.34,0.33,0.34,0.34,0.0,0.36,0.35,0.33,0.35,0.32,0.35,0.37,0.33,0.34,0.33,0.34,0.34,0.34,0.34,0.33,0.33,0.32,0.34,0.34,0.34,0.32,0.31,0.31,0.31,0.29,0.31,0.29,0.3,0.3,0.32,0.28,0.31,0.34,0.31,0.32,0.28,0.27,0.28,0.29,0.28,0.28,0.28,0.28,0.24,0.26,0.27,0.26,0.26,0.28,0.27,0.26,0.0,0.23,0.25,0.26,0.23,0.22,0.21,0.22,0.19,0.19,0.25,0.06,0.0,0.0,0.0,0.0,0.0,0.0,0.0,0.0,0.0,0.0,0.0,0.0,0.0,0.0,0.0,0.0,0.0,0.0,0.0,0.0,0.0,0.0,0.0,0.0,0.0,0.0,0.0,0.0,0.0,0.0,0.0,0.0,0.0,0.0,0.0,0.0,0.0,0.0,0.0,0.0,0.0,0.0,0.0,0.0,0.0,0.0,0.0,0.0,0.0,0.0,0.0,0.0,0.0,0.0,0.0,0.0,100.03000000000002
07/30/2021,1.48,1.31,1.36,1.24,1.21,1.28,1.24,1.27,1.19,1.21,1.17,1.14,1.12,1.07,1.08,1.03,0.95,0.96,1.05,1.01,0.94,0.94,1.04,0.96,0.96,0.88,0.89,0.83,0.88,0.87,0.79,0.77,0.76,0.71,0.74,0.69,0.68,0.71,0.61,0.55,0.63,0.58,0.56,0.6,0.54,0.56,0.52,0.58,0.52,0.53,0.52,0.52,0.51,0.51,0.52,0.5,0.48,0.48,0.48,0.49,0.49,0.44,0.52,0.42,0.48,0.46,0.47,0.47,0.49,0.48,0.48,0.49,0.44,0.45,0.45,0.47,0.43,0.44,0.46,0.42,0.42,0.42,0.43,0.42,0.42,0.41,0.39,0.43,0.41,0.49,0.39,0.43,0.36,0.44,0.45,0.41,0.4,0.39,0.39,0.41,0.43,0.4,0.41,0.41,0.4,0.38,0.4,0.38,0.4,0.38,0.37,0.4,0.39,0.37,0.38,0.37,0.38,0.32,0.36,0.37,0.37,0.35,0.35,0.39,0.37,0.38,0.41,0.34,0.37,0.34,0.34,0.35,0.36,0.34,0.34,0.33,0.34,0.34,0.0,0.36,0.35,0.33,0.35,0.32,0.35,0.37,0.33,0.33,0.33,0.33,0.33,0.34,0.34,0.33,0.33,0.32,0.34,0.34,0.35,0.32,0.31,0.31,0.31,0.3,0.31,0.3,0.3,0.3,0.32,0.29,0.3,0.34,0.31,0.31,0.28,0.27,0.28,0.29,0.28,0.28,0.28,0.29,0.25,0.26,0.27,0.26,0.26,0.28,0.28,0.26,0.0,0.23,0.24,0.27,0.23,0.22,0.21,0.22,0.2,0.19,0.25,0.06,0.0,0.0,0.0,0.0,0.0,0.0,0.0,0.0,0.0,0.0,0.0,0.0,0.0,0.0,0.0,0.0,0.0,0.0,0.0,0.0,0.0,0.0,0.0,0.0,0.0,0.0,0.0,0.0,0.0,0.0,0.0,0.0,0.0,0.0,0.0,0.0,0.0,0.0,0.0,0.0,0.0,0.0,0.0,0.0,0.0,0.0,0.0,0.0,0.0,0.0,0.0,0.0,0.0,0.0,0.0,0.0,99.96
08/02/2021,1.48,1.31,1.35,1.21,1.19,1.28,1.23,1.26,1.18,1.19,1.16,1.14,1.12,1.08,1.08,1.04,0.93,0.98,1.06,1.0,0.94,0.94,1.03,0.96,0.95,0.88,0.9,0.83,0.88,0.9,0.79,0.78,0.77,0.71,0.74,0.68,0.67,0.7,0.61,0.57,0.63,0.58,0.56,0.6,0.54,0.56,0.51,0.58,0.52,0.53,0.51,0.52,0.52,0.5,0.53,0.51,0.48,0.49,0.49,0.49,0.5,0.43,0.52,0.43,0.49,0.46,0.47,0.47,0.46,0.48,0.51,0.5,0.44,0.44,0.45,0.47,0.42,0.44,0.47,0.42,0.42,0.42,0.43,0.43,0.41,0.41,0.39,0.44,0.42,0.49,0.39,0.43,0.33,0.43,0.46,0.42,0.4,0.4,0.39,0.42,0.44,0.39,0.41,0.45,0.4,0.38,0.41,0.38,0.37,0.38,0.38,0.4,0.39,0.37,0.39,0.38,0.39,0.32,0.35,0.37,0.37,0.33,0.35,0.39,0.38,0.38,0.41,0.34,0.36,0.34,0.35,0.36,0.35,0.34,0.34,0.32,0.34,0.33,0.0,0.36,0.35,0.33,0.36,0.33,0.35,0.34,0.32,0.32,0.3,0.33,0.32,0.34,0.34,0.33,0.33,0.32,0.34,0.33,0.34,0.32,0.31,0.31,0.31,0.3,0.32,0.3,0.3,0.3,0.31,0.29,0.3,0.34,0.31,0.31,0.29,0.27,0.29,0.29,0.27,0.29,0.28,0.29,0.26,0.26,0.27,0.26,0.25,0.29,0.27,0.27,0.0,0.23,0.25,0.28,0.23,0.23,0.21,0.22,0.2,0.2,0.26,0.06,0.0,0.0,0.0,0.0,0.0,0.0,0.0,0.0,0.0,0.0,0.0,0.0,0.0,0.0,0.0,0.0,0.0,0.0,0.0,0.0,0.0,0.0,0.0,0.0,0.0,0.0,0.0,0.0,0.0,0.0,0.0,0.0,0.0,0.0,0.0,0.0,0.0,0.0,0.0,0.0,0.0,0.0,0.0,0.0,0.0,0.0,0.0,0.0,0.0,0.0,0.0,0.0,0.0,0.0,0.0,0.0,99.96
08/03/2021,1.48,1.31,1.35,1.21,1.19,1.28,1.23,1.26,1.18,1.19,1.16,1.14,1.12,1.08,1.08,1.04,0.93,0.98,1.06,1.0,0.94,0.94,1.03,0.96,0.95,0.88,0.9,0.83,0.88,0.9,0.79,0.78,0.77,0.71,0.74,0.68,0.67,0.7,0.61,0.57,0.63,0.58,0.56,0.6,0.54,0.56,0.51,0.58,0.52,0.53,0.51,0.52,0.52,0.5,0.53,0.51,0.48,0.49,0.49,0.49,0.5,0.43,0.52,0.43,0.49,0.46,0.47,0.47,0.46,0.48,0.51,0.5,0.44,0.44,0.45,0.47,0.42,0.44,0.47,0.42,0.42,0.42,0.43,0.43,0.41,0.41,0.39,0.44,0.42,0.49,0.39,0.43,0.33,0.43,0.46,0.42,0.4,0.4,0.39,0.42,0.44,0.39,0.41,0.45,0.4,0.38,0.41,0.38,0.37,0.38,0.38,0.4,0.39,0.37,0.39,0.38,0.39,0.32,0.35,0.37,0.37,0.33,0.35,0.39,0.38,0.38,0.41,0.34,0.36,0.34,0.35,0.36,0.35,0.34,0.34,0.32,0.34,0.33,0.0,0.36,0.35,0.33,0.36,0.33,0.35,0.34,0.32,0.32,0.3,0.33,0.32,0.34,0.34,0.33,0.33,0.32,0.34,0.33,0.34,0.32,0.31,0.31,0.31,0.3,0.32,0.3,0.3,0.3,0.31,0.29,0.3,0.34,0.31,0.31,0.29,0.27,0.29,0.29,0.27,0.29,0.28,0.29,0.26,0.26,0.27,0.26,0.25,0.29,0.27,0.27,0.0,0.23,0.25,0.28,0.23,0.23,0.21,0.22,0.2,0.2,0.26,0.06,0.0,0.0,0.0,0.0,0.0,0.0,0.0,0.0,0.0,0.0,0.0,0.0,0.0,0.0,0.0,0.0,0.0,0.0,0.0,0.0,0.0,0.0,0.0,0.0,0.0,0.0,0.0,0.0,0.0,0.0,0.0,0.0,0.0,0.0,0.0,0.0,0.0,0.0,0.0,0.0,0.0,0.0,0.0,0.0,0.0,0.0,0.0,0.0,0.0,0.0,0.0,0.0,0.0,0.0,0.0,0.0,99.96
08/04/2021,1.48,1.31,1.35,1.21,1.19,1.28,1.23,1.26,1.18,1.19,1.16,1.14,1.12,1.08,1.08,1.04,0.93,0.98,1.06,1.0,0.94,0.94,1.03,0.96,0.95,0.88,0.9,0.83,0.88,0.9,0.79,0.78,0.77,0.71,0.74,0.68,0.67,0.7,0.61,0.57,0.63,0.58,0.56,0.6,0.54,0.56,0.51,0.58,0.52,0.53,0.51,0.52,0.52,0.5,0.53,0.51,0.48,0.49,0.49,0.49,0.5,0.43,0.52,0.43,0.49,0.46,0.47,0.47,0.46,0.48,0.51,0.5,0.44,0.44,0.45,0.47,0.42,0.44,0.47,0.42,0.42,0.42,0.43,0.43,0.41,0.41,0.39,0.44,0.42,0.49,0.39,0.43,0.33,0.43,0.46,0.42,0.4,0.4,0.39,0.42,0.44,0.39,0.41,0.45,0.4,0.38,0.41,0.38,0.37,0.38,0.38,0.4,0.39,0.37,0.39,0.38,0.39,0.32,0.35,0.37,0.37,0.33,0.35,0.39,0.38,0.38,0.41,0.34,0.36,0.34,0.35,0.36,0.35,0.34,0.34,0.32,0.34,0.33,0.0,0.36,0.35,0.33,0.36,0.33,0.35,0.34,0.32,0.32,0.3,0.33,0.32,0.34,0.34,0.33,0.33,0.32,0.34,0.33,0.34,0.32,0.31,0.31,0.31,0.3,0.32,0.3,0.3,0.3,0.31,0.29,0.3,0.34,0.31,0.31,0.29,0.27,0.29,0.29,0.27,0.29,0.28,0.29,0.26,0.26,0.27,0.26,0.25,0.29,0.27,0.27,0.0,0.23,0.25,0.28,0.23,0.23,0.21,0.22,0.2,0.2,0.26,0.06,0.0,0.0,0.0,0.0,0.0,0.0,0.0,0.0,0.0,0.0,0.0,0.0,0.0,0.0,0.0,0.0,0.0,0.0,0.0,0.0,0.0,0.0,0.0,0.0,0.0,0.0,0.0,0.0,0.0,0.0,0.0,0.0,0.0,0.0,0.0,0.0,0.0,0.0,0.0,0.0,0.0,0.0,0.0,0.0,0.0,0.0,0.0,0.0,0.0,0.0,0.0,0.0,0.0,0.0,0.0,0.0,99.96
08/05/2021,1.48,1.31,1.35,1.21,1.19,1.28,1.23,1.26,1.18,1.19,1.16,1.14,1.12,1.08,1.08,1.04,0.93,0.98,1.06,1.0,0.94,0.94,1.03,0.96,0.95,0.88,0.9,0.83,0.88,0.9,0.79,0.78,0.77,0.71,0.74,0.68,0.67,0.7,0.61,0.57,0.63,0.58,0.56,0.6,0.54,0.56,0.51,0.58,0.52,0.53,0.51,0.52,0.52,0.5,0.53,0.51,0.48,0.49,0.49,0.49,0.5,0.43,0.52,0.43,0.49,0.46,0.47,0.47,0.46,0.48,0.51,0.5,0.44,0.44,0.45,0.47,0.42,0.44,0.47,0.42,0.42,0.42,0.43,0.43,0.41,0.41,0.39,0.44,0.42,0.49,0.39,0.43,0.33,0.43,0.46,0.42,0.4,0.4,0.39,0.42,0.44,0.39,0.41,0.45,0.4,0.38,0.41,0.38,0.37,0.38,0.38,0.4,0.39,0.37,0.39,0.38,0.39,0.32,0.35,0.37,0.37,0.33,0.35,0.39,0.38,0.38,0.41,0.34,0.36,0.34,0.35,0.36,0.35,0.34,0.34,0.32,0.34,0.33,0.0,0.36,0.35,0.33,0.36,0.33,0.35,0.34,0.32,0.32,0.3,0.33,0.32,0.34,0.34,0.33,0.33,0.32,0.34,0.33,0.34,0.32,0.31,0.31,0.31,0.3,0.32,0.3,0.3,0.3,0.31,0.29,0.3,0.34,0.31,0.31,0.29,0.27,0.29,0.29,0.27,0.29,0.28,0.29,0.26,0.26,0.27,0.26,0.25,0.29,0.27,0.27,0.0,0.23,0.25,0.28,0.23,0.23,0.21,0.22,0.2,0.2,0.26,0.06,0.0,0.0,0.0,0.0,0.0,0.0,0.0,0.0,0.0,0.0,0.0,0.0,0.0,0.0,0.0,0.0,0.0,0.0,0.0,0.0,0.0,0.0,0.0,0.0,0.0,0.0,0.0,0.0,0.0,0.0,0.0,0.0,0.0,0.0,0.0,0.0,0.0,0.0,0.0,0.0,0.0,0.0,0.0,0.0,0.0,0.0,0.0,0.0,0.0,0.0,0.0,0.0,0.0,0.0,0.0,0.0,99.96
08/06/2021,1.48,1.3,1.36,1.2,1.24,1.31,1.27,1.25,1.18,1.2,1.17,1.13,1.12,1.13,1.07,1.05,0.9,0.98,1.06,1.02,0.93,0.92,1.04,0.94,0.93,0.9,0.81,0.83,0.88,0.88,0.77,0.77,0.76,0.69,0.74,0.67,0.68,0.7,0.6,0.6,0.62,0.58,0.54,0.64,0.54,0.6,0.5,0.62,0.51,0.56,0.5,0.52,0.52,0.49,0.54,0.5,0.48,0.49,0.48,0.49,0.48,0.43,0.51,0.43,0.49,0.47,0.47,0.47,0.45,0.48,0.51,0.5,0.44,0.45,0.46,0.47,0.41,0.44,0.48,0.42,0.43,0.42,0.43,0.42,0.41,0.4,0.4,0.45,0.42,0.5,0.39,0.42,0.32,0.44,0.48,0.42,0.36,0.39,0.39,0.42,0.44,0.39,0.42,0.47,0.41,0.38,0.4,0.38,0.38,0.38,0.36,0.4,0.43,0.37,0.39,0.38,0.39,0.31,0.37,0.37,0.37,0.37,0.35,0.41,0.37,0.38,0.42,0.34,0.37,0.34,0.35,0.36,0.37,0.34,0.35,0.32,0.34,0.32,0.0,0.34,0.35,0.32,0.35,0.33,0.35,0.35,0.33,0.32,0.3,0.33,0.32,0.34,0.33,0.33,0.33,0.32,0.35,0.34,0.31,0.32,0.31,0.32,0.3,0.3,0.32,0.31,0.3,0.3,0.31,0.28,0.3,0.35,0.31,0.32,0.29,0.26,0.28,0.29,0.26,0.28,0.28,0.3,0.25,0.27,0.26,0.26,0.25,0.29,0.27,0.27,0.0,0.23,0.25,0.28,0.23,0.22,0.21,0.22,0.2,0.19,0.25,0.06,0.0,0.0,0.0,0.0,0.0,0.0,0.0,0.0,0.0,0.0,0.0,0.0,0.0,0.0,0.0,0.0,0.0,0.0,0.0,0.0,0.0,0.0,0.0,0.0,0.0,0.0,0.0,0.0,0.0,0.0,0.0,0.0,0.0,0.0,0.0,0.0,0.0,0.0,0.0,0.0,0.0,0.0,0.0,0.0,0.0,0.0,0.0,0.0,0.0,0.0,0.0,0.0,0.0,0.0,0.0,0.0,100.03
08/09/2021,1.52,1.3,1.37,1.19,1.2,1.3,1.3,1.25,1.17,1.2,1.18,1.07,1.23,1.13,1.08,1.06,0.89,0.97,1.08,1.04,0.92,0.91,1.04,0.96,0.9,0.89,0.79,0.81,0.81,0.88,0.76,0.77,0.77,0.68,0.74,0.67,0.68,0.71,0.6,0.62,0.63,0.59,0.52,0.65,0.54,0.59,0.46,0.63,0.5,0.56,0.51,0.52,0.52,0.49,0.56,0.51,0.48,0.49,0.49,0.49,0.48,0.42,0.51,0.42,0.49,0.47,0.47,0.48,0.45,0.49,0.52,0.5,0.44,0.45,0.46,0.47,0.41,0.43,0.47,0.42,0.47,0.42,0.43,0.42,0.41,0.41,0.41,0.45,0.41,0.49,0.39,0.42,0.31,0.44,0.49,0.42,0.36,0.38,0.38,0.42,0.44,0.39,0.42,0.47,0.4,0.38,0.38,0.39,0.38,0.38,0.42,0.4,0.46,0.37,0.41,0.37,0.39,0.3,0.36,0.36,0.36,0.37,0.34,0.41,0.38,0.38,0.41,0.34,0.37,0.34,0.36,0.35,0.37,0.34,0.35,0.31,0.34,0.32,0.0,0.34,0.35,0.33,0.35,0.33,0.35,0.35,0.33,0.32,0.3,0.34,0.31,0.34,0.31,0.33,0.33,0.32,0.35,0.34,0.3,0.33,0.3,0.31,0.29,0.28,0.32,0.31,0.28,0.3,0.31,0.27,0.3,0.36,0.3,0.25,0.29,0.27,0.28,0.29,0.26,0.28,0.28,0.31,0.25,0.27,0.25,0.26,0.23,0.29,0.27,0.26,0.0,0.24,0.25,0.31,0.23,0.22,0.2,0.21,0.2,0.19,0.0,0.0,0.24,0.08,0.0,0.0,0.0,0.0,0.0,0.0,0.0,0.0,0.0,0.0,0.0,0.0,0.0,0.0,0.0,0.0,0.0,0.0,0.0,0.0,0.0,0.0,0.0,0.0,0.0,0.0,0.0,0.0,0.0,0.0,0.0,0.0,0.0,0.0,0.0,0.0,0.0,0.0,0.0,0.0,0.0,0.0,0.0,0.0,0.0,0.0,0.0,0.0,0.0,0.0,0.0,0.0,0.0,0.0,99.9
08/10/2021,1.5,1.28,1.35,1.18,1.21,1.29,1.29,1.26,1.17,1.19,1.16,1.09,1.23,1.11,1.08,1.05,0.87,0.97,1.13,1.04,0.92,0.9,1.07,0.95,0.92,0.9,0.78,0.83,0.8,0.9,0.76,0.8,0.78,0.7,0.74,0.67,0.67,0.7,0.6,0.62,0.62,0.6,0.55,0.65,0.55,0.57,0.46,0.63,0.5,0.55,0.51,0.52,0.49,0.48,0.55,0.5,0.48,0.49,0.48,0.51,0.47,0.43,0.45,0.43,0.49,0.48,0.48,0.47,0.44,0.49,0.52,0.5,0.45,0.46,0.47,0.49,0.42,0.43,0.48,0.42,0.46,0.43,0.43,0.44,0.4,0.41,0.41,0.45,0.41,0.49,0.39,0.41,0.32,0.44,0.48,0.42,0.37,0.38,0.38,0.42,0.45,0.39,0.42,0.45,0.41,0.4,0.38,0.38,0.38,0.38,0.43,0.4,0.45,0.37,0.41,0.32,0.39,0.31,0.37,0.37,0.36,0.36,0.34,0.41,0.38,0.38,0.41,0.34,0.36,0.34,0.34,0.35,0.37,0.34,0.36,0.31,0.33,0.32,0.0,0.34,0.35,0.32,0.36,0.35,0.35,0.36,0.3,0.32,0.3,0.32,0.3,0.35,0.3,0.33,0.33,0.32,0.35,0.35,0.31,0.33,0.31,0.3,0.29,0.29,0.32,0.32,0.28,0.3,0.31,0.28,0.3,0.36,0.31,0.25,0.28,0.27,0.28,0.3,0.26,0.28,0.28,0.3,0.26,0.28,0.26,0.27,0.24,0.3,0.27,0.27,0.0,0.24,0.25,0.32,0.23,0.23,0.19,0.21,0.2,0.2,0.0,0.0,0.25,0.08,0.0,0.0,0.0,0.0,0.0,0.0,0.0,0.0,0.0,0.0,0.0,0.0,0.0,0.0,0.0,0.0,0.0,0.0,0.0,0.0,0.0,0.0,0.0,0.0,0.0,0.0,0.0,0.0,0.0,0.0,0.0,0.0,0.0,0.0,0.0,0.0,0.0,0.0,0.0,0.0,0.0,0.0,0.0,0.0,0.0,0.0,0.0,0.0,0.0,0.0,0.0,0.0,0.0,0.0,99.98
08/11/2021,1.5,1.28,1.35,1.18,1.21,1.29,1.29,1.26,1.17,1.19,1.16,1.09,1.23,1.11,1.08,1.05,0.87,0.97,1.13,1.04,0.92,0.9,1.07,0.95,0.92,0.9,0.78,0.83,0.8,0.9,0.76,0.8,0.78,0.7,0.74,0.67,0.67,0.7,0.6,0.62,0.62,0.6,0.55,0.65,0.55,0.57,0.46,0.63,0.5,0.55,0.51,0.52,0.49,0.48,0.55,0.5,0.48,0.49,0.48,0.51,0.47,0.43,0.45,0.43,0.49,0.48,0.48,0.47,0.44,0.49,0.52,0.5,0.45,0.46,0.47,0.49,0.42,0.43,0.48,0.42,0.46,0.43,0.43,0.44,0.4,0.41,0.41,0.45,0.41,0.49,0.39,0.41,0.32,0.44,0.48,0.42,0.37,0.38,0.38,0.42,0.45,0.39,0.42,0.45,0.41,0.4,0.38,0.38,0.38,0.38,0.43,0.4,0.45,0.37,0.41,0.32,0.39,0.31,0.37,0.37,0.36,0.36,0.34,0.41,0.38,0.38,0.41,0.34,0.36,0.34,0.34,0.35,0.37,0.34,0.36,0.31,0.33,0.32,0.0,0.34,0.35,0.32,0.36,0.35,0.35,0.36,0.3,0.32,0.3,0.32,0.3,0.35,0.3,0.33,0.33,0.32,0.35,0.35,0.31,0.33,0.31,0.3,0.29,0.29,0.32,0.32,0.28,0.3,0.31,0.28,0.3,0.36,0.31,0.25,0.28,0.27,0.28,0.3,0.26,0.28,0.28,0.3,0.26,0.28,0.26,0.27,0.24,0.3,0.27,0.27,0.0,0.24,0.25,0.32,0.23,0.23,0.19,0.21,0.2,0.2,0.0,0.0,0.25,0.08,0.0,0.0,0.0,0.0,0.0,0.0,0.0,0.0,0.0,0.0,0.0,0.0,0.0,0.0,0.0,0.0,0.0,0.0,0.0,0.0,0.0,0.0,0.0,0.0,0.0,0.0,0.0,0.0,0.0,0.0,0.0,0.0,0.0,0.0,0.0,0.0,0.0,0.0,0.0,0.0,0.0,0.0,0.0,0.0,0.0,0.0,0.0,0.0,0.0,0.0,0.0,0.0,0.0,0.0,99.98
08/13/2021,1.51,1.28,1.35,1.18,1.21,1.3,1.29,1.26,1.16,1.18,1.16,1.09,1.22,1.11,1.06,1.05,0.87,0.94,1.15,1.04,0.91,0.9,1.06,0.96,0.92,0.9,0.79,0.83,0.81,0.91,0.75,0.78,0.77,0.71,0.74,0.66,0.67,0.7,0.61,0.64,0.63,0.6,0.53,0.65,0.55,0.56,0.47,0.63,0.5,0.56,0.51,0.52,0.48,0.48,0.56,0.49,0.48,0.49,0.48,0.51,0.47,0.42,0.43,0.42,0.49,0.49,0.48,0.46,0.43,0.49,0.53,0.5,0.45,0.46,0.47,0.49,0.42,0.43,0.48,0.42,0.46,0.43,0.43,0.44,0.4,0.4,0.41,0.45,0.41,0.49,0.39,0.42,0.3,0.44,0.48,0.42,0.37,0.38,0.39,0.42,0.45,0.39,0.41,0.44,0.41,0.41,0.37,0.38,0.37,0.38,0.42,0.4,0.44,0.37,0.42,0.32,0.39,0.3,0.37,0.38,0.36,0.37,0.35,0.41,0.38,0.39,0.41,0.34,0.37,0.34,0.34,0.34,0.37,0.34,0.36,0.31,0.34,0.32,0.0,0.34,0.35,0.32,0.36,0.34,0.35,0.36,0.3,0.32,0.3,0.32,0.3,0.35,0.3,0.33,0.33,0.32,0.36,0.35,0.3,0.33,0.31,0.3,0.29,0.29,0.32,0.31,0.28,0.31,0.31,0.28,0.3,0.36,0.32,0.0,0.27,0.27,0.3,0.3,0.26,0.28,0.28,0.31,0.26,0.28,0.26,0.27,0.24,0.3,0.27,0.27,0.0,0.24,0.25,0.31,0.23,0.23,0.19,0.21,0.2,0.21,0.0,0.0,0.26,0.09,0.25,0.0,0.0,0.0,0.0,0.0,0.0,0.0,0.0,0.0,0.0,0.0,0.0,0.0,0.0,0.0,0.0,0.0,0.0,0.0,0.0,0.0,0.0,0.0,0.0,0.0,0.0,0.0,0.0,0.0,0.0,0.0,0.0,0.0,0.0,0.0,0.0,0.0,0.0,0.0,0.0,0.0,0.0,0.0,0.0,0.0,0.0,0.0,0.0,0.0,0.0,0.0,0.0,0.0,99.93
08/16/2021,1.48,1.28,1.33,1.15,1.18,1.29,1.29,1.23,1.16,1.18,1.16,1.09,1.23,1.13,1.06,1.04,0.95,0.91,1.12,1.07,0.89,0.89,1.07,0.95,0.91,0.91,0.78,0.85,0.8,0.89,0.75,0.77,0.78,0.72,0.71,0.66,0.67,0.67,0.62,0.64,0.63,0.61,0.53,0.64,0.55,0.57,0.48,0.63,0.49,0.55,0.52,0.51,0.48,0.49,0.55,0.49,0.49,0.48,0.48,0.52,0.47,0.43,0.42,0.42,0.48,0.49,0.48,0.45,0.42,0.48,0.53,0.5,0.46,0.46,0.47,0.5,0.43,0.44,0.48,0.42,0.46,0.43,0.43,0.43,0.4,0.42,0.42,0.45,0.42,0.48,0.39,0.42,0.32,0.43,0.46,0.41,0.37,0.38,0.39,0.41,0.44,0.39,0.41,0.43,0.41,0.42,0.37,0.38,0.38,0.38,0.4,0.4,0.44,0.38,0.41,0.32,0.39,0.32,0.37,0.38,0.36,0.37,0.35,0.41,0.37,0.39,0.39,0.35,0.36,0.34,0.33,0.33,0.37,0.34,0.36,0.32,0.34,0.33,0.0,0.34,0.36,0.34,0.36,0.35,0.34,0.36,0.29,0.31,0.3,0.32,0.29,0.36,0.3,0.32,0.33,0.33,0.36,0.35,0.31,0.34,0.31,0.31,0.29,0.28,0.32,0.32,0.28,0.31,0.32,0.28,0.31,0.36,0.32,0.0,0.27,0.28,0.31,0.31,0.26,0.28,0.28,0.35,0.26,0.29,0.26,0.27,0.25,0.3,0.27,0.27,0.0,0.25,0.25,0.32,0.23,0.24,0.19,0.21,0.21,0.21,0.0,0.0,0.26,0.09,0.25,0.0,0.0,0.0,0.0,0.0,0.0,0.0,0.0,0.0,0.0,0.0,0.0,0.0,0.0,0.0,0.0,0.0,0.0,0.0,0.0,0.0,0.0,0.0,0.0,0.0,0.0,0.0,0.0,0.0,0.0,0.0,0.0,0.0,0.0,0.0,0.0,0.0,0.0,0.0,0.0,0.0,0.0,0.0,0.0,0.0,0.0,0.0,0.0,0.0,0.0,0.0,0.0,0.0,99.92000000000002
08/17/2021,1.5,1.28,1.34,1.14,1.21,1.29,1.28,1.26,1.16,1.2,1.17,1.09,1.27,1.17,1.06,1.02,0.95,0.89,1.13,1.08,0.87,0.88,1.07,0.95,0.9,0.88,0.78,0.84,0.8,0.89,0.75,0.76,0.77,0.71,0.63,0.65,0.66,0.67,0.62,0.64,0.62,0.6,0.51,0.65,0.54,0.57,0.47,0.63,0.5,0.56,0.52,0.52,0.49,0.48,0.55,0.49,0.49,0.48,0.49,0.52,0.48,0.42,0.41,0.42,0.49,0.48,0.49,0.46,0.42,0.49,0.55,0.51,0.45,0.46,0.47,0.5,0.42,0.44,0.48,0.42,0.45,0.43,0.43,0.44,0.4,0.4,0.42,0.44,0.43,0.48,0.39,0.42,0.3,0.44,0.47,0.42,0.37,0.37,0.39,0.41,0.44,0.39,0.42,0.45,0.41,0.42,0.37,0.39,0.38,0.37,0.4,0.4,0.45,0.38,0.41,0.32,0.38,0.3,0.38,0.38,0.37,0.37,0.35,0.41,0.38,0.39,0.4,0.34,0.37,0.35,0.33,0.33,0.37,0.35,0.37,0.32,0.34,0.33,0.0,0.34,0.36,0.33,0.36,0.34,0.34,0.36,0.29,0.31,0.3,0.31,0.28,0.38,0.3,0.31,0.33,0.32,0.36,0.35,0.3,0.34,0.3,0.31,0.29,0.28,0.32,0.32,0.28,0.31,0.34,0.27,0.31,0.37,0.32,0.0,0.27,0.27,0.33,0.31,0.26,0.29,0.28,0.36,0.26,0.28,0.27,0.27,0.24,0.31,0.27,0.28,0.0,0.25,0.26,0.31,0.23,0.24,0.19,0.21,0.2,0.21,0.0,0.0,0.26,0.1,0.24,0.0,0.0,0.0,0.0,0.0,0.0,0.0,0.0,0.0,0.0,0.0,0.0,0.0,0.0,0.0,0.0,0.0,0.0,0.0,0.0,0.0,0.0,0.0,0.0,0.0,0.0,0.0,0.0,0.0,0.0,0.0,0.0,0.0,0.0,0.0,0.0,0.0,0.0,0.0,0.0,0.0,0.0,0.0,0.0,0.0,0.0,0.0,0.0,0.0,0.0,0.0,0.0,0.0,99.94
08/18/2021,1.5,1.28,1.34,1.14,1.21,1.29,1.28,1.26,1.16,1.2,1.17,1.09,1.27,1.17,1.06,1.02,0.95,0.89,1.13,1.08,0.87,0.88,1.07,0.95,0.9,0.88,0.78,0.84,0.8,0.89,0.75,0.76,0.77,0.71,0.63,0.65,0.66,0.67,0.62,0.64,0.62,0.6,0.51,0.65,0.54,0.57,0.47,0.63,0.5,0.56,0.52,0.52,0.49,0.48,0.55,0.49,0.49,0.48,0.49,0.52,0.48,0.42,0.41,0.42,0.49,0.48,0.49,0.46,0.42,0.49,0.55,0.51,0.45,0.46,0.47,0.5,0.42,0.44,0.48,0.42,0.45,0.43,0.43,0.44,0.4,0.4,0.42,0.44,0.43,0.48,0.39,0.42,0.3,0.44,0.47,0.42,0.37,0.37,0.39,0.41,0.44,0.39,0.42,0.45,0.41,0.42,0.37,0.39,0.38,0.37,0.4,0.4,0.45,0.38,0.41,0.32,0.38,0.3,0.38,0.38,0.37,0.37,0.35,0.41,0.38,0.39,0.4,0.34,0.37,0.35,0.33,0.33,0.37,0.35,0.37,0.32,0.34,0.33,0.0,0.34,0.36,0.33,0.36,0.34,0.34,0.36,0.29,0.31,0.3,0.31,0.28,0.38,0.3,0.31,0.33,0.32,0.36,0.35,0.3,0.34,0.3,0.31,0.29,0.28,0.32,0.32,0.28,0.31,0.34,0.27,0.31,0.37,0.32,0.0,0.27,0.27,0.33,0.31,0.26,0.29,0.28,0.36,0.26,0.28,0.27,0.27,0.24,0.31,0.27,0.28,0.0,0.25,0.26,0.31,0.23,0.24,0.19,0.21,0.2,0.21,0.0,0.0,0.26,0.1,0.24,0.0,0.0,0.0,0.0,0.0,0.0,0.0,0.0,0.0,0.0,0.0,0.0,0.0,0.0,0.0,0.0,0.0,0.0,0.0,0.0,0.0,0.0,0.0,0.0,0.0,0.0,0.0,0.0,0.0,0.0,0.0,0.0,0.0,0.0,0.0,0.0,0.0,0.0,0.0,0.0,0.0,0.0,0.0,0.0,0.0,0.0,0.0,0.0,0.0,0.0,0.0,0.0,0.0,99.94
08/19/2021,1.5,1.28,1.34,1.14,1.21,1.29,1.28,1.26,1.16,1.2,1.17,1.09,1.27,1.17,1.06,1.02,0.95,0.89,1.13,1.08,0.87,0.88,1.07,0.95,0.9,0.88,0.78,0.84,0.8,0.89,0.75,0.76,0.77,0.71,0.63,0.65,0.66,0.67,0.62,0.64,0.62,0.6,0.51,0.65,0.54,0.57,0.47,0.63,0.5,0.56,0.52,0.52,0.49,0.48,0.55,0.49,0.49,0.48,0.49,0.52,0.48,0.42,0.41,0.42,0.49,0.48,0.49,0.46,0.42,0.49,0.55,0.51,0.45,0.46,0.47,0.5,0.42,0.44,0.48,0.42,0.45,0.43,0.43,0.44,0.4,0.4,0.42,0.44,0.43,0.48,0.39,0.42,0.3,0.44,0.47,0.42,0.37,0.37,0.39,0.41,0.44,0.39,0.42,0.45,0.41,0.42,0.37,0.39,0.38,0.37,0.4,0.4,0.45,0.38,0.41,0.32,0.38,0.3,0.38,0.38,0.37,0.37,0.35,0.41,0.38,0.39,0.4,0.34,0.37,0.35,0.33,0.33,0.37,0.35,0.37,0.32,0.34,0.33,0.0,0.34,0.36,0.33,0.36,0.34,0.34,0.36,0.29,0.31,0.3,0.31,0.28,0.38,0.3,0.31,0.33,0.32,0.36,0.35,0.3,0.34,0.3,0.31,0.29,0.28,0.32,0.32,0.28,0.31,0.34,0.27,0.31,0.37,0.32,0.0,0.27,0.27,0.33,0.31,0.26,0.29,0.28,0.36,0.26,0.28,0.27,0.27,0.24,0.31,0.27,0.28,0.0,0.25,0.26,0.31,0.23,0.24,0.19,0.21,0.2,0.21,0.0,0.0,0.26,0.1,0.24,0.0,0.0,0.0,0.0,0.0,0.0,0.0,0.0,0.0,0.0,0.0,0.0,0.0,0.0,0.0,0.0,0.0,0.0,0.0,0.0,0.0,0.0,0.0,0.0,0.0,0.0,0.0,0.0,0.0,0.0,0.0,0.0,0.0,0.0,0.0,0.0,0.0,0.0,0.0,0.0,0.0,0.0,0.0,0.0,0.0,0.0,0.0,0.0,0.0,0.0,0.0,0.0,0.0,99.94
08/20/2021,1.5,1.28,1.36,1.14,1.24,1.27,1.3,1.26,1.16,1.2,1.16,1.08,1.28,1.16,1.06,1.03,0.93,0.89,1.15,1.08,0.87,0.87,1.07,0.94,0.89,0.89,0.78,0.84,0.8,0.86,0.74,0.76,0.77,0.71,0.62,0.66,0.67,0.67,0.62,0.64,0.62,0.6,0.5,0.64,0.54,0.57,0.47,0.64,0.51,0.56,0.53,0.52,0.5,0.49,0.56,0.5,0.5,0.48,0.49,0.51,0.48,0.4,0.41,0.42,0.49,0.48,0.49,0.46,0.42,0.49,0.55,0.51,0.45,0.46,0.47,0.5,0.41,0.44,0.48,0.42,0.45,0.43,0.42,0.45,0.4,0.41,0.42,0.44,0.43,0.5,0.39,0.42,0.29,0.44,0.47,0.41,0.37,0.37,0.39,0.41,0.44,0.39,0.42,0.44,0.42,0.42,0.37,0.39,0.38,0.37,0.4,0.4,0.45,0.39,0.42,0.32,0.39,0.28,0.38,0.37,0.37,0.37,0.35,0.41,0.38,0.39,0.4,0.34,0.37,0.35,0.33,0.34,0.37,0.34,0.36,0.32,0.34,0.32,0.0,0.34,0.36,0.34,0.35,0.33,0.35,0.36,0.29,0.31,0.3,0.31,0.29,0.38,0.31,0.31,0.33,0.32,0.36,0.35,0.3,0.34,0.3,0.31,0.29,0.28,0.32,0.31,0.29,0.31,0.33,0.27,0.31,0.37,0.31,0.0,0.27,0.27,0.33,0.31,0.26,0.29,0.28,0.36,0.25,0.28,0.27,0.27,0.24,0.31,0.27,0.28,0.0,0.24,0.26,0.3,0.23,0.24,0.19,0.22,0.21,0.2,0.0,0.0,0.25,0.09,0.24,0.0,0.0,0.0,0.0,0.0,0.0,0.0,0.0,0.0,0.0,0.0,0.0,0.0,0.0,0.0,0.0,0.0,0.0,0.0,0.0,0.0,0.0,0.0,0.0,0.0,0.0,0.0,0.0,0.0,0.0,0.0,0.0,0.0,0.0,0.0,0.0,0.0,0.0,0.0,0.0,0.0,0.0,0.0,0.0,0.0,0.0,0.0,0.0,0.0,0.0,0.0,0.0,0.0,99.9
08/23/2021,1.49,1.29,1.36,1.15,1.2,1.29,1.33,1.27,1.16,1.18,1.16,1.07,1.28,1.17,1.05,1.04,0.94,0.92,1.17,1.08,0.83,0.81,1.07,0.94,0.89,0.86,0.79,0.82,0.82,0.87,0.72,0.77,0.77,0.71,0.63,0.66,0.67,0.7,0.62,0.63,0.6,0.6,0.54,0.65,0.54,0.51,0.46,0.63,0.52,0.56,0.53,0.53,0.5,0.51,0.56,0.5,0.51,0.48,0.5,0.51,0.49,0.4,0.41,0.42,0.5,0.48,0.49,0.47,0.43,0.49,0.57,0.51,0.45,0.47,0.47,0.49,0.41,0.45,0.48,0.42,0.46,0.44,0.43,0.46,0.39,0.39,0.41,0.42,0.41,0.47,0.39,0.43,0.29,0.44,0.47,0.42,0.36,0.38,0.39,0.42,0.45,0.38,0.42,0.45,0.41,0.42,0.38,0.39,0.36,0.38,0.41,0.4,0.46,0.38,0.42,0.32,0.39,0.28,0.39,0.37,0.37,0.37,0.35,0.41,0.38,0.4,0.4,0.33,0.37,0.35,0.34,0.34,0.36,0.34,0.36,0.31,0.34,0.32,0.0,0.34,0.36,0.34,0.36,0.34,0.35,0.35,0.29,0.31,0.31,0.31,0.29,0.37,0.31,0.32,0.33,0.32,0.39,0.36,0.31,0.34,0.3,0.3,0.29,0.27,0.32,0.3,0.28,0.31,0.33,0.26,0.3,0.36,0.32,0.0,0.27,0.27,0.33,0.31,0.26,0.3,0.27,0.35,0.25,0.27,0.27,0.26,0.23,0.3,0.27,0.27,0.0,0.24,0.25,0.3,0.24,0.24,0.18,0.22,0.2,0.2,0.0,0.0,0.25,0.1,0.24,0.0,0.0,0.0,0.0,0.0,0.0,0.0,0.0,0.0,0.0,0.0,0.0,0.0,0.0,0.0,0.0,0.0,0.0,0.0,0.0,0.0,0.0,0.0,0.0,0.0,0.0,0.0,0.0,0.0,0.0,0.0,0.0,0.0,0.0,0.0,0.0,0.0,0.0,0.0,0.0,0.0,0.0,0.0,0.0,0.0,0.0,0.0,0.0,0.0,0.0,0.0,0.0,0.0,99.87
08/24/2021,1.49,1.29,1.36,1.17,1.21,1.27,1.33,1.32,1.15,1.21,1.22,1.08,1.27,1.17,1.04,1.05,0.94,0.94,1.18,1.07,0.82,0.77,1.05,0.94,0.87,0.86,0.8,0.8,0.81,0.85,0.7,0.76,0.76,0.71,0.64,0.67,0.68,0.67,0.62,0.63,0.61,0.61,0.52,0.65,0.55,0.49,0.47,0.63,0.52,0.57,0.54,0.54,0.5,0.53,0.57,0.51,0.51,0.48,0.5,0.51,0.49,0.38,0.41,0.41,0.51,0.48,0.49,0.48,0.43,0.5,0.56,0.51,0.44,0.48,0.47,0.49,0.41,0.45,0.48,0.42,0.46,0.44,0.43,0.48,0.4,0.4,0.41,0.43,0.41,0.47,0.4,0.44,0.29,0.44,0.47,0.43,0.36,0.38,0.38,0.43,0.45,0.38,0.43,0.45,0.42,0.42,0.39,0.38,0.36,0.38,0.41,0.4,0.47,0.39,0.42,0.32,0.39,0.27,0.39,0.37,0.37,0.36,0.36,0.41,0.38,0.4,0.41,0.34,0.37,0.36,0.34,0.35,0.35,0.34,0.36,0.32,0.34,0.31,0.0,0.34,0.37,0.34,0.36,0.34,0.35,0.35,0.29,0.31,0.3,0.3,0.29,0.36,0.31,0.32,0.33,0.32,0.39,0.36,0.3,0.32,0.3,0.3,0.3,0.26,0.32,0.29,0.28,0.3,0.32,0.25,0.3,0.36,0.32,0.0,0.26,0.27,0.33,0.31,0.25,0.3,0.27,0.34,0.25,0.26,0.26,0.26,0.25,0.3,0.28,0.27,0.0,0.25,0.25,0.3,0.23,0.24,0.18,0.22,0.21,0.19,0.0,0.0,0.24,0.09,0.26,0.0,0.0,0.0,0.0,0.0,0.0,0.0,0.0,0.0,0.0,0.0,0.0,0.0,0.0,0.0,0.0,0.0,0.0,0.0,0.0,0.0,0.0,0.0,0.0,0.0,0.0,0.0,0.0,0.0,0.0,0.0,0.0,0.0,0.0,0.0,0.0,0.0,0.0,0.0,0.0,0.0,0.0,0.0,0.0,0.0,0.0,0.0,0.0,0.0,0.0,0.0,0.0,0.0,99.95
08/25/2021,1.49,1.29,1.36,1.17,1.21,1.27,1.33,1.32,1.15,1.21,1.22,1.08,1.27,1.17,1.04,1.05,0.94,0.94,1.18,1.07,0.82,0.77,1.05,0.94,0.87,0.86,0.8,0.8,0.81,0.85,0.7,0.76,0.76,0.71,0.64,0.67,0.68,0.67,0.62,0.63,0.61,0.61,0.52,0.65,0.55,0.49,0.47,0.63,0.52,0.57,0.54,0.54,0.5,0.53,0.57,0.51,0.51,0.48,0.5,0.51,0.49,0.38,0.41,0.41,0.51,0.48,0.49,0.48,0.43,0.5,0.56,0.51,0.44,0.48,0.47,0.49,0.41,0.45,0.48,0.42,0.46,0.44,0.43,0.48,0.4,0.4,0.41,0.43,0.41,0.47,0.4,0.44,0.29,0.44,0.47,0.43,0.36,0.38,0.38,0.43,0.45,0.38,0.43,0.45,0.42,0.42,0.39,0.38,0.36,0.38,0.41,0.4,0.47,0.39,0.42,0.32,0.39,0.27,0.39,0.37,0.37,0.36,0.36,0.41,0.38,0.4,0.41,0.34,0.37,0.36,0.34,0.35,0.35,0.34,0.36,0.32,0.34,0.31,0.0,0.34,0.37,0.34,0.36,0.34,0.35,0.35,0.29,0.31,0.3,0.3,0.29,0.36,0.31,0.32,0.33,0.32,0.39,0.36,0.3,0.32,0.3,0.3,0.3,0.26,0.32,0.29,0.28,0.3,0.32,0.25,0.3,0.36,0.32,0.0,0.26,0.27,0.33,0.31,0.25,0.3,0.27,0.34,0.25,0.26,0.26,0.26,0.25,0.3,0.28,0.27,0.0,0.25,0.25,0.3,0.23,0.24,0.18,0.22,0.21,0.19,0.0,0.0,0.24,0.0,0.26,0.09,0.0,0.0,0.0,0.0,0.0,0.0,0.0,0.0,0.0,0.0,0.0,0.0,0.0,0.0,0.0,0.0,0.0,0.0,0.0,0.0,0.0,0.0,0.0,0.0,0.0,0.0,0.0,0.0,0.0,0.0,0.0,0.0,0.0,0.0,0.0,0.0,0.0,0.0,0.0,0.0,0.0,0.0,0.0,0.0,0.0,0.0,0.0,0.0,0.0,0.0,0.0,0.0,99.95
08/26/2021,1.49,1.29,1.36,1.17,1.21,1.27,1.33,1.32,1.15,1.21,1.22,1.08,1.27,1.17,1.04,1.05,0.94,0.94,1.18,1.07,0.82,0.77,1.05,0.94,0.87,0.86,0.8,0.8,0.81,0.85,0.7,0.76,0.76,0.71,0.64,0.67,0.68,0.67,0.62,0.63,0.61,0.61,0.52,0.65,0.55,0.49,0.47,0.63,0.52,0.57,0.54,0.54,0.5,0.53,0.57,0.51,0.51,0.48,0.5,0.51,0.49,0.38,0.41,0.41,0.51,0.48,0.49,0.48,0.43,0.5,0.56,0.51,0.44,0.48,0.47,0.49,0.41,0.45,0.48,0.42,0.46,0.44,0.43,0.48,0.4,0.4,0.41,0.43,0.41,0.47,0.4,0.44,0.29,0.44,0.47,0.43,0.36,0.38,0.38,0.43,0.45,0.38,0.43,0.45,0.42,0.42,0.39,0.38,0.36,0.38,0.41,0.4,0.47,0.39,0.42,0.32,0.39,0.27,0.39,0.37,0.37,0.36,0.36,0.41,0.38,0.4,0.41,0.34,0.37,0.36,0.34,0.35,0.35,0.34,0.36,0.32,0.34,0.31,0.0,0.34,0.37,0.34,0.36,0.34,0.35,0.35,0.29,0.31,0.3,0.3,0.29,0.36,0.31,0.32,0.33,0.32,0.39,0.36,0.3,0.32,0.3,0.3,0.3,0.26,0.32,0.29,0.28,0.3,0.32,0.25,0.3,0.36,0.32,0.0,0.26,0.27,0.33,0.31,0.25,0.3,0.27,0.34,0.25,0.26,0.26,0.26,0.25,0.3,0.28,0.27,0.0,0.25,0.25,0.3,0.23,0.24,0.18,0.22,0.21,0.19,0.0,0.0,0.24,0.0,0.26,0.09,0.0,0.0,0.0,0.0,0.0,0.0,0.0,0.0,0.0,0.0,0.0,0.0,0.0,0.0,0.0,0.0,0.0,0.0,0.0,0.0,0.0,0.0,0.0,0.0,0.0,0.0,0.0,0.0,0.0,0.0,0.0,0.0,0.0,0.0,0.0,0.0,0.0,0.0,0.0,0.0,0.0,0.0,0.0,0.0,0.0,0.0,0.0,0.0,0.0,0.0,0.0,0.0,99.95
08/27/2021,1.48,1.28,1.34,1.17,1.22,1.28,1.33,1.32,1.14,1.2,1.22,1.08,1.27,1.18,1.04,1.05,0.94,0.93,1.17,1.08,0.83,0.77,1.07,0.95,0.87,0.87,0.79,0.81,0.82,0.86,0.71,0.76,0.76,0.71,0.64,0.66,0.67,0.67,0.63,0.64,0.6,0.6,0.53,0.65,0.55,0.5,0.47,0.62,0.52,0.56,0.53,0.53,0.5,0.52,0.56,0.5,0.51,0.47,0.5,0.51,0.49,0.39,0.41,0.41,0.5,0.49,0.49,0.48,0.43,0.5,0.57,0.51,0.45,0.47,0.47,0.49,0.42,0.44,0.49,0.42,0.46,0.43,0.43,0.48,0.4,0.4,0.41,0.44,0.41,0.47,0.39,0.43,0.3,0.43,0.47,0.42,0.36,0.37,0.38,0.42,0.45,0.38,0.42,0.44,0.43,0.42,0.38,0.39,0.36,0.38,0.41,0.41,0.46,0.38,0.42,0.33,0.39,0.29,0.39,0.37,0.37,0.37,0.35,0.41,0.38,0.4,0.41,0.34,0.37,0.35,0.34,0.34,0.36,0.34,0.36,0.31,0.34,0.31,0.0,0.33,0.36,0.33,0.36,0.34,0.35,0.35,0.29,0.31,0.3,0.3,0.29,0.37,0.31,0.32,0.33,0.32,0.39,0.36,0.3,0.32,0.31,0.3,0.29,0.25,0.32,0.31,0.28,0.3,0.32,0.26,0.3,0.37,0.32,0.0,0.27,0.27,0.32,0.31,0.25,0.3,0.28,0.35,0.25,0.27,0.26,0.26,0.25,0.3,0.27,0.27,0.0,0.25,0.25,0.3,0.24,0.24,0.18,0.22,0.21,0.2,0.0,0.0,0.25,0.0,0.27,0.09,0.0,0.0,0.0,0.0,0.0,0.0,0.0,0.0,0.0,0.0,0.0,0.0,0.0,0.0,0.0,0.0,0.0,0.0,0.0,0.0,0.0,0.0,0.0,0.0,0.0,0.0,0.0,0.0,0.0,0.0,0.0,0.0,0.0,0.0,0.0,0.0,0.0,0.0,0.0,0.0,0.0,0.0,0.0,0.0,0.0,0.0,0.0,0.0,0.0,0.0,0.0,0.0,99.95
08/30/2021,1.47,1.26,1.32,1.15,1.21,1.26,1.32,1.3,1.13,1.17,1.23,1.06,1.28,1.17,1.04,1.06,0.96,0.93,1.15,1.08,0.83,0.79,1.06,0.95,0.87,0.89,0.78,0.81,0.8,0.85,0.72,0.77,0.78,0.71,0.65,0.66,0.66,0.67,0.63,0.62,0.6,0.62,0.54,0.64,0.54,0.51,0.48,0.61,0.5,0.56,0.52,0.51,0.49,0.52,0.56,0.49,0.5,0.46,0.49,0.52,0.49,0.39,0.4,0.42,0.49,0.5,0.5,0.47,0.42,0.49,0.54,0.51,0.46,0.48,0.47,0.5,0.43,0.43,0.49,0.42,0.45,0.43,0.43,0.48,0.4,0.43,0.42,0.44,0.41,0.46,0.39,0.42,0.32,0.44,0.47,0.43,0.37,0.37,0.4,0.41,0.44,0.37,0.42,0.44,0.49,0.42,0.38,0.4,0.36,0.39,0.41,0.4,0.46,0.38,0.41,0.32,0.39,0.3,0.39,0.38,0.36,0.38,0.34,0.41,0.38,0.39,0.41,0.33,0.36,0.34,0.33,0.35,0.37,0.33,0.37,0.31,0.33,0.32,0.0,0.33,0.36,0.35,0.36,0.34,0.34,0.36,0.29,0.31,0.3,0.31,0.28,0.37,0.3,0.32,0.33,0.32,0.38,0.36,0.31,0.33,0.31,0.31,0.28,0.26,0.32,0.31,0.28,0.3,0.33,0.26,0.3,0.37,0.32,0.0,0.26,0.28,0.32,0.33,0.25,0.3,0.28,0.35,0.26,0.28,0.26,0.27,0.25,0.31,0.27,0.27,0.0,0.26,0.26,0.3,0.23,0.24,0.19,0.22,0.21,0.2,0.0,0.0,0.26,0.0,0.27,0.09,0.0,0.0,0.0,0.0,0.0,0.0,0.0,0.0,0.0,0.0,0.0,0.0,0.0,0.0,0.0,0.0,0.0,0.0,0.0,0.0,0.0,0.0,0.0,0.0,0.0,0.0,0.0,0.0,0.0,0.0,0.0,0.0,0.0,0.0,0.0,0.0,0.0,0.0,0.0,0.0,0.0,0.0,0.0,0.0,0.0,0.0,0.0,0.0,0.0,0.0,0.0,0.0,99.91
08/31/2021,1.47,1.25,1.32,1.16,1.21,1.27,1.34,1.28,1.12,1.19,1.22,1.05,1.28,1.16,1.03,1.07,0.96,0.92,1.17,1.08,0.84,0.8,1.05,0.89,0.86,0.87,0.78,0.81,0.8,0.86,0.72,0.78,0.79,0.71,0.65,0.65,0.63,0.67,0.63,0.62,0.59,0.62,0.53,0.63,0.55,0.51,0.47,0.61,0.5,0.55,0.52,0.51,0.49,0.52,0.55,0.48,0.5,0.46,0.49,0.53,0.49,0.41,0.4,0.42,0.49,0.52,0.5,0.46,0.42,0.49,0.53,0.51,0.46,0.48,0.47,0.51,0.43,0.43,0.49,0.42,0.45,0.43,0.43,0.47,0.4,0.41,0.42,0.44,0.42,0.45,0.4,0.42,0.34,0.44,0.47,0.43,0.37,0.38,0.39,0.42,0.45,0.38,0.43,0.44,0.52,0.43,0.38,0.41,0.35,0.38,0.42,0.41,0.46,0.39,0.4,0.32,0.39,0.31,0.39,0.39,0.36,0.38,0.34,0.42,0.37,0.39,0.41,0.34,0.36,0.34,0.33,0.35,0.36,0.33,0.37,0.31,0.32,0.31,0.0,0.33,0.35,0.38,0.36,0.34,0.34,0.37,0.29,0.31,0.3,0.32,0.29,0.38,0.3,0.32,0.34,0.32,0.38,0.36,0.32,0.34,0.31,0.31,0.28,0.26,0.31,0.31,0.27,0.3,0.33,0.0,0.3,0.37,0.32,0.0,0.27,0.28,0.32,0.33,0.25,0.3,0.29,0.34,0.26,0.28,0.26,0.27,0.25,0.31,0.27,0.27,0.27,0.27,0.26,0.3,0.23,0.24,0.19,0.23,0.21,0.2,0.0,0.0,0.27,0.0,0.27,0.09,0.0,0.0,0.0,0.0,0.0,0.0,0.0,0.0,0.0,0.0,0.0,0.0,0.0,0.0,0.0,0.0,0.0,0.0,0.0,0.0,0.0,0.0,0.0,0.0,0.0,0.0,0.0,0.0,0.0,0.0,0.0,0.0,0.0,0.0,0.0,0.0,0.0,0.0,0.0,0.0,0.0,0.0,0.0,0.0,0.0,0.0,0.0,0.0,0.0,0.0,0.0,0.0,100.01
09/01/2021,1.47,1.25,1.32,1.16,1.21,1.27,1.34,1.28,1.12,1.19,1.22,1.05,1.28,1.16,1.03,1.07,0.96,0.92,1.17,1.08,0.84,0.8,1.05,0.89,0.86,0.87,0.78,0.81,0.8,0.86,0.72,0.78,0.79,0.71,0.65,0.65,0.63,0.67,0.63,0.62,0.59,0.62,0.53,0.63,0.55,0.51,0.47,0.61,0.5,0.55,0.52,0.51,0.49,0.52,0.55,0.48,0.5,0.46,0.49,0.53,0.49,0.41,0.4,0.42,0.49,0.52,0.5,0.46,0.42,0.49,0.53,0.51,0.46,0.48,0.47,0.51,0.43,0.43,0.49,0.42,0.45,0.43,0.43,0.47,0.4,0.41,0.42,0.44,0.42,0.45,0.4,0.42,0.34,0.44,0.47,0.43,0.37,0.38,0.39,0.42,0.45,0.38,0.43,0.44,0.52,0.43,0.38,0.41,0.35,0.38,0.42,0.41,0.46,0.39,0.4,0.32,0.39,0.31,0.39,0.39,0.36,0.38,0.34,0.42,0.37,0.39,0.41,0.34,0.36,0.34,0.33,0.35,0.36,0.33,0.37,0.31,0.32,0.31,0.0,0.33,0.35,0.38,0.36,0.34,0.34,0.37,0.29,0.31,0.3,0.32,0.29,0.38,0.3,0.32,0.34,0.32,0.38,0.36,0.32,0.34,0.31,0.31,0.28,0.26,0.31,0.31,0.27,0.3,0.33,0.0,0.3,0.37,0.32,0.0,0.27,0.28,0.32,0.33,0.25,0.3,0.29,0.34,0.26,0.28,0.26,0.27,0.25,0.31,0.27,0.27,0.27,0.27,0.26,0.3,0.23,0.24,0.19,0.23,0.21,0.2,0.0,0.0,0.27,0.0,0.27,0.09,0.0,0.0,0.0,0.0,0.0,0.0,0.0,0.0,0.0,0.0,0.0,0.0,0.0,0.0,0.0,0.0,0.0,0.0,0.0,0.0,0.0,0.0,0.0,0.0,0.0,0.0,0.0,0.0,0.0,0.0,0.0,0.0,0.0,0.0,0.0,0.0,0.0,0.0,0.0,0.0,0.0,0.0,0.0,0.0,0.0,0.0,0.0,0.0,0.0,0.0,0.0,0.0,100.01
09/02/2021,1.47,1.25,1.32,1.16,1.21,1.27,1.34,1.28,1.12,1.19,1.22,1.05,1.28,1.16,1.03,1.07,0.96,0.92,1.17,1.08,0.84,0.8,1.05,0.89,0.86,0.87,0.78,0.81,0.8,0.86,0.72,0.78,0.79,0.71,0.65,0.65,0.63,0.67,0.63,0.62,0.59,0.62,0.53,0.63,0.55,0.51,0.47,0.61,0.5,0.55,0.52,0.51,0.49,0.52,0.55,0.48,0.5,0.46,0.49,0.53,0.49,0.41,0.4,0.42,0.49,0.52,0.5,0.46,0.42,0.49,0.53,0.51,0.46,0.48,0.47,0.51,0.43,0.43,0.49,0.42,0.45,0.43,0.43,0.47,0.4,0.41,0.42,0.44,0.42,0.45,0.4,0.42,0.34,0.44,0.47,0.43,0.37,0.38,0.39,0.42,0.45,0.38,0.43,0.44,0.52,0.43,0.38,0.41,0.35,0.38,0.42,0.41,0.46,0.39,0.4,0.32,0.39,0.31,0.39,0.39,0.36,0.38,0.34,0.42,0.37,0.39,0.41,0.34,0.36,0.34,0.33,0.35,0.36,0.33,0.37,0.31,0.32,0.31,0.0,0.33,0.35,0.38,0.36,0.34,0.34,0.37,0.29,0.31,0.3,0.32,0.29,0.38,0.3,0.32,0.34,0.32,0.38,0.36,0.32,0.34,0.31,0.31,0.28,0.26,0.31,0.31,0.27,0.3,0.33,0.0,0.3,0.37,0.32,0.0,0.27,0.28,0.32,0.33,0.25,0.3,0.29,0.34,0.26,0.28,0.26,0.27,0.25,0.31,0.27,0.27,0.27,0.27,0.26,0.3,0.23,0.24,0.19,0.23,0.21,0.2,0.0,0.0,0.27,0.0,0.27,0.09,0.0,0.0,0.0,0.0,0.0,0.0,0.0,0.0,0.0,0.0,0.0,0.0,0.0,0.0,0.0,0.0,0.0,0.0,0.0,0.0,0.0,0.0,0.0,0.0,0.0,0.0,0.0,0.0,0.0,0.0,0.0,0.0,0.0,0.0,0.0,0.0,0.0,0.0,0.0,0.0,0.0,0.0,0.0,0.0,0.0,0.0,0.0,0.0,0.0,0.0,0.0,0.0,100.01
09/03/2021,1.48,1.26,1.32,1.17,1.21,1.26,1.35,1.3,1.12,1.19,1.22,1.06,1.28,1.16,1.03,1.07,0.96,0.92,1.18,1.09,0.82,0.79,1.04,0.9,0.85,0.9,0.78,0.8,0.79,0.86,0.71,0.77,0.79,0.71,0.64,0.65,0.63,0.67,0.61,0.63,0.59,0.62,0.52,0.62,0.54,0.5,0.47,0.61,0.5,0.56,0.52,0.51,0.5,0.52,0.56,0.49,0.5,0.46,0.49,0.52,0.49,0.42,0.4,0.41,0.5,0.51,0.49,0.46,0.42,0.5,0.53,0.52,0.45,0.47,0.46,0.5,0.42,0.44,0.5,0.42,0.45,0.42,0.43,0.48,0.4,0.42,0.42,0.44,0.41,0.45,0.4,0.43,0.33,0.44,0.48,0.44,0.36,0.38,0.4,0.42,0.45,0.38,0.44,0.48,0.54,0.43,0.38,0.41,0.35,0.38,0.42,0.42,0.46,0.4,0.4,0.32,0.38,0.31,0.39,0.38,0.37,0.38,0.34,0.42,0.38,0.39,0.41,0.34,0.36,0.34,0.33,0.35,0.36,0.33,0.36,0.3,0.31,0.32,0.0,0.33,0.35,0.38,0.35,0.33,0.34,0.37,0.29,0.32,0.3,0.31,0.28,0.35,0.3,0.32,0.34,0.32,0.38,0.35,0.31,0.34,0.31,0.31,0.28,0.26,0.31,0.3,0.27,0.3,0.32,0.0,0.3,0.37,0.32,0.0,0.26,0.27,0.32,0.33,0.24,0.3,0.29,0.35,0.25,0.28,0.26,0.26,0.24,0.31,0.27,0.27,0.26,0.27,0.26,0.3,0.23,0.24,0.19,0.23,0.21,0.2,0.0,0.0,0.26,0.0,0.27,0.09,0.0,0.0,0.0,0.0,0.0,0.0,0.0,0.0,0.0,0.0,0.0,0.0,0.0,0.0,0.0,0.0,0.0,0.0,0.0,0.0,0.0,0.0,0.0,0.0,0.0,0.0,0.0,0.0,0.0,0.0,0.0,0.0,0.0,0.0,0.0,0.0,0.0,0.0,0.0,0.0,0.0,0.0,0.0,0.0,0.0,0.0,0.0,0.0,0.0,0.0,0.0,0.0,99.91
09/06/2021,1.49,1.26,1.32,1.19,1.2,1.26,1.36,1.3,1.12,1.2,1.22,1.06,1.29,1.16,1.03,1.04,0.96,0.93,1.17,1.09,0.84,0.79,1.06,0.88,0.86,0.88,0.78,0.81,0.81,0.88,0.7,0.78,0.79,0.7,0.64,0.65,0.63,0.67,0.61,0.62,0.58,0.61,0.54,0.63,0.54,0.48,0.47,0.62,0.5,0.56,0.53,0.51,0.5,0.51,0.57,0.48,0.49,0.46,0.49,0.52,0.46,0.43,0.4,0.41,0.5,0.5,0.5,0.46,0.42,0.5,0.52,0.52,0.45,0.47,0.46,0.5,0.42,0.44,0.49,0.42,0.45,0.42,0.42,0.48,0.39,0.41,0.42,0.43,0.41,0.44,0.4,0.44,0.34,0.44,0.48,0.45,0.36,0.37,0.4,0.42,0.46,0.37,0.44,0.48,0.54,0.42,0.38,0.41,0.34,0.38,0.42,0.42,0.47,0.39,0.4,0.32,0.39,0.32,0.38,0.38,0.37,0.39,0.34,0.42,0.38,0.39,0.41,0.34,0.37,0.34,0.33,0.35,0.35,0.34,0.36,0.31,0.31,0.31,0.0,0.33,0.35,0.38,0.36,0.33,0.34,0.36,0.29,0.32,0.3,0.31,0.28,0.35,0.31,0.32,0.34,0.32,0.38,0.36,0.32,0.33,0.3,0.31,0.29,0.26,0.32,0.29,0.27,0.3,0.33,0.26,0.3,0.36,0.33,0.0,0.27,0.27,0.32,0.32,0.25,0.3,0.29,0.33,0.26,0.27,0.27,0.26,0.25,0.3,0.27,0.27,0.0,0.26,0.26,0.31,0.23,0.24,0.18,0.23,0.2,0.2,0.0,0.0,0.26,0.0,0.26,0.09,0.0,0.0,0.0,0.0,0.0,0.0,0.0,0.0,0.0,0.0,0.0,0.0,0.0,0.0,0.0,0.0,0.0,0.0,0.0,0.0,0.0,0.0,0.0,0.0,0.0,0.0,0.0,0.0,0.0,0.0,0.0,0.0,0.0,0.0,0.0,0.0,0.0,0.0,0.0,0.0,0.0,0.0,0.0,0.0,0.0,0.0,0.0,0.0,0.0,0.0,0.0,0.0,99.9
09/07/2021,1.48,1.27,1.31,1.19,1.17,1.23,1.34,1.29,1.13,1.18,1.22,1.06,1.3,1.15,1.03,1.02,0.98,0.93,1.19,1.1,0.83,0.78,1.06,0.87,0.86,0.9,0.78,0.82,0.8,0.89,0.71,0.77,0.79,0.7,0.65,0.64,0.62,0.67,0.61,0.62,0.58,0.61,0.54,0.62,0.54,0.49,0.47,0.62,0.5,0.56,0.53,0.51,0.51,0.52,0.58,0.47,0.48,0.45,0.49,0.52,0.46,0.46,0.41,0.4,0.51,0.5,0.5,0.47,0.42,0.5,0.53,0.53,0.45,0.47,0.46,0.5,0.43,0.45,0.48,0.42,0.45,0.41,0.42,0.48,0.39,0.4,0.42,0.43,0.41,0.43,0.4,0.44,0.35,0.44,0.48,0.46,0.37,0.37,0.4,0.42,0.47,0.37,0.45,0.5,0.55,0.42,0.38,0.41,0.34,0.37,0.42,0.42,0.53,0.39,0.4,0.33,0.39,0.33,0.38,0.37,0.38,0.39,0.34,0.42,0.37,0.39,0.41,0.33,0.37,0.34,0.34,0.35,0.34,0.34,0.36,0.31,0.31,0.31,0.0,0.33,0.36,0.37,0.35,0.33,0.34,0.35,0.3,0.33,0.3,0.3,0.29,0.34,0.3,0.32,0.35,0.32,0.39,0.36,0.31,0.34,0.3,0.3,0.29,0.25,0.31,0.29,0.27,0.3,0.32,0.26,0.3,0.35,0.34,0.0,0.27,0.27,0.32,0.37,0.24,0.3,0.29,0.33,0.25,0.28,0.27,0.26,0.25,0.3,0.27,0.27,0.26,0.27,0.26,0.3,0.23,0.23,0.18,0.23,0.2,0.2,0.0,0.0,0.0,0.0,0.26,0.09,0.0,0.0,0.0,0.0,0.0,0.0,0.0,0.0,0.0,0.0,0.0,0.0,0.0,0.0,0.0,0.0,0.0,0.0,0.0,0.0,0.0,0.0,0.0,0.0,0.0,0.0,0.0,0.0,0.0,0.0,0.0,0.0,0.0,0.0,0.0,0.0,0.0,0.0,0.0,0.0,0.0,0.0,0.0,0.0,0.0,0.0,0.0,0.0,0.0,0.0,0.0,0.0,99.98
09/08/2021,1.48,1.27,1.31,1.19,1.17,1.23,1.34,1.29,1.13,1.18,1.22,1.06,1.3,1.15,1.03,1.02,0.98,0.93,1.19,1.1,0.83,0.78,1.06,0.87,0.86,0.9,0.78,0.82,0.8,0.89,0.71,0.77,0.79,0.7,0.65,0.64,0.62,0.67,0.61,0.62,0.58,0.61,0.54,0.62,0.54,0.49,0.47,0.62,0.5,0.56,0.53,0.51,0.51,0.52,0.58,0.47,0.48,0.45,0.49,0.52,0.46,0.46,0.41,0.4,0.51,0.5,0.5,0.47,0.42,0.5,0.53,0.53,0.45,0.47,0.46,0.5,0.43,0.45,0.48,0.42,0.45,0.41,0.42,0.48,0.39,0.4,0.42,0.43,0.41,0.43,0.4,0.44,0.35,0.44,0.48,0.46,0.37,0.37,0.4,0.42,0.47,0.37,0.45,0.5,0.55,0.42,0.38,0.41,0.34,0.37,0.42,0.42,0.53,0.39,0.4,0.33,0.39,0.33,0.38,0.37,0.38,0.39,0.34,0.42,0.37,0.39,0.41,0.33,0.37,0.34,0.34,0.35,0.34,0.34,0.36,0.31,0.31,0.31,0.0,0.33,0.36,0.37,0.35,0.33,0.34,0.35,0.3,0.33,0.3,0.3,0.29,0.34,0.3,0.32,0.35,0.32,0.39,0.36,0.31,0.34,0.3,0.3,0.29,0.25,0.31,0.29,0.27,0.3,0.32,0.26,0.3,0.35,0.34,0.0,0.27,0.27,0.32,0.37,0.24,0.3,0.29,0.33,0.25,0.28,0.27,0.26,0.25,0.3,0.27,0.27,0.26,0.27,0.26,0.3,0.23,0.23,0.18,0.23,0.2,0.2,0.0,0.0,0.0,0.0,0.26,0.09,0.0,0.0,0.0,0.0,0.0,0.0,0.0,0.0,0.0,0.0,0.0,0.0,0.0,0.0,0.0,0.0,0.0,0.0,0.0,0.0,0.0,0.0,0.0,0.0,0.0,0.0,0.0,0.0,0.0,0.0,0.0,0.0,0.0,0.0,0.0,0.0,0.0,0.0,0.0,0.0,0.0,0.0,0.0,0.0,0.0,0.0,0.0,0.0,0.0,0.0,0.0,0.0,99.98
09/09/2021,1.48,1.27,1.31,1.19,1.17,1.23,1.34,1.29,1.13,1.18,1.22,1.06,1.3,1.15,1.03,1.02,0.98,0.93,1.19,1.1,0.83,0.78,1.06,0.87,0.86,0.9,0.78,0.82,0.8,0.89,0.71,0.77,0.79,0.7,0.65,0.64,0.62,0.67,0.61,0.62,0.58,0.61,0.54,0.62,0.54,0.49,0.47,0.62,0.5,0.56,0.53,0.51,0.51,0.52,0.58,0.47,0.48,0.45,0.49,0.52,0.46,0.46,0.41,0.4,0.51,0.5,0.5,0.47,0.42,0.5,0.53,0.53,0.45,0.47,0.46,0.5,0.43,0.45,0.48,0.42,0.45,0.41,0.42,0.48,0.39,0.4,0.42,0.43,0.41,0.43,0.4,0.44,0.35,0.44,0.48,0.46,0.37,0.37,0.4,0.42,0.47,0.37,0.45,0.5,0.55,0.42,0.38,0.41,0.34,0.37,0.42,0.42,0.53,0.39,0.4,0.33,0.39,0.33,0.38,0.37,0.38,0.39,0.34,0.42,0.37,0.39,0.41,0.33,0.37,0.34,0.34,0.35,0.34,0.34,0.36,0.31,0.31,0.31,0.0,0.33,0.36,0.37,0.35,0.33,0.34,0.35,0.3,0.33,0.3,0.3,0.29,0.34,0.3,0.32,0.35,0.32,0.39,0.36,0.31,0.34,0.3,0.3,0.29,0.25,0.31,0.29,0.27,0.3,0.32,0.26,0.3,0.35,0.34,0.0,0.27,0.27,0.32,0.37,0.24,0.3,0.29,0.33,0.25,0.28,0.27,0.26,0.25,0.3,0.27,0.27,0.26,0.27,0.26,0.3,0.23,0.23,0.18,0.23,0.2,0.2,0.0,0.0,0.0,0.0,0.26,0.09,0.0,0.0,0.0,0.0,0.0,0.0,0.0,0.0,0.0,0.0,0.0,0.0,0.0,0.0,0.0,0.0,0.0,0.0,0.0,0.0,0.0,0.0,0.0,0.0,0.0,0.0,0.0,0.0,0.0,0.0,0.0,0.0,0.0,0.0,0.0,0.0,0.0,0.0,0.0,0.0,0.0,0.0,0.0,0.0,0.0,0.0,0.0,0.0,0.0,0.0,0.0,0.0,99.98
09/10/2021,1.48,1.27,1.31,1.19,1.17,1.23,1.34,1.29,1.13,1.18,1.22,1.06,1.3,1.15,1.03,1.02,0.98,0.93,1.19,1.1,0.83,0.78,1.06,0.87,0.86,0.9,0.78,0.82,0.8,0.89,0.71,0.77,0.79,0.7,0.65,0.64,0.62,0.67,0.61,0.62,0.58,0.61,0.54,0.62,0.54,0.49,0.47,0.62,0.5,0.56,0.53,0.51,0.51,0.52,0.58,0.47,0.48,0.45,0.49,0.52,0.46,0.46,0.41,0.4,0.51,0.5,0.5,0.47,0.42,0.5,0.53,0.53,0.45,0.47,0.46,0.5,0.43,0.45,0.48,0.42,0.45,0.41,0.42,0.48,0.39,0.4,0.42,0.43,0.41,0.43,0.4,0.44,0.35,0.44,0.48,0.46,0.37,0.37,0.4,0.42,0.47,0.37,0.45,0.5,0.55,0.42,0.38,0.41,0.34,0.37,0.42,0.42,0.53,0.39,0.4,0.33,0.39,0.33,0.38,0.37,0.38,0.39,0.34,0.42,0.37,0.39,0.41,0.33,0.37,0.34,0.34,0.35,0.34,0.34,0.36,0.31,0.31,0.31,0.0,0.33,0.36,0.37,0.35,0.33,0.34,0.35,0.3,0.33,0.3,0.3,0.29,0.34,0.3,0.32,0.35,0.32,0.39,0.36,0.31,0.34,0.3,0.3,0.29,0.25,0.31,0.29,0.27,0.3,0.32,0.26,0.3,0.35,0.34,0.0,0.27,0.27,0.32,0.37,0.24,0.3,0.29,0.33,0.25,0.28,0.27,0.26,0.25,0.3,0.27,0.27,0.26,0.27,0.26,0.3,0.23,0.23,0.18,0.23,0.2,0.2,0.0,0.0,0.0,0.0,0.26,0.09,0.0,0.0,0.0,0.0,0.0,0.0,0.0,0.0,0.0,0.0,0.0,0.0,0.0,0.0,0.0,0.0,0.0,0.0,0.0,0.0,0.0,0.0,0.0,0.0,0.0,0.0,0.0,0.0,0.0,0.0,0.0,0.0,0.0,0.0,0.0,0.0,0.0,0.0,0.0,0.0,0.0,0.0,0.0,0.0,0.0,0.0,0.0,0.0,0.0,0.0,0.0,0.0,99.98
09/13/2021,1.49,1.27,1.33,1.22,1.15,1.23,1.34,1.3,1.14,1.18,1.22,1.07,1.31,1.16,1.03,1.01,0.99,0.91,1.18,1.09,0.82,0.8,1.07,0.88,0.86,0.86,0.82,0.81,0.8,0.88,0.71,0.76,0.75,0.69,0.64,0.65,0.64,0.68,0.61,0.64,0.59,0.6,0.54,0.63,0.53,0.49,0.48,0.62,0.49,0.57,0.54,0.51,0.53,0.52,0.59,0.47,0.48,0.46,0.5,0.51,0.45,0.48,0.43,0.4,0.51,0.51,0.51,0.46,0.43,0.51,0.53,0.53,0.45,0.47,0.46,0.5,0.43,0.45,0.48,0.42,0.45,0.41,0.43,0.48,0.4,0.39,0.41,0.41,0.4,0.44,0.39,0.44,0.35,0.44,0.49,0.46,0.37,0.37,0.39,0.42,0.47,0.36,0.45,0.51,0.51,0.42,0.38,0.4,0.33,0.38,0.42,0.42,0.52,0.39,0.4,0.33,0.4,0.32,0.38,0.37,0.38,0.39,0.35,0.43,0.38,0.39,0.42,0.33,0.37,0.34,0.33,0.33,0.33,0.34,0.37,0.31,0.31,0.31,0.0,0.33,0.36,0.36,0.36,0.32,0.34,0.35,0.3,0.32,0.3,0.3,0.28,0.33,0.31,0.31,0.35,0.32,0.39,0.36,0.31,0.33,0.3,0.28,0.29,0.26,0.31,0.28,0.28,0.3,0.31,0.26,0.3,0.36,0.33,0.0,0.27,0.26,0.31,0.37,0.24,0.29,0.28,0.32,0.25,0.27,0.27,0.26,0.23,0.3,0.27,0.27,0.26,0.27,0.25,0.3,0.22,0.23,0.19,0.23,0.19,0.2,0.0,0.0,0.0,0.0,0.26,0.08,0.0,0.0,0.0,0.0,0.0,0.0,0.0,0.0,0.0,0.0,0.0,0.0,0.0,0.0,0.0,0.0,0.0,0.0,0.0,0.0,0.0,0.0,0.0,0.0,0.0,0.0,0.0,0.0,0.0,0.0,0.0,0.0,0.0,0.0,0.0,0.0,0.0,0.0,0.0,0.0,0.0,0.0,0.0,0.0,0.0,0.0,0.0,0.0,0.0,0.0,0.0,0.0,99.89
09/14/2021,1.51,1.27,1.33,1.22,1.17,1.22,1.33,1.29,1.14,1.16,1.22,1.07,1.33,1.17,1.03,1.02,1.0,0.9,1.19,1.09,0.82,0.82,1.05,0.86,0.86,0.86,0.84,0.81,0.78,0.89,0.71,0.76,0.75,0.7,0.64,0.66,0.64,0.68,0.61,0.67,0.59,0.58,0.53,0.63,0.53,0.48,0.48,0.62,0.49,0.56,0.56,0.5,0.52,0.52,0.59,0.47,0.48,0.46,0.5,0.52,0.45,0.48,0.45,0.4,0.52,0.51,0.5,0.46,0.42,0.52,0.53,0.54,0.46,0.47,0.46,0.51,0.43,0.44,0.48,0.42,0.43,0.4,0.43,0.47,0.41,0.4,0.41,0.41,0.41,0.44,0.39,0.44,0.36,0.44,0.49,0.45,0.37,0.37,0.39,0.42,0.47,0.36,0.45,0.51,0.51,0.42,0.38,0.4,0.35,0.38,0.42,0.42,0.49,0.39,0.38,0.33,0.4,0.32,0.38,0.37,0.37,0.41,0.35,0.43,0.37,0.39,0.43,0.33,0.37,0.34,0.32,0.34,0.34,0.33,0.38,0.31,0.32,0.31,0.0,0.33,0.36,0.37,0.36,0.32,0.34,0.35,0.29,0.32,0.3,0.31,0.27,0.34,0.31,0.31,0.35,0.32,0.36,0.35,0.31,0.33,0.3,0.28,0.3,0.26,0.31,0.3,0.28,0.3,0.32,0.26,0.3,0.37,0.33,0.0,0.27,0.26,0.31,0.37,0.24,0.29,0.28,0.33,0.25,0.26,0.26,0.26,0.23,0.31,0.27,0.27,0.26,0.27,0.26,0.3,0.21,0.23,0.18,0.23,0.2,0.2,0.0,0.0,0.0,0.0,0.26,0.08,0.0,0.0,0.0,0.0,0.0,0.0,0.0,0.0,0.0,0.0,0.0,0.0,0.0,0.0,0.0,0.0,0.0,0.0,0.0,0.0,0.0,0.0,0.0,0.0,0.0,0.0,0.0,0.0,0.0,0.0,0.0,0.0,0.0,0.0,0.0,0.0,0.0,0.0,0.0,0.0,0.0,0.0,0.0,0.0,0.0,0.0,0.0,0.0,0.0,0.0,0.0,0.0,99.98
09/15/2021,1.51,1.27,1.33,1.22,1.17,1.22,1.33,1.29,1.14,1.16,1.22,1.07,1.33,1.17,1.03,1.02,1.0,0.9,1.19,1.09,0.82,0.82,1.05,0.86,0.86,0.86,0.84,0.81,0.78,0.89,0.71,0.76,0.75,0.7,0.64,0.66,0.64,0.68,0.61,0.67,0.59,0.58,0.53,0.63,0.53,0.48,0.48,0.62,0.49,0.56,0.56,0.5,0.52,0.52,0.59,0.47,0.48,0.46,0.5,0.52,0.45,0.48,0.45,0.4,0.52,0.51,0.5,0.46,0.42,0.52,0.53,0.54,0.46,0.47,0.46,0.51,0.43,0.44,0.48,0.42,0.43,0.4,0.43,0.47,0.41,0.4,0.41,0.41,0.41,0.44,0.39,0.44,0.36,0.44,0.49,0.45,0.37,0.37,0.39,0.42,0.47,0.36,0.45,0.51,0.51,0.42,0.38,0.4,0.35,0.38,0.42,0.42,0.49,0.39,0.38,0.33,0.4,0.32,0.38,0.37,0.37,0.41,0.35,0.43,0.37,0.39,0.43,0.33,0.37,0.34,0.32,0.34,0.34,0.33,0.38,0.31,0.32,0.31,0.0,0.33,0.36,0.37,0.36,0.32,0.34,0.35,0.29,0.32,0.3,0.31,0.27,0.34,0.31,0.31,0.35,0.32,0.36,0.35,0.31,0.33,0.3,0.28,0.3,0.26,0.31,0.3,0.28,0.3,0.32,0.26,0.3,0.37,0.33,0.0,0.27,0.26,0.31,0.37,0.24,0.29,0.28,0.33,0.25,0.26,0.26,0.26,0.23,0.31,0.27,0.27,0.26,0.27,0.26,0.3,0.21,0.23,0.18,0.23,0.2,0.2,0.0,0.0,0.0,0.0,0.26,0.08,0.0,0.0,0.0,0.0,0.0,0.0,0.0,0.0,0.0,0.0,0.0,0.0,0.0,0.0,0.0,0.0,0.0,0.0,0.0,0.0,0.0,0.0,0.0,0.0,0.0,0.0,0.0,0.0,0.0,0.0,0.0,0.0,0.0,0.0,0.0,0.0,0.0,0.0,0.0,0.0,0.0,0.0,0.0,0.0,0.0,0.0,0.0,0.0,0.0,0.0,0.0,0.0,99.98
09/16/2021,1.51,1.27,1.33,1.22,1.17,1.22,1.33,1.29,1.14,1.16,1.22,1.07,1.33,1.17,1.03,1.02,1.0,0.9,1.19,1.09,0.82,0.82,1.05,0.86,0.86,0.86,0.84,0.81,0.78,0.89,0.71,0.76,0.75,0.7,0.64,0.66,0.64,0.68,0.61,0.67,0.59,0.58,0.53,0.63,0.53,0.48,0.48,0.62,0.49,0.56,0.56,0.5,0.52,0.52,0.59,0.47,0.48,0.46,0.5,0.52,0.45,0.48,0.45,0.4,0.52,0.51,0.5,0.46,0.42,0.52,0.53,0.54,0.46,0.47,0.46,0.51,0.43,0.44,0.48,0.42,0.43,0.4,0.43,0.47,0.41,0.4,0.41,0.41,0.41,0.44,0.39,0.44,0.36,0.44,0.49,0.45,0.37,0.37,0.39,0.42,0.47,0.36,0.45,0.51,0.51,0.42,0.38,0.4,0.35,0.38,0.42,0.42,0.49,0.39,0.38,0.33,0.4,0.32,0.38,0.37,0.37,0.41,0.35,0.43,0.37,0.39,0.43,0.33,0.37,0.34,0.32,0.34,0.34,0.33,0.38,0.31,0.32,0.31,0.0,0.33,0.36,0.37,0.36,0.32,0.34,0.35,0.29,0.32,0.3,0.31,0.27,0.34,0.31,0.31,0.35,0.32,0.36,0.35,0.31,0.33,0.3,0.28,0.3,0.26,0.31,0.3,0.28,0.3,0.32,0.26,0.3,0.37,0.33,0.0,0.27,0.26,0.31,0.37,0.24,0.29,0.28,0.33,0.25,0.26,0.26,0.26,0.23,0.31,0.27,0.27,0.26,0.27,0.26,0.3,0.21,0.23,0.18,0.23,0.2,0.2,0.0,0.0,0.0,0.0,0.26,0.08,0.0,0.0,0.0,0.0,0.0,0.0,0.0,0.0,0.0,0.0,0.0,0.0,0.0,0.0,0.0,0.0,0.0,0.0,0.0,0.0,0.0,0.0,0.0,0.0,0.0,0.0,0.0,0.0,0.0,0.0,0.0,0.0,0.0,0.0,0.0,0.0,0.0,0.0,0.0,0.0,0.0,0.0,0.0,0.0,0.0,0.0,0.0,0.0,0.0,0.0,0.0,0.0,99.98
09/17/2021,1.33,1.46,0.0,1.25,1.11,1.24,1.21,1.17,1.38,1.17,0.0,1.05,1.04,1.16,1.21,1.1,1.02,0.0,0.9,1.05,0.93,0.0,1.03,0.0,1.1,0.96,0.0,0.98,0.88,0.88,0.58,0.0,0.8,0.84,0.85,0.67,0.64,0.52,0.66,0.0,0.62,0.54,0.58,0.64,0.0,0.58,0.65,0.6,0.4,0.43,0.0,0.39,0.43,0.0,0.46,0.38,0.55,0.41,0.42,0.56,0.38,0.39,0.0,0.0,0.36,0.48,0.59,0.0,0.0,0.35,0.38,0.35,0.5,0.57,0.0,0.47,0.37,0.36,0.51,0.42,0.34,0.49,0.5,0.31,0.0,0.0,0.5,0.42,0.44,0.44,0.0,0.45,0.34,0.39,0.32,0.42,0.0,0.4,0.46,0.37,0.0,0.4,0.0,0.35,0.38,0.36,0.0,0.35,0.0,0.45,0.27,0.37,0.32,0.32,0.24,0.0,0.0,0.33,0.41,0.0,0.39,0.0,0.38,0.3,0.0,0.36,0.3,0.32,0.41,0.39,0.29,0.28,0.37,0.32,0.42,0.38,0.37,0.35,0.0,0.4,0.0,0.35,0.34,0.0,0.39,0.0,0.27,0.0,0.33,0.37,0.0,0.42,0.0,0.25,0.36,0.0,0.3,0.45,0.4,0.3,0.34,0.0,0.35,0.37,0.31,0.36,0.0,0.37,0.42,0.36,0.32,0.3,0.33,0.0,0.0,0.35,0.35,0.0,0.3,0.0,0.0,0.37,0.32,0.25,0.32,0.0,0.0,0.26,0.33,0.27,0.3,0.0,0.27,0.29,0.0,0.0,0.0,0.17,0.0,0.28,0.0,0.0,0.0,0.0,0.31,0.0,1.19,1.19,1.11,1.08,1.03,0.95,0.77,0.65,0.57,0.55,0.52,0.5,0.48,0.46,0.43,0.41,0.39,0.39,0.38,0.38,0.37,0.37,0.36,0.36,0.36,0.35,0.35,0.34,0.34,0.34,0.33,0.33,0.33,0.32,0.31,0.3,0.3,0.3,0.29,0.29,0.27,0.27,0.25,0.24,0.24,0.23,0.22,0.22,0.21,0.19,0.0,0.0,99.96999999999998
09/20/2021,1.3,1.45,0.0,1.25,1.1,1.22,1.16,1.19,1.37,1.18,0.0,1.05,1.06,1.15,1.19,1.09,1.0,0.0,0.9,1.03,0.92,0.0,1.04,0.0,1.08,0.94,0.0,0.99,0.87,0.86,0.58,0.0,0.76,0.84,0.87,0.68,0.66,0.51,0.64,0.0,0.61,0.54,0.57,0.63,0.0,0.58,0.65,0.59,0.39,0.43,0.0,0.39,0.43,0.0,0.46,0.37,0.51,0.41,0.42,0.54,0.38,0.41,0.0,0.0,0.36,0.47,0.57,0.0,0.0,0.35,0.38,0.36,0.49,0.56,0.0,0.46,0.38,0.36,0.5,0.42,0.33,0.48,0.5,0.32,0.0,0.0,0.5,0.42,0.43,0.46,0.0,0.45,0.33,0.39,0.32,0.41,0.0,0.4,0.46,0.37,0.0,0.39,0.0,0.34,0.39,0.35,0.0,0.35,0.0,0.46,0.26,0.37,0.31,0.31,0.24,0.0,0.0,0.33,0.41,0.0,0.39,0.0,0.38,0.3,0.0,0.35,0.29,0.31,0.41,0.39,0.29,0.27,0.37,0.31,0.42,0.38,0.37,0.35,0.0,0.4,0.0,0.36,0.33,0.0,0.39,0.0,0.26,0.0,0.33,0.37,0.0,0.42,0.0,0.25,0.35,0.0,0.28,0.45,0.39,0.3,0.34,0.0,0.35,0.38,0.32,0.35,0.0,0.37,0.41,0.36,0.32,0.34,0.31,0.0,0.0,0.35,0.35,0.0,0.29,0.0,0.0,0.37,0.32,0.25,0.32,0.0,0.0,0.26,0.33,0.27,0.31,0.0,0.27,0.29,0.0,0.0,0.0,0.0,0.0,0.29,0.0,0.0,0.46,0.0,0.31,0.0,1.19,1.21,1.12,1.07,1.01,0.97,0.77,0.65,0.59,0.57,0.51,0.52,0.47,0.45,0.41,0.41,0.4,0.4,0.39,0.37,0.38,0.36,0.36,0.36,0.36,0.35,0.34,0.34,0.33,0.33,0.34,0.33,0.33,0.32,0.32,0.3,0.3,0.3,0.29,0.29,0.27,0.27,0.25,0.24,0.24,0.23,0.22,0.22,0.21,0.19,0.0,0.0,99.78
09/21/2021,1.3,1.46,0.0,1.24,1.09,1.22,1.17,1.18,1.39,1.18,0.0,1.04,1.05,1.15,1.19,1.1,0.99,0.0,0.89,1.02,0.95,0.0,1.03,0.0,1.06,0.94,0.0,0.99,0.87,0.86,0.57,0.0,0.76,0.87,0.86,0.69,0.66,0.52,0.65,0.0,0.63,0.53,0.57,0.63,0.0,0.59,0.67,0.6,0.39,0.43,0.0,0.39,0.44,0.0,0.46,0.37,0.51,0.41,0.43,0.53,0.38,0.4,0.0,0.0,0.37,0.48,0.57,0.0,0.0,0.37,0.38,0.35,0.5,0.57,0.0,0.46,0.37,0.37,0.5,0.42,0.33,0.48,0.5,0.32,0.0,0.0,0.49,0.42,0.42,0.51,0.0,0.44,0.33,0.37,0.33,0.41,0.0,0.4,0.45,0.36,0.0,0.39,0.0,0.35,0.39,0.35,0.0,0.35,0.0,0.45,0.26,0.37,0.31,0.31,0.24,0.0,0.0,0.33,0.4,0.0,0.39,0.0,0.39,0.3,0.0,0.35,0.3,0.3,0.41,0.4,0.3,0.27,0.37,0.31,0.42,0.39,0.38,0.35,0.0,0.4,0.0,0.37,0.33,0.0,0.39,0.0,0.27,0.0,0.32,0.37,0.0,0.42,0.0,0.25,0.35,0.0,0.28,0.45,0.4,0.29,0.33,0.0,0.34,0.38,0.31,0.36,0.0,0.38,0.42,0.38,0.32,0.34,0.32,0.0,0.0,0.35,0.35,0.0,0.29,0.0,0.0,0.36,0.32,0.25,0.32,0.0,0.0,0.26,0.32,0.25,0.32,0.0,0.26,0.29,0.0,0.0,0.0,0.0,0.0,0.3,0.0,0.0,0.45,0.0,0.32,0.0,1.19,1.16,1.1,1.05,1.03,0.97,0.78,0.66,0.57,0.57,0.52,0.51,0.48,0.45,0.42,0.41,0.4,0.4,0.41,0.37,0.37,0.37,0.37,0.35,0.36,0.34,0.34,0.34,0.33,0.34,0.34,0.34,0.33,0.31,0.33,0.29,0.29,0.3,0.29,0.29,0.27,0.27,0.25,0.25,0.22,0.23,0.23,0.22,0.22,0.19,0.0,0.0,99.9
09/22/2021,1.3,1.46,0.0,1.24,1.09,1.22,1.17,1.18,1.39,1.18,0.0,1.04,1.05,1.15,1.19,1.1,0.99,0.0,0.89,1.02,0.95,0.0,1.03,0.0,1.06,0.94,0.0,0.99,0.87,0.86,0.57,0.0,0.76,0.87,0.86,0.69,0.66,0.52,0.65,0.0,0.63,0.53,0.57,0.63,0.0,0.59,0.67,0.6,0.39,0.43,0.0,0.39,0.44,0.0,0.46,0.37,0.51,0.41,0.43,0.53,0.38,0.4,0.0,0.0,0.37,0.48,0.57,0.0,0.0,0.37,0.38,0.35,0.5,0.57,0.0,0.46,0.37,0.37,0.5,0.42,0.33,0.48,0.5,0.32,0.0,0.0,0.49,0.42,0.42,0.51,0.0,0.44,0.33,0.37,0.33,0.41,0.0,0.4,0.45,0.36,0.0,0.39,0.0,0.35,0.39,0.35,0.0,0.35,0.0,0.45,0.26,0.37,0.31,0.31,0.24,0.0,0.0,0.33,0.4,0.0,0.39,0.0,0.39,0.3,0.0,0.35,0.3,0.3,0.41,0.4,0.3,0.27,0.37,0.31,0.42,0.39,0.38,0.35,0.0,0.4,0.0,0.37,0.33,0.0,0.39,0.0,0.27,0.0,0.32,0.37,0.0,0.42,0.0,0.25,0.35,0.0,0.28,0.45,0.4,0.29,0.33,0.0,0.34,0.38,0.31,0.36,0.0,0.38,0.42,0.38,0.32,0.34,0.32,0.0,0.0,0.35,0.35,0.0,0.29,0.0,0.0,0.36,0.32,0.25,0.32,0.0,0.0,0.26,0.32,0.25,0.32,0.0,0.26,0.29,0.0,0.0,0.0,0.0,0.0,0.3,0.0,0.0,0.45,0.0,0.32,0.0,1.19,1.16,1.1,1.05,1.03,0.97,0.78,0.66,0.57,0.57,0.52,0.51,0.48,0.45,0.42,0.41,0.4,0.4,0.41,0.37,0.37,0.37,0.37,0.35,0.36,0.34,0.34,0.34,0.33,0.34,0.34,0.34,0.33,0.31,0.33,0.29,0.29,0.3,0.29,0.29,0.27,0.27,0.25,0.25,0.22,0.23,0.23,0.22,0.22,0.19,0.0,0.0,99.9
09/23/2021,1.3,1.46,0.0,1.24,1.09,1.22,1.17,1.18,1.39,1.18,0.0,1.04,1.05,1.15,1.19,1.1,0.99,0.0,0.89,1.02,0.95,0.0,1.03,0.0,1.06,0.94,0.0,0.99,0.87,0.86,0.57,0.0,0.76,0.87,0.86,0.69,0.66,0.52,0.65,0.0,0.63,0.53,0.57,0.63,0.0,0.59,0.67,0.6,0.39,0.43,0.0,0.39,0.44,0.0,0.46,0.37,0.51,0.41,0.43,0.53,0.38,0.4,0.0,0.0,0.37,0.48,0.57,0.0,0.0,0.37,0.38,0.35,0.5,0.57,0.0,0.46,0.37,0.37,0.5,0.42,0.33,0.48,0.5,0.32,0.0,0.0,0.49,0.42,0.42,0.51,0.0,0.44,0.33,0.37,0.33,0.41,0.0,0.4,0.45,0.36,0.0,0.39,0.0,0.35,0.39,0.35,0.0,0.35,0.0,0.45,0.26,0.37,0.31,0.31,0.24,0.0,0.0,0.33,0.4,0.0,0.39,0.0,0.39,0.3,0.0,0.35,0.3,0.3,0.41,0.4,0.3,0.27,0.37,0.31,0.42,0.39,0.38,0.35,0.0,0.4,0.0,0.37,0.33,0.0,0.39,0.0,0.27,0.0,0.32,0.37,0.0,0.42,0.0,0.25,0.35,0.0,0.28,0.45,0.4,0.29,0.33,0.0,0.34,0.38,0.31,0.36,0.0,0.38,0.42,0.38,0.32,0.34,0.32,0.0,0.0,0.35,0.35,0.0,0.29,0.0,0.0,0.36,0.32,0.25,0.32,0.0,0.0,0.26,0.32,0.25,0.32,0.0,0.26,0.29,0.0,0.0,0.0,0.0,0.0,0.3,0.0,0.0,0.45,0.0,0.32,0.0,1.19,1.16,1.1,1.05,1.03,0.97,0.78,0.66,0.57,0.57,0.52,0.51,0.48,0.45,0.42,0.41,0.4,0.4,0.41,0.37,0.37,0.37,0.37,0.35,0.36,0.34,0.34,0.34,0.33,0.34,0.34,0.34,0.33,0.31,0.33,0.29,0.29,0.3,0.29,0.29,0.27,0.27,0.25,0.25,0.22,0.23,0.23,0.22,0.22,0.19,0.0,0.0,99.9
09/24/2021,1.3,1.46,0.0,1.24,1.09,1.22,1.17,1.18,1.39,1.18,0.0,1.04,1.05,1.15,1.19,1.1,0.99,0.0,0.89,1.02,0.95,0.0,1.03,0.0,1.06,0.94,0.0,0.99,0.87,0.86,0.57,0.0,0.76,0.87,0.86,0.69,0.66,0.52,0.65,0.0,0.63,0.53,0.57,0.63,0.0,0.59,0.67,0.6,0.39,0.43,0.0,0.39,0.44,0.0,0.46,0.37,0.51,0.41,0.43,0.53,0.38,0.4,0.0,0.0,0.37,0.48,0.57,0.0,0.0,0.37,0.38,0.35,0.5,0.57,0.0,0.46,0.37,0.37,0.5,0.42,0.33,0.48,0.5,0.32,0.0,0.0,0.49,0.42,0.42,0.51,0.0,0.44,0.33,0.37,0.33,0.41,0.0,0.4,0.45,0.36,0.0,0.39,0.0,0.35,0.39,0.35,0.0,0.35,0.0,0.45,0.26,0.37,0.31,0.31,0.24,0.0,0.0,0.33,0.4,0.0,0.39,0.0,0.39,0.3,0.0,0.35,0.3,0.3,0.41,0.4,0.3,0.27,0.37,0.31,0.42,0.39,0.38,0.35,0.0,0.4,0.0,0.37,0.33,0.0,0.39,0.0,0.27,0.0,0.32,0.37,0.0,0.42,0.0,0.25,0.35,0.0,0.28,0.45,0.4,0.29,0.33,0.0,0.34,0.38,0.31,0.36,0.0,0.38,0.42,0.38,0.32,0.34,0.32,0.0,0.0,0.35,0.35,0.0,0.29,0.0,0.0,0.36,0.32,0.25,0.32,0.0,0.0,0.26,0.32,0.25,0.32,0.0,0.26,0.29,0.0,0.0,0.0,0.0,0.0,0.3,0.0,0.0,0.45,0.0,0.32,0.0,1.19,1.16,1.1,1.05,1.03,0.97,0.78,0.66,0.57,0.57,0.52,0.51,0.48,0.45,0.42,0.41,0.4,0.4,0.41,0.37,0.37,0.37,0.37,0.35,0.36,0.34,0.34,0.34,0.33,0.34,0.34,0.34,0.33,0.31,0.33,0.29,0.29,0.3,0.29,0.29,0.27,0.27,0.25,0.25,0.22,0.23,0.23,0.22,0.22,0.19,0.0,0.0,99.9
09/27/2021,1.33,1.45,0.0,1.22,1.07,1.21,1.13,1.18,1.36,1.19,0.0,1.02,1.09,1.17,1.19,1.09,0.99,0.0,0.91,1.02,1.02,0.0,1.07,0.0,1.02,0.95,0.0,1.0,0.84,0.88,0.59,0.0,0.75,0.88,0.84,0.72,0.7,0.5,0.64,0.0,0.61,0.51,0.57,0.62,0.0,0.57,0.66,0.6,0.39,0.42,0.0,0.39,0.42,0.0,0.45,0.37,0.51,0.4,0.42,0.53,0.38,0.4,0.0,0.0,0.36,0.48,0.56,0.0,0.0,0.38,0.38,0.35,0.51,0.56,0.0,0.47,0.39,0.36,0.49,0.42,0.33,0.49,0.5,0.32,0.0,0.0,0.49,0.42,0.42,0.51,0.0,0.43,0.35,0.37,0.32,0.4,0.0,0.4,0.46,0.36,0.0,0.39,0.0,0.34,0.39,0.35,0.0,0.35,0.0,0.45,0.26,0.37,0.3,0.31,0.24,0.0,0.0,0.35,0.4,0.0,0.38,0.0,0.39,0.3,0.0,0.35,0.3,0.31,0.41,0.39,0.3,0.27,0.37,0.3,0.42,0.38,0.36,0.35,0.0,0.4,0.0,0.37,0.32,0.0,0.38,0.0,0.26,0.0,0.32,0.38,0.0,0.44,0.0,0.24,0.35,0.0,0.28,0.45,0.4,0.29,0.33,0.0,0.33,0.38,0.3,0.36,0.0,0.36,0.42,0.38,0.32,0.36,0.31,0.0,0.0,0.36,0.35,0.0,0.26,0.0,0.0,0.34,0.33,0.25,0.34,0.0,0.0,0.26,0.32,0.25,0.33,0.0,0.25,0.3,0.0,0.0,0.0,0.0,0.0,0.31,0.0,0.0,0.45,0.0,0.32,0.0,1.2,1.24,1.1,1.03,1.04,0.93,0.8,0.66,0.54,0.59,0.49,0.52,0.47,0.46,0.4,0.41,0.4,0.39,0.44,0.35,0.37,0.36,0.38,0.35,0.36,0.34,0.34,0.34,0.33,0.34,0.33,0.34,0.33,0.29,0.35,0.3,0.3,0.29,0.29,0.28,0.27,0.27,0.24,0.26,0.2,0.24,0.24,0.22,0.21,0.2,0.0,0.0,99.77
09/28/2021,1.34,1.45,0.0,1.22,1.07,1.22,1.12,1.17,1.36,1.19,0.0,1.04,1.09,1.17,1.2,1.09,0.99,0.0,0.91,1.03,1.03,0.0,1.08,0.0,1.02,0.94,0.0,1.0,0.84,0.88,0.59,0.0,0.75,0.9,0.84,0.71,0.7,0.5,0.64,0.0,0.61,0.51,0.57,0.62,0.0,0.57,0.67,0.59,0.4,0.42,0.0,0.39,0.42,0.0,0.45,0.37,0.5,0.4,0.42,0.53,0.38,0.41,0.0,0.0,0.36,0.48,0.57,0.0,0.0,0.38,0.38,0.35,0.51,0.56,0.0,0.46,0.39,0.36,0.5,0.42,0.33,0.49,0.5,0.31,0.0,0.0,0.5,0.4,0.42,0.52,0.0,0.43,0.35,0.37,0.32,0.39,0.0,0.41,0.45,0.36,0.0,0.39,0.0,0.34,0.38,0.35,0.0,0.36,0.0,0.46,0.25,0.37,0.31,0.32,0.24,0.0,0.0,0.35,0.4,0.0,0.38,0.0,0.39,0.3,0.0,0.34,0.3,0.31,0.4,0.4,0.3,0.27,0.37,0.3,0.42,0.38,0.36,0.35,0.0,0.4,0.0,0.38,0.32,0.0,0.39,0.0,0.26,0.0,0.32,0.38,0.0,0.44,0.0,0.24,0.35,0.0,0.27,0.45,0.41,0.29,0.33,0.0,0.34,0.38,0.3,0.35,0.0,0.36,0.41,0.38,0.31,0.34,0.31,0.0,0.0,0.36,0.35,0.0,0.26,0.0,0.0,0.34,0.33,0.24,0.34,0.0,0.0,0.26,0.32,0.25,0.33,0.0,0.25,0.3,0.0,0.0,0.0,0.0,0.0,0.31,0.0,0.0,0.45,0.0,0.32,0.0,1.2,1.23,1.11,1.02,1.03,0.92,0.8,0.67,0.53,0.6,0.48,0.52,0.48,0.46,0.4,0.41,0.4,0.39,0.45,0.35,0.37,0.36,0.39,0.35,0.36,0.34,0.33,0.34,0.33,0.35,0.33,0.34,0.32,0.3,0.35,0.3,0.3,0.3,0.29,0.28,0.28,0.27,0.24,0.26,0.2,0.23,0.25,0.21,0.21,0.19,0.0,0.0,99.81
09/29/2021,1.34,1.45,0.0,1.22,1.07,1.22,1.12,1.17,1.36,1.19,0.0,1.04,1.09,1.17,1.2,1.09,0.99,0.0,0.91,1.03,1.03,0.0,1.08,0.0,1.02,0.94,0.0,1.0,0.84,0.88,0.59,0.0,0.75,0.9,0.84,0.71,0.7,0.5,0.64,0.0,0.61,0.51,0.57,0.62,0.0,0.57,0.67,0.59,0.4,0.42,0.0,0.39,0.42,0.0,0.45,0.37,0.5,0.4,0.42,0.53,0.38,0.41,0.0,0.0,0.36,0.48,0.57,0.0,0.0,0.38,0.38,0.35,0.51,0.56,0.0,0.46,0.39,0.36,0.5,0.42,0.33,0.49,0.5,0.31,0.0,0.0,0.5,0.4,0.42,0.52,0.0,0.43,0.35,0.37,0.32,0.39,0.0,0.41,0.45,0.36,0.0,0.39,0.0,0.34,0.38,0.35,0.0,0.36,0.0,0.46,0.25,0.37,0.31,0.32,0.24,0.0,0.0,0.35,0.4,0.0,0.38,0.0,0.39,0.3,0.0,0.34,0.3,0.31,0.4,0.4,0.3,0.27,0.37,0.3,0.42,0.38,0.36,0.35,0.0,0.4,0.0,0.38,0.32,0.0,0.39,0.0,0.26,0.0,0.32,0.38,0.0,0.44,0.0,0.24,0.35,0.0,0.27,0.45,0.41,0.29,0.33,0.0,0.34,0.38,0.3,0.35,0.0,0.36,0.41,0.38,0.31,0.34,0.31,0.0,0.0,0.36,0.35,0.0,0.26,0.0,0.0,0.34,0.33,0.24,0.34,0.0,0.0,0.26,0.32,0.25,0.33,0.0,0.25,0.3,0.0,0.0,0.0,0.0,0.0,0.31,0.0,0.0,0.45,0.0,0.32,0.0,1.2,1.23,1.11,1.02,1.03,0.92,0.8,0.67,0.53,0.6,0.48,0.52,0.48,0.46,0.4,0.41,0.4,0.39,0.45,0.35,0.37,0.36,0.39,0.35,0.36,0.34,0.33,0.34,0.33,0.35,0.33,0.34,0.32,0.3,0.35,0.3,0.3,0.3,0.29,0.28,0.28,0.27,0.24,0.26,0.2,0.23,0.25,0.21,0.21,0.19,0.0,0.0,99.81
09/30/2021,1.34,1.45,0.0,1.22,1.07,1.22,1.12,1.17,1.36,1.19,0.0,1.04,1.09,1.17,1.2,1.09,0.99,0.0,0.91,1.03,1.03,0.0,1.08,0.0,1.02,0.94,0.0,1.0,0.84,0.88,0.59,0.0,0.75,0.9,0.84,0.71,0.7,0.5,0.64,0.0,0.61,0.51,0.57,0.62,0.0,0.57,0.67,0.59,0.4,0.42,0.0,0.39,0.42,0.0,0.45,0.37,0.5,0.4,0.42,0.53,0.38,0.41,0.0,0.0,0.36,0.48,0.57,0.0,0.0,0.38,0.38,0.35,0.51,0.56,0.0,0.46,0.39,0.36,0.5,0.42,0.33,0.49,0.5,0.31,0.0,0.0,0.5,0.4,0.42,0.52,0.0,0.43,0.35,0.37,0.32,0.39,0.0,0.41,0.45,0.36,0.0,0.39,0.0,0.34,0.38,0.35,0.0,0.36,0.0,0.46,0.25,0.37,0.31,0.32,0.24,0.0,0.0,0.35,0.4,0.0,0.38,0.0,0.39,0.3,0.0,0.34,0.3,0.31,0.4,0.4,0.3,0.27,0.37,0.3,0.42,0.38,0.36,0.35,0.0,0.4,0.0,0.38,0.32,0.0,0.39,0.0,0.26,0.0,0.32,0.38,0.0,0.44,0.0,0.24,0.35,0.0,0.27,0.45,0.41,0.29,0.33,0.0,0.34,0.38,0.3,0.35,0.0,0.36,0.41,0.38,0.31,0.34,0.31,0.0,0.0,0.36,0.35,0.0,0.26,0.0,0.0,0.34,0.33,0.24,0.34,0.0,0.0,0.26,0.32,0.25,0.33,0.0,0.25,0.3,0.0,0.0,0.0,0.0,0.0,0.31,0.0,0.0,0.45,0.0,0.32,0.0,1.2,1.23,1.11,1.02,1.03,0.92,0.8,0.67,0.53,0.6,0.48,0.52,0.48,0.46,0.4,0.41,0.4,0.39,0.45,0.35,0.37,0.36,0.39,0.35,0.36,0.34,0.33,0.34,0.33,0.35,0.33,0.34,0.32,0.3,0.35,0.3,0.3,0.3,0.29,0.28,0.28,0.27,0.24,0.26,0.2,0.23,0.25,0.21,0.21,0.19,0.0,0.0,99.81
10/01/2021,1.37,1.47,0.0,1.18,1.06,1.22,1.13,1.13,1.39,1.17,0.0,1.02,1.04,1.18,1.22,1.12,1.0,0.0,0.84,1.01,1.03,0.0,1.06,0.0,1.07,0.98,0.0,1.01,0.87,0.84,0.61,0.0,0.8,0.93,0.85,0.71,0.71,0.5,0.64,0.0,0.6,0.49,0.58,0.62,0.0,0.57,0.68,0.59,0.4,0.41,0.0,0.39,0.42,0.0,0.44,0.37,0.51,0.4,0.42,0.54,0.38,0.45,0.0,0.0,0.35,0.5,0.57,0.0,0.0,0.36,0.38,0.33,0.53,0.56,0.0,0.47,0.41,0.37,0.51,0.43,0.34,0.49,0.51,0.3,0.0,0.0,0.5,0.4,0.43,0.52,0.0,0.43,0.38,0.37,0.3,0.39,0.0,0.42,0.46,0.35,0.0,0.39,0.0,0.35,0.38,0.36,0.0,0.36,0.0,0.46,0.24,0.38,0.31,0.32,0.23,0.0,0.0,0.36,0.41,0.0,0.39,0.0,0.39,0.29,0.0,0.35,0.3,0.3,0.4,0.4,0.31,0.27,0.37,0.3,0.43,0.39,0.37,0.35,0.0,0.4,0.0,0.39,0.32,0.0,0.38,0.0,0.27,0.0,0.32,0.38,0.0,0.45,0.0,0.24,0.35,0.0,0.28,0.44,0.41,0.3,0.34,0.0,0.34,0.39,0.31,0.36,0.0,0.37,0.42,0.4,0.32,0.34,0.31,0.0,0.0,0.38,0.36,0.0,0.26,0.0,0.0,0.36,0.36,0.25,0.34,0.0,0.0,0.26,0.32,0.26,0.34,0.0,0.25,0.31,0.0,0.0,0.0,0.16,0.0,0.32,0.0,0.0,0.0,0.0,0.33,0.0,1.19,1.25,1.08,1.01,1.04,0.87,0.75,0.67,0.52,0.61,0.5,0.53,0.48,0.47,0.39,0.4,0.39,0.4,0.45,0.36,0.36,0.36,0.39,0.36,0.35,0.34,0.34,0.32,0.34,0.37,0.33,0.32,0.33,0.31,0.38,0.3,0.28,0.3,0.3,0.28,0.26,0.28,0.24,0.26,0.21,0.24,0.27,0.21,0.21,0.18,0.0,0.0,100.01
10/04/2021,1.38,1.47,0.0,1.17,1.04,1.22,1.13,1.12,1.39,1.17,0.0,1.01,1.05,1.16,1.23,1.12,0.99,0.0,0.84,1.0,1.02,0.0,1.05,0.0,1.07,0.94,0.0,1.0,0.88,0.83,0.61,0.0,0.8,0.94,0.85,0.73,0.73,0.5,0.65,0.0,0.6,0.5,0.58,0.62,0.0,0.56,0.69,0.59,0.41,0.42,0.0,0.39,0.42,0.0,0.44,0.37,0.51,0.4,0.43,0.53,0.39,0.46,0.0,0.0,0.35,0.5,0.57,0.0,0.0,0.36,0.38,0.32,0.53,0.56,0.0,0.46,0.41,0.38,0.51,0.44,0.34,0.49,0.51,0.3,0.0,0.0,0.49,0.4,0.43,0.55,0.0,0.43,0.38,0.37,0.31,0.39,0.0,0.41,0.46,0.36,0.0,0.39,0.0,0.35,0.38,0.36,0.0,0.35,0.0,0.45,0.24,0.38,0.31,0.32,0.24,0.0,0.0,0.35,0.41,0.0,0.39,0.0,0.4,0.29,0.0,0.35,0.3,0.3,0.39,0.41,0.31,0.27,0.38,0.31,0.44,0.4,0.38,0.35,0.0,0.4,0.0,0.38,0.33,0.0,0.39,0.0,0.27,0.0,0.32,0.37,0.0,0.45,0.0,0.24,0.36,0.0,0.29,0.44,0.4,0.29,0.34,0.0,0.34,0.39,0.31,0.35,0.0,0.37,0.41,0.4,0.32,0.33,0.31,0.0,0.0,0.38,0.37,0.0,0.25,0.0,0.0,0.34,0.36,0.25,0.34,0.0,0.0,0.26,0.32,0.25,0.34,0.0,0.25,0.31,0.0,0.0,0.0,0.16,0.0,0.32,0.0,0.0,0.0,0.0,0.33,0.0,1.2,1.25,1.06,1.04,1.05,0.87,0.75,0.67,0.51,0.61,0.49,0.53,0.49,0.47,0.38,0.41,0.38,0.4,0.47,0.36,0.37,0.37,0.38,0.36,0.35,0.34,0.34,0.33,0.34,0.37,0.33,0.32,0.33,0.3,0.38,0.29,0.28,0.3,0.3,0.28,0.26,0.27,0.24,0.25,0.21,0.24,0.26,0.22,0.21,0.17,0.0,0.0,100.0
10/05/2021,1.37,1.48,0.0,1.19,1.05,1.24,1.16,1.16,1.39,1.17,0.0,1.01,1.05,1.16,1.28,1.15,1.0,0.0,0.85,1.01,1.02,0.0,1.07,0.0,1.06,0.97,0.0,1.03,0.94,0.84,0.62,0.0,0.83,0.97,0.86,0.7,0.71,0.49,0.64,0.0,0.59,0.49,0.58,0.62,0.0,0.57,0.69,0.6,0.45,0.41,0.0,0.39,0.41,0.0,0.43,0.37,0.52,0.39,0.41,0.53,0.39,0.0,0.0,0.0,0.34,0.5,0.57,0.0,0.0,0.36,0.38,0.32,0.53,0.56,0.0,0.46,0.42,0.37,0.51,0.44,0.33,0.51,0.51,0.29,0.0,0.0,0.49,0.39,0.42,0.51,0.0,0.43,0.38,0.37,0.31,0.39,0.0,0.41,0.46,0.36,0.0,0.39,0.0,0.35,0.36,0.36,0.0,0.35,0.0,0.47,0.24,0.36,0.31,0.31,0.24,0.0,0.0,0.36,0.4,0.0,0.38,0.0,0.4,0.29,0.0,0.34,0.29,0.3,0.4,0.4,0.3,0.26,0.37,0.31,0.44,0.39,0.38,0.33,0.0,0.39,0.0,0.35,0.32,0.0,0.39,0.0,0.27,0.0,0.31,0.4,0.0,0.47,0.0,0.24,0.34,0.0,0.27,0.44,0.43,0.29,0.34,0.0,0.33,0.4,0.32,0.35,0.0,0.37,0.43,0.4,0.31,0.32,0.31,0.0,0.0,0.38,0.37,0.0,0.26,0.0,0.0,0.34,0.36,0.25,0.34,0.0,0.0,0.27,0.32,0.26,0.36,0.0,0.25,0.32,0.0,0.0,0.0,0.16,0.0,0.34,0.0,0.0,0.0,0.0,0.31,0.0,1.22,1.27,1.09,1.08,1.05,0.87,0.78,0.67,0.52,0.6,0.52,0.52,0.5,0.47,0.4,0.4,0.38,0.4,0.46,0.35,0.36,0.37,0.38,0.35,0.34,0.35,0.34,0.32,0.33,0.39,0.33,0.32,0.32,0.29,0.41,0.29,0.28,0.3,0.31,0.28,0.25,0.29,0.24,0.24,0.22,0.23,0.26,0.22,0.2,0.16,0.0,0.0,99.91
10/06/2021,1.37,1.48,0.0,1.19,1.05,1.24,1.16,1.16,1.39,1.17,0.0,1.01,1.05,1.16,1.28,1.15,1.0,0.0,0.85,1.01,1.02,0.0,1.07,0.0,1.06,0.97,0.0,1.03,0.94,0.84,0.62,0.0,0.83,0.97,0.86,0.7,0.71,0.49,0.64,0.0,0.59,0.49,0.58,0.62,0.0,0.57,0.69,0.6,0.45,0.41,0.0,0.39,0.41,0.0,0.43,0.37,0.52,0.39,0.41,0.53,0.39,0.0,0.0,0.0,0.34,0.5,0.57,0.0,0.0,0.36,0.38,0.32,0.53,0.56,0.0,0.46,0.42,0.37,0.51,0.44,0.33,0.51,0.51,0.29,0.0,0.0,0.49,0.39,0.42,0.51,0.0,0.43,0.38,0.37,0.31,0.39,0.0,0.41,0.46,0.36,0.0,0.39,0.0,0.35,0.36,0.36,0.0,0.35,0.0,0.47,0.24,0.36,0.31,0.31,0.24,0.0,0.0,0.36,0.4,0.0,0.38,0.0,0.4,0.29,0.0,0.34,0.29,0.3,0.4,0.4,0.3,0.26,0.37,0.31,0.44,0.39,0.38,0.33,0.0,0.39,0.0,0.35,0.32,0.0,0.39,0.0,0.27,0.0,0.31,0.4,0.0,0.47,0.0,0.24,0.34,0.0,0.27,0.44,0.43,0.29,0.34,0.0,0.33,0.4,0.32,0.35,0.0,0.37,0.43,0.4,0.31,0.32,0.31,0.0,0.0,0.38,0.37,0.0,0.26,0.0,0.0,0.34,0.36,0.25,0.34,0.0,0.0,0.27,0.32,0.26,0.36,0.0,0.25,0.32,0.0,0.0,0.0,0.16,0.0,0.34,0.0,0.0,0.0,0.0,0.31,0.0,1.22,1.27,1.09,1.08,1.05,0.87,0.78,0.67,0.52,0.6,0.52,0.52,0.5,0.47,0.4,0.4,0.38,0.4,0.46,0.35,0.36,0.37,0.38,0.35,0.34,0.35,0.34,0.32,0.33,0.39,0.33,0.32,0.32,0.29,0.41,0.29,0.28,0.3,0.31,0.28,0.25,0.29,0.24,0.24,0.22,0.23,0.26,0.22,0.2,0.16,0.0,0.0,99.91
10/07/2021,1.37,1.48,0.0,1.19,1.05,1.24,1.16,1.16,1.39,1.17,0.0,1.01,1.05,1.16,1.28,1.15,1.0,0.0,0.85,1.01,1.02,0.0,1.07,0.0,1.06,0.97,0.0,1.03,0.94,0.84,0.62,0.0,0.83,0.97,0.86,0.7,0.71,0.49,0.64,0.0,0.59,0.49,0.58,0.62,0.0,0.57,0.69,0.6,0.45,0.41,0.0,0.39,0.41,0.0,0.43,0.37,0.52,0.39,0.41,0.53,0.39,0.0,0.0,0.0,0.34,0.5,0.57,0.0,0.0,0.36,0.38,0.32,0.53,0.56,0.0,0.46,0.42,0.37,0.51,0.44,0.33,0.51,0.51,0.29,0.0,0.0,0.49,0.39,0.42,0.51,0.0,0.43,0.38,0.37,0.31,0.39,0.0,0.41,0.46,0.36,0.0,0.39,0.0,0.35,0.36,0.36,0.0,0.35,0.0,0.47,0.24,0.36,0.31,0.31,0.24,0.0,0.0,0.36,0.4,0.0,0.38,0.0,0.4,0.29,0.0,0.34,0.29,0.3,0.4,0.4,0.3,0.26,0.37,0.31,0.44,0.39,0.38,0.33,0.0,0.39,0.0,0.35,0.32,0.0,0.39,0.0,0.27,0.0,0.31,0.4,0.0,0.47,0.0,0.24,0.34,0.0,0.27,0.44,0.43,0.29,0.34,0.0,0.33,0.4,0.32,0.35,0.0,0.37,0.43,0.4,0.31,0.32,0.31,0.0,0.0,0.38,0.37,0.0,0.26,0.0,0.0,0.34,0.36,0.25,0.34,0.0,0.0,0.27,0.32,0.26,0.36,0.0,0.25,0.32,0.0,0.0,0.0,0.16,0.0,0.34,0.0,0.0,0.0,0.0,0.31,0.0,1.22,1.27,1.09,1.08,1.05,0.87,0.78,0.67,0.52,0.6,0.52,0.52,0.5,0.47,0.4,0.4,0.38,0.4,0.46,0.35,0.36,0.37,0.38,0.35,0.34,0.35,0.34,0.32,0.33,0.39,0.33,0.32,0.32,0.29,0.41,0.29,0.28,0.3,0.31,0.28,0.25,0.29,0.24,0.24,0.22,0.23,0.26,0.22,0.2,0.16,0.0,0.0,99.91
10/08/2021,1.37,1.49,0.0,1.18,1.03,1.23,1.17,1.14,1.4,1.17,0.0,0.99,1.05,1.15,1.29,1.16,0.98,0.0,0.84,1.0,1.02,0.0,1.07,0.0,1.07,0.97,0.0,1.04,0.94,0.8,0.62,0.0,0.85,1.0,0.86,0.7,0.7,0.49,0.64,0.0,0.59,0.49,0.57,0.62,0.0,0.58,0.71,0.6,0.46,0.4,0.0,0.39,0.41,0.0,0.43,0.37,0.53,0.4,0.41,0.52,0.39,0.0,0.0,0.0,0.34,0.51,0.57,0.0,0.0,0.36,0.37,0.31,0.54,0.56,0.0,0.45,0.44,0.37,0.52,0.45,0.32,0.52,0.52,0.28,0.0,0.0,0.5,0.38,0.42,0.51,0.0,0.43,0.4,0.37,0.3,0.39,0.0,0.41,0.46,0.37,0.0,0.39,0.0,0.35,0.36,0.36,0.0,0.35,0.0,0.47,0.24,0.36,0.32,0.31,0.24,0.0,0.0,0.37,0.4,0.0,0.38,0.0,0.41,0.28,0.0,0.35,0.29,0.3,0.4,0.41,0.3,0.26,0.38,0.32,0.43,0.4,0.39,0.33,0.0,0.39,0.0,0.35,0.33,0.0,0.39,0.0,0.26,0.0,0.31,0.4,0.0,0.47,0.0,0.24,0.34,0.0,0.28,0.44,0.43,0.29,0.34,0.0,0.34,0.4,0.32,0.35,0.0,0.38,0.45,0.41,0.32,0.31,0.32,0.0,0.0,0.39,0.37,0.0,0.25,0.0,0.0,0.34,0.37,0.25,0.34,0.0,0.0,0.27,0.32,0.26,0.36,0.0,0.26,0.32,0.0,0.0,0.0,0.16,0.0,0.34,0.0,0.0,0.0,0.0,0.31,0.0,1.22,1.24,1.07,1.07,1.04,0.85,0.76,0.67,0.5,0.6,0.52,0.53,0.5,0.47,0.39,0.4,0.39,0.4,0.46,0.36,0.36,0.37,0.38,0.35,0.34,0.36,0.34,0.32,0.33,0.39,0.33,0.32,0.32,0.29,0.43,0.29,0.27,0.3,0.3,0.28,0.26,0.29,0.24,0.25,0.22,0.23,0.27,0.22,0.2,0.15,0.0,0.0,100.01
10/11/2021,1.39,1.45,0.0,1.19,1.05,1.24,1.15,1.17,1.37,1.16,0.0,0.98,1.04,1.15,1.25,1.16,0.99,0.0,0.87,0.95,1.03,0.0,1.05,0.0,1.06,0.96,0.0,1.04,1.0,0.82,0.62,0.0,0.83,0.99,0.94,0.7,0.7,0.5,0.63,0.0,0.59,0.49,0.57,0.62,0.0,0.57,0.68,0.61,0.45,0.4,0.0,0.38,0.4,0.0,0.43,0.36,0.54,0.39,0.41,0.53,0.39,0.0,0.0,0.0,0.34,0.51,0.58,0.0,0.0,0.36,0.37,0.31,0.54,0.58,0.0,0.45,0.43,0.36,0.53,0.46,0.32,0.52,0.51,0.27,0.0,0.0,0.5,0.4,0.41,0.49,0.0,0.43,0.42,0.37,0.3,0.39,0.0,0.41,0.45,0.36,0.0,0.38,0.0,0.35,0.35,0.37,0.0,0.35,0.0,0.47,0.25,0.36,0.33,0.32,0.24,0.0,0.0,0.37,0.41,0.0,0.38,0.0,0.4,0.28,0.0,0.35,0.28,0.3,0.4,0.4,0.3,0.25,0.38,0.32,0.44,0.39,0.39,0.34,0.0,0.39,0.0,0.34,0.33,0.0,0.4,0.0,0.27,0.0,0.31,0.4,0.0,0.47,0.0,0.24,0.34,0.0,0.27,0.47,0.42,0.29,0.36,0.0,0.34,0.42,0.32,0.34,0.0,0.38,0.44,0.41,0.32,0.31,0.31,0.0,0.0,0.38,0.36,0.0,0.26,0.0,0.0,0.34,0.36,0.25,0.34,0.0,0.0,0.27,0.32,0.26,0.35,0.0,0.26,0.31,0.0,0.0,0.0,0.15,0.0,0.35,0.0,0.0,0.0,0.0,0.31,0.0,1.24,1.28,1.09,1.06,1.03,0.86,0.8,0.68,0.49,0.61,0.53,0.53,0.5,0.47,0.38,0.41,0.38,0.39,0.45,0.35,0.35,0.34,0.39,0.38,0.34,0.36,0.35,0.32,0.31,0.39,0.33,0.32,0.32,0.29,0.43,0.3,0.27,0.32,0.3,0.28,0.26,0.29,0.23,0.23,0.21,0.21,0.26,0.22,0.2,0.14,0.0,0.0,99.99
10/12/2021,1.42,1.44,0.0,1.17,1.04,1.26,1.1,1.17,1.35,1.17,0.0,0.97,1.04,1.16,1.26,1.17,0.99,0.0,0.86,0.95,1.03,0.0,1.04,0.0,1.06,0.95,0.0,1.04,1.03,0.81,0.65,0.0,0.84,1.0,0.96,0.71,0.7,0.49,0.63,0.0,0.59,0.48,0.57,0.62,0.0,0.56,0.67,0.61,0.44,0.4,0.0,0.38,0.4,0.0,0.42,0.35,0.54,0.4,0.41,0.54,0.4,0.0,0.0,0.0,0.34,0.52,0.58,0.0,0.0,0.36,0.37,0.3,0.54,0.58,0.0,0.46,0.44,0.37,0.53,0.47,0.31,0.52,0.51,0.27,0.0,0.0,0.5,0.39,0.4,0.5,0.0,0.42,0.44,0.37,0.3,0.39,0.0,0.42,0.44,0.36,0.0,0.38,0.0,0.35,0.34,0.38,0.0,0.34,0.0,0.48,0.25,0.35,0.33,0.32,0.24,0.0,0.0,0.4,0.42,0.0,0.38,0.0,0.41,0.28,0.0,0.34,0.28,0.3,0.4,0.39,0.31,0.25,0.38,0.32,0.44,0.39,0.39,0.34,0.0,0.39,0.0,0.34,0.33,0.0,0.4,0.0,0.27,0.0,0.31,0.39,0.0,0.47,0.0,0.24,0.34,0.0,0.27,0.47,0.42,0.29,0.37,0.0,0.34,0.43,0.32,0.34,0.0,0.39,0.44,0.42,0.32,0.29,0.3,0.0,0.0,0.38,0.37,0.0,0.26,0.0,0.0,0.34,0.36,0.25,0.34,0.0,0.0,0.28,0.32,0.26,0.35,0.0,0.25,0.31,0.0,0.0,0.0,0.14,0.0,0.36,0.0,0.0,0.0,0.0,0.31,0.0,1.24,1.03,1.1,1.05,1.02,0.86,0.8,0.68,0.48,0.61,0.52,0.54,0.5,0.47,0.38,0.42,0.38,0.39,0.46,0.35,0.35,0.33,0.4,0.38,0.34,0.36,0.35,0.32,0.31,0.39,0.34,0.32,0.32,0.29,0.45,0.29,0.27,0.32,0.29,0.28,0.25,0.29,0.23,0.23,0.21,0.2,0.26,0.22,0.2,0.14,0.19,0.0,99.99
10/13/2021,1.42,1.44,0.0,1.17,1.04,1.26,1.1,1.17,1.35,1.17,0.0,0.97,1.04,1.16,1.26,1.17,0.99,0.0,0.86,0.95,1.03,0.0,1.04,0.0,1.06,0.95,0.0,1.04,1.03,0.81,0.65,0.0,0.84,1.0,0.96,0.71,0.7,0.49,0.63,0.0,0.59,0.48,0.57,0.62,0.0,0.56,0.67,0.61,0.44,0.4,0.0,0.38,0.4,0.0,0.42,0.35,0.54,0.4,0.41,0.54,0.4,0.0,0.0,0.0,0.34,0.52,0.58,0.0,0.0,0.36,0.37,0.3,0.54,0.58,0.0,0.46,0.44,0.37,0.53,0.47,0.31,0.52,0.51,0.27,0.0,0.0,0.5,0.39,0.4,0.5,0.0,0.42,0.44,0.37,0.3,0.39,0.0,0.42,0.44,0.36,0.0,0.38,0.0,0.35,0.34,0.38,0.0,0.34,0.0,0.48,0.25,0.35,0.33,0.32,0.24,0.0,0.0,0.4,0.42,0.0,0.38,0.0,0.41,0.28,0.0,0.34,0.28,0.3,0.4,0.39,0.31,0.25,0.38,0.32,0.44,0.39,0.39,0.34,0.0,0.39,0.0,0.34,0.33,0.0,0.4,0.0,0.27,0.0,0.31,0.39,0.0,0.47,0.0,0.24,0.34,0.0,0.27,0.47,0.42,0.29,0.37,0.0,0.34,0.43,0.32,0.34,0.0,0.39,0.44,0.42,0.32,0.29,0.3,0.0,0.0,0.38,0.37,0.0,0.26,0.0,0.0,0.34,0.36,0.25,0.34,0.0,0.0,0.28,0.32,0.26,0.35,0.0,0.25,0.31,0.0,0.0,0.0,0.14,0.0,0.36,0.0,0.0,0.0,0.0,0.31,0.0,1.24,1.03,1.1,1.05,1.02,0.86,0.8,0.68,0.48,0.61,0.52,0.54,0.5,0.47,0.38,0.42,0.38,0.39,0.46,0.35,0.35,0.33,0.4,0.38,0.34,0.36,0.35,0.32,0.31,0.39,0.34,0.32,0.32,0.29,0.45,0.29,0.27,0.32,0.29,0.28,0.25,0.29,0.23,0.23,0.21,0.2,0.26,0.22,0.2,0.14,0.19,0.0,99.99
10/14/2021,1.42,1.44,0.0,1.17,1.04,1.26,1.1,1.17,1.35,1.17,0.0,0.97,1.04,1.16,1.26,1.17,0.99,0.0,0.86,0.95,1.03,0.0,1.04,0.0,1.06,0.95,0.0,1.04,1.03,0.81,0.65,0.0,0.84,1.0,0.96,0.71,0.7,0.49,0.63,0.0,0.59,0.48,0.57,0.62,0.0,0.56,0.67,0.61,0.44,0.4,0.0,0.38,0.4,0.0,0.42,0.35,0.54,0.4,0.41,0.54,0.4,0.0,0.0,0.0,0.34,0.52,0.58,0.0,0.0,0.36,0.37,0.3,0.54,0.58,0.0,0.46,0.44,0.37,0.53,0.47,0.31,0.52,0.51,0.27,0.0,0.0,0.5,0.39,0.4,0.5,0.0,0.42,0.44,0.37,0.3,0.39,0.0,0.42,0.44,0.36,0.0,0.38,0.0,0.35,0.34,0.38,0.0,0.34,0.0,0.48,0.25,0.35,0.33,0.32,0.24,0.0,0.0,0.4,0.42,0.0,0.38,0.0,0.41,0.28,0.0,0.34,0.28,0.3,0.4,0.39,0.31,0.25,0.38,0.32,0.44,0.39,0.39,0.34,0.0,0.39,0.0,0.34,0.33,0.0,0.4,0.0,0.27,0.0,0.31,0.39,0.0,0.47,0.0,0.24,0.34,0.0,0.27,0.47,0.42,0.29,0.37,0.0,0.34,0.43,0.32,0.34,0.0,0.39,0.44,0.42,0.32,0.29,0.3,0.0,0.0,0.38,0.37,0.0,0.26,0.0,0.0,0.34,0.36,0.25,0.34,0.0,0.0,0.28,0.32,0.26,0.35,0.0,0.25,0.31,0.0,0.0,0.0,0.14,0.0,0.36,0.0,0.0,0.0,0.0,0.31,0.0,1.24,1.03,1.1,1.05,1.02,0.86,0.8,0.68,0.48,0.61,0.52,0.54,0.5,0.47,0.38,0.42,0.38,0.39,0.46,0.35,0.35,0.33,0.4,0.38,0.34,0.36,0.35,0.32,0.31,0.39,0.34,0.32,0.32,0.29,0.45,0.29,0.27,0.32,0.29,0.28,0.25,0.29,0.23,0.23,0.21,0.2,0.26,0.22,0.2,0.14,0.19,0.0,99.99
10/15/2021,1.45,1.42,0.0,1.17,1.03,1.25,1.09,1.17,1.32,1.17,0.0,0.98,1.03,1.16,1.26,1.17,1.0,0.0,0.85,0.94,1.03,0.0,1.05,0.0,1.06,0.95,0.0,1.05,1.01,0.81,0.66,0.0,0.84,1.0,1.09,0.7,0.7,0.5,0.64,0.0,0.59,0.48,0.57,0.61,0.0,0.56,0.66,0.61,0.44,0.4,0.0,0.38,0.4,0.0,0.42,0.35,0.55,0.39,0.41,0.53,0.4,0.0,0.0,0.0,0.34,0.53,0.58,0.0,0.0,0.36,0.37,0.3,0.53,0.58,0.0,0.45,0.44,0.37,0.53,0.48,0.31,0.52,0.51,0.27,0.0,0.0,0.5,0.39,0.4,0.5,0.0,0.43,0.43,0.36,0.3,0.39,0.0,0.42,0.44,0.35,0.0,0.38,0.0,0.35,0.34,0.37,0.0,0.34,0.0,0.48,0.25,0.34,0.33,0.32,0.24,0.0,0.0,0.4,0.42,0.0,0.38,0.0,0.41,0.28,0.0,0.34,0.28,0.3,0.4,0.4,0.3,0.25,0.38,0.32,0.44,0.39,0.39,0.33,0.0,0.39,0.0,0.35,0.32,0.0,0.4,0.0,0.27,0.0,0.31,0.4,0.0,0.46,0.0,0.24,0.34,0.0,0.28,0.47,0.42,0.28,0.38,0.0,0.34,0.43,0.31,0.34,0.0,0.39,0.44,0.42,0.32,0.28,0.3,0.0,0.0,0.38,0.37,0.0,0.25,0.0,0.0,0.34,0.36,0.25,0.34,0.0,0.0,0.28,0.32,0.26,0.35,0.0,0.25,0.32,0.0,0.0,0.0,0.15,0.0,0.37,0.0,0.0,1.03,0.0,0.31,0.0,1.23,0.0,1.1,1.04,0.99,0.86,0.8,0.68,0.48,0.61,0.51,0.54,0.5,0.47,0.38,0.42,0.38,0.39,0.46,0.34,0.35,0.33,0.39,0.39,0.33,0.36,0.35,0.32,0.3,0.39,0.34,0.32,0.33,0.3,0.46,0.28,0.27,0.32,0.3,0.28,0.25,0.29,0.23,0.22,0.22,0.2,0.26,0.22,0.21,0.14,0.18,0.0,99.95
10/18/2021,1.42,1.39,0.0,1.2,1.03,1.25,1.08,1.19,1.28,1.17,0.0,0.99,1.04,1.17,1.25,1.17,0.97,0.0,0.88,0.94,1.02,0.0,1.06,0.0,1.06,0.93,0.0,1.04,0.99,0.83,0.67,0.0,0.84,0.99,1.13,0.71,0.71,0.49,0.62,0.0,0.61,0.48,0.56,0.62,0.0,0.56,0.65,0.6,0.42,0.39,0.0,0.38,0.4,0.0,0.42,0.35,0.53,0.39,0.4,0.53,0.38,0.0,0.0,0.0,0.34,0.54,0.57,0.0,0.0,0.36,0.36,0.3,0.51,0.58,0.0,0.46,0.45,0.36,0.55,0.47,0.3,0.52,0.5,0.27,0.0,0.0,0.49,0.4,0.41,0.48,0.0,0.46,0.44,0.36,0.29,0.41,0.0,0.42,0.45,0.36,0.0,0.39,0.0,0.35,0.35,0.38,0.0,0.35,0.0,0.49,0.24,0.34,0.32,0.32,0.24,0.0,0.0,0.42,0.41,0.0,0.38,0.0,0.41,0.27,0.0,0.35,0.28,0.31,0.4,0.39,0.31,0.24,0.38,0.32,0.44,0.39,0.38,0.34,0.0,0.39,0.0,0.35,0.33,0.0,0.4,0.0,0.26,0.0,0.32,0.4,0.0,0.46,0.0,0.24,0.35,0.0,0.27,0.45,0.4,0.27,0.37,0.0,0.33,0.42,0.32,0.35,0.0,0.39,0.44,0.43,0.32,0.3,0.31,0.0,0.0,0.38,0.37,0.0,0.26,0.0,0.0,0.34,0.35,0.25,0.34,0.0,0.0,0.27,0.32,0.26,0.36,0.0,0.26,0.31,0.0,0.0,0.0,0.14,0.0,0.36,0.0,0.0,0.0,0.0,0.32,0.0,1.24,0.0,1.1,1.05,1.01,0.9,0.81,0.66,0.48,0.61,0.5,0.53,0.5,0.46,0.39,0.42,0.38,0.38,0.45,0.34,0.36,0.33,0.39,0.39,0.32,0.36,0.35,0.32,0.29,0.39,0.34,0.32,0.32,0.3,0.44,0.28,0.27,0.31,0.3,0.28,0.25,0.28,0.23,0.23,0.22,0.21,0.26,0.22,0.21,0.15,0.19,1.1,99.96
10/19/2021,1.42,1.39,0.0,1.2,1.04,1.26,1.07,1.19,1.28,1.18,0.0,1.0,1.04,1.19,1.26,1.15,0.96,0.0,0.89,0.94,1.01,0.0,1.06,0.0,1.07,0.95,0.0,1.04,0.99,0.85,0.67,0.0,0.84,0.97,1.1,0.72,0.72,0.46,0.62,0.0,0.62,0.48,0.55,0.62,0.0,0.56,0.64,0.6,0.42,0.39,0.0,0.38,0.4,0.0,0.42,0.35,0.54,0.39,0.4,0.55,0.38,0.0,0.0,0.0,0.34,0.54,0.57,0.0,0.0,0.36,0.36,0.3,0.52,0.57,0.0,0.46,0.45,0.37,0.54,0.47,0.31,0.53,0.5,0.27,0.0,0.0,0.5,0.4,0.41,0.49,0.0,0.45,0.44,0.36,0.29,0.41,0.0,0.43,0.46,0.35,0.0,0.39,0.0,0.34,0.35,0.38,0.0,0.35,0.0,0.49,0.24,0.35,0.32,0.35,0.24,0.0,0.0,0.42,0.41,0.0,0.38,0.0,0.4,0.27,0.0,0.34,0.28,0.31,0.4,0.38,0.31,0.25,0.38,0.31,0.43,0.38,0.38,0.34,0.0,0.39,0.0,0.36,0.33,0.0,0.4,0.0,0.26,0.0,0.33,0.4,0.0,0.46,0.0,0.24,0.35,0.0,0.26,0.45,0.4,0.27,0.37,0.0,0.32,0.42,0.31,0.35,0.0,0.38,0.45,0.43,0.32,0.3,0.31,0.0,0.0,0.38,0.36,0.0,0.26,0.0,0.0,0.35,0.35,0.25,0.34,0.0,0.0,0.28,0.32,0.26,0.36,0.0,0.26,0.31,0.0,0.0,0.0,0.15,0.0,0.36,0.0,0.0,0.0,0.0,0.31,0.0,1.26,0.0,1.1,1.04,1.03,0.9,0.81,0.65,0.47,0.61,0.49,0.53,0.49,0.47,0.39,0.42,0.38,0.38,0.45,0.34,0.36,0.34,0.39,0.39,0.32,0.35,0.35,0.32,0.29,0.39,0.34,0.32,0.32,0.3,0.44,0.28,0.27,0.3,0.3,0.28,0.25,0.28,0.23,0.23,0.22,0.21,0.27,0.22,0.21,0.14,0.19,1.1,100.01
10/20/2021,1.42,1.39,0.0,1.2,1.04,1.26,1.07,1.19,1.28,1.18,0.0,1.0,1.04,1.19,1.26,1.15,0.96,0.0,0.89,0.94,1.01,0.0,1.06,0.0,1.07,0.95,0.0,1.04,0.99,0.85,0.67,0.0,0.84,0.97,1.1,0.72,0.72,0.46,0.62,0.0,0.62,0.48,0.55,0.62,0.0,0.56,0.64,0.6,0.42,0.39,0.0,0.38,0.4,0.0,0.42,0.35,0.54,0.39,0.4,0.55,0.38,0.0,0.0,0.0,0.34,0.54,0.57,0.0,0.0,0.36,0.36,0.3,0.52,0.57,0.0,0.46,0.45,0.37,0.54,0.47,0.31,0.53,0.5,0.27,0.0,0.0,0.5,0.4,0.41,0.49,0.0,0.45,0.44,0.36,0.29,0.41,0.0,0.43,0.46,0.35,0.0,0.39,0.0,0.34,0.35,0.38,0.0,0.35,0.0,0.49,0.24,0.35,0.32,0.35,0.24,0.0,0.0,0.42,0.41,0.0,0.38,0.0,0.4,0.27,0.0,0.34,0.28,0.31,0.4,0.38,0.31,0.25,0.38,0.31,0.43,0.38,0.38,0.34,0.0,0.39,0.0,0.36,0.33,0.0,0.4,0.0,0.26,0.0,0.33,0.4,0.0,0.46,0.0,0.24,0.35,0.0,0.26,0.45,0.4,0.27,0.37,0.0,0.32,0.42,0.31,0.35,0.0,0.38,0.45,0.43,0.32,0.3,0.31,0.0,0.0,0.38,0.36,0.0,0.26,0.0,0.0,0.35,0.35,0.25,0.34,0.0,0.0,0.28,0.32,0.26,0.36,0.0,0.26,0.31,0.0,0.0,0.0,0.15,0.0,0.36,0.0,0.0,0.0,0.0,0.31,0.0,1.26,0.0,1.1,1.04,1.03,0.9,0.81,0.65,0.47,0.61,0.49,0.53,0.49,0.47,0.39,0.42,0.38,0.38,0.45,0.34,0.36,0.34,0.39,0.39,0.32,0.35,0.35,0.32,0.29,0.39,0.34,0.32,0.32,0.3,0.44,0.28,0.27,0.3,0.3,0.28,0.25,0.28,0.23,0.23,0.22,0.21,0.27,0.22,0.21,0.14,0.19,1.1,100.01
10/21/2021,1.43,1.38,0.0,1.2,1.05,1.26,1.08,1.2,1.26,1.18,0.0,1.0,1.06,1.19,1.23,1.15,0.98,0.0,0.91,0.98,0.99,0.0,1.05,0.0,1.07,0.96,0.0,1.04,1.0,0.83,0.67,0.0,0.84,0.98,1.1,0.72,0.72,0.47,0.62,0.0,0.64,0.49,0.55,0.62,0.0,0.56,0.64,0.6,0.41,0.39,0.0,0.38,0.39,0.0,0.42,0.34,0.53,0.38,0.39,0.56,0.38,0.0,0.0,0.0,0.33,0.54,0.57,0.0,0.0,0.36,0.35,0.3,0.52,0.56,0.0,0.46,0.46,0.36,0.53,0.47,0.3,0.52,0.5,0.26,0.0,0.0,0.49,0.41,0.41,0.49,0.0,0.45,0.44,0.36,0.29,0.41,0.0,0.42,0.46,0.35,0.0,0.39,0.0,0.34,0.36,0.39,0.0,0.36,0.0,0.49,0.23,0.36,0.32,0.34,0.24,0.0,0.0,0.43,0.4,0.0,0.37,0.0,0.4,0.27,0.0,0.34,0.28,0.31,0.4,0.38,0.3,0.25,0.38,0.31,0.43,0.38,0.38,0.34,0.0,0.38,0.0,0.37,0.32,0.0,0.39,0.0,0.26,0.0,0.33,0.4,0.0,0.46,0.0,0.24,0.34,0.0,0.27,0.45,0.41,0.27,0.36,0.0,0.32,0.41,0.31,0.34,0.0,0.38,0.45,0.43,0.32,0.31,0.31,0.0,0.0,0.38,0.36,0.0,0.26,0.0,0.0,0.35,0.35,0.24,0.34,0.0,0.0,0.28,0.31,0.26,0.36,0.0,0.26,0.31,0.0,0.0,0.0,0.14,0.0,0.36,0.0,0.0,0.0,0.0,0.32,0.0,1.25,0.0,1.11,1.05,1.03,0.91,0.84,0.65,0.47,0.63,0.49,0.53,0.5,0.46,0.4,0.41,0.38,0.37,0.46,0.34,0.35,0.34,0.4,0.39,0.32,0.35,0.35,0.32,0.29,0.39,0.33,0.32,0.31,0.3,0.44,0.28,0.27,0.3,0.3,0.28,0.25,0.29,0.22,0.24,0.22,0.22,0.32,0.22,0.21,0.15,0.18,1.09,100.04
10/22/2021,1.43,1.38,0.0,1.2,1.06,1.27,1.09,1.2,1.27,1.18,0.0,1.01,1.07,1.19,1.23,1.15,0.98,0.0,0.91,0.99,0.99,0.0,1.05,0.0,1.01,0.96,0.0,1.03,0.99,0.84,0.67,0.0,0.85,1.0,1.09,0.72,0.72,0.47,0.62,0.0,0.63,0.48,0.55,0.61,0.0,0.55,0.65,0.59,0.42,0.39,0.0,0.38,0.4,0.0,0.43,0.35,0.54,0.39,0.39,0.55,0.37,0.0,0.0,0.0,0.34,0.54,0.57,0.0,0.0,0.36,0.36,0.3,0.52,0.56,0.0,0.45,0.45,0.36,0.53,0.47,0.3,0.52,0.5,0.27,0.0,0.0,0.5,0.41,0.41,0.48,0.0,0.44,0.44,0.36,0.29,0.41,0.0,0.43,0.47,0.35,0.0,0.39,0.0,0.34,0.35,0.38,0.0,0.36,0.0,0.49,0.24,0.36,0.32,0.35,0.25,0.0,0.0,0.43,0.4,0.0,0.36,0.0,0.4,0.27,0.0,0.34,0.28,0.3,0.39,0.38,0.31,0.24,0.37,0.31,0.43,0.38,0.38,0.34,0.0,0.38,0.0,0.36,0.32,0.0,0.39,0.0,0.26,0.0,0.32,0.4,0.0,0.46,0.0,0.24,0.34,0.0,0.27,0.45,0.4,0.28,0.36,0.0,0.32,0.41,0.31,0.34,0.0,0.38,0.44,0.42,0.33,0.31,0.31,0.0,0.0,0.38,0.36,0.0,0.26,0.0,0.0,0.35,0.35,0.25,0.33,0.0,0.0,0.27,0.32,0.24,0.35,0.0,0.25,0.3,0.0,0.0,0.0,0.15,0.0,0.36,0.0,0.0,0.0,0.0,0.31,0.0,1.26,0.0,1.1,1.04,1.03,0.93,0.85,0.65,0.48,0.63,0.49,0.53,0.49,0.46,0.4,0.42,0.37,0.38,0.45,0.35,0.35,0.35,0.4,0.39,0.32,0.35,0.35,0.32,0.29,0.4,0.33,0.32,0.31,0.31,0.45,0.28,0.27,0.3,0.3,0.29,0.25,0.29,0.23,0.23,0.22,0.21,0.3,0.22,0.21,0.15,0.18,1.09,100.02
10/25/2021,1.41,1.4,0.0,1.19,1.05,1.27,1.11,1.2,1.27,1.18,0.0,1.0,1.06,1.18,1.1,1.16,0.99,0.0,0.91,0.99,0.99,0.0,1.01,0.0,0.98,1.01,0.0,0.97,1.04,0.84,0.63,0.0,0.85,0.98,1.06,0.74,0.73,0.47,0.61,0.0,0.63,0.47,0.53,0.61,0.0,0.56,0.65,0.6,0.43,0.39,0.0,0.38,0.4,0.0,0.42,0.34,0.53,0.39,0.39,0.54,0.38,0.0,0.0,0.0,0.35,0.54,0.57,0.0,0.0,0.37,0.36,0.31,0.52,0.58,0.0,0.44,0.45,0.37,0.54,0.47,0.31,0.53,0.49,0.27,0.0,0.0,0.5,0.41,0.41,0.52,0.0,0.44,0.42,0.36,0.3,0.41,0.0,0.43,0.47,0.35,0.0,0.38,0.0,0.35,0.35,0.38,0.0,0.37,0.0,0.5,0.24,0.4,0.32,0.35,0.24,0.0,0.0,0.43,0.41,0.0,0.37,0.0,0.4,0.28,0.0,0.34,0.29,0.3,0.38,0.38,0.33,0.25,0.36,0.31,0.43,0.37,0.38,0.35,0.0,0.38,0.0,0.37,0.32,0.0,0.39,0.0,0.27,0.0,0.33,0.37,0.0,0.45,0.0,0.24,0.34,0.0,0.27,0.46,0.39,0.28,0.37,0.0,0.32,0.42,0.31,0.34,0.0,0.38,0.43,0.45,0.31,0.32,0.31,0.0,0.0,0.37,0.37,0.0,0.26,0.0,0.0,0.34,0.37,0.25,0.34,0.0,0.0,0.28,0.32,0.23,0.35,0.0,0.25,0.31,0.0,0.0,0.0,0.16,0.0,0.36,0.0,0.0,0.0,0.0,0.33,0.0,1.25,0.0,1.09,1.04,1.02,0.93,0.84,0.64,0.48,0.65,0.49,0.55,0.49,0.45,0.4,0.42,0.38,0.38,0.47,0.35,0.35,0.36,0.37,0.39,0.33,0.36,0.35,0.32,0.3,0.4,0.34,0.33,0.32,0.3,0.44,0.28,0.27,0.31,0.3,0.27,0.25,0.29,0.23,0.23,0.22,0.22,0.29,0.22,0.21,0.15,0.18,1.09,100.05
10/26/2021,1.41,1.4,0.0,1.19,1.05,1.27,1.11,1.2,1.27,1.18,0.0,1.0,1.06,1.18,1.1,1.16,0.99,0.0,0.91,0.99,0.99,0.0,1.01,0.0,0.98,1.01,0.0,0.97,1.04,0.84,0.63,0.0,0.85,0.98,1.06,0.74,0.73,0.47,0.61,0.0,0.63,0.47,0.53,0.61,0.0,0.56,0.65,0.6,0.43,0.39,0.0,0.38,0.4,0.0,0.42,0.34,0.53,0.39,0.39,0.54,0.38,0.0,0.0,0.0,0.35,0.54,0.57,0.0,0.0,0.37,0.36,0.31,0.52,0.58,0.0,0.44,0.45,0.37,0.54,0.47,0.31,0.53,0.49,0.27,0.0,0.0,0.5,0.41,0.41,0.52,0.0,0.44,0.42,0.36,0.3,0.41,0.0,0.43,0.47,0.35,0.0,0.38,0.0,0.35,0.35,0.38,0.0,0.37,0.0,0.5,0.24,0.4,0.32,0.35,0.24,0.0,0.0,0.43,0.41,0.0,0.37,0.0,0.4,0.28,0.0,0.34,0.29,0.3,0.38,0.38,0.33,0.25,0.36,0.31,0.43,0.37,0.38,0.35,0.0,0.38,0.0,0.37,0.32,0.0,0.39,0.0,0.27,0.0,0.33,0.37,0.0,0.45,0.0,0.24,0.34,0.0,0.27,0.46,0.39,0.28,0.37,0.0,0.32,0.42,0.31,0.34,0.0,0.38,0.43,0.45,0.31,0.32,0.31,0.0,0.0,0.37,0.37,0.0,0.26,0.0,0.0,0.34,0.37,0.25,0.34,0.0,0.0,0.28,0.32,0.23,0.35,0.0,0.25,0.31,0.0,0.0,0.0,0.16,0.0,0.36,0.0,0.0,0.0,0.0,0.33,0.0,1.25,0.0,1.09,1.04,1.02,0.93,0.84,0.64,0.48,0.65,0.49,0.55,0.49,0.45,0.4,0.42,0.38,0.38,0.47,0.35,0.35,0.36,0.37,0.39,0.33,0.36,0.35,0.32,0.3,0.4,0.34,0.33,0.32,0.3,0.44,0.28,0.27,0.31,0.3,0.27,0.25,0.29,0.23,0.23,0.22,0.22,0.29,0.22,0.21,0.15,0.18,1.09,100.05
10/27/2021,1.41,1.4,0.0,1.19,1.05,1.27,1.11,1.2,1.27,1.18,0.0,1.0,1.06,1.18,1.1,1.16,0.99,0.0,0.91,0.99,0.99,0.0,1.01,0.0,0.98,1.01,0.0,0.97,1.04,0.84,0.63,0.0,0.85,0.98,1.06,0.74,0.73,0.47,0.61,0.0,0.63,0.47,0.53,0.61,0.0,0.56,0.65,0.6,0.43,0.39,0.0,0.38,0.4,0.0,0.42,0.34,0.53,0.39,0.39,0.54,0.38,0.0,0.0,0.0,0.35,0.54,0.57,0.0,0.0,0.37,0.36,0.31,0.52,0.58,0.0,0.44,0.45,0.37,0.54,0.47,0.31,0.53,0.49,0.27,0.0,0.0,0.5,0.41,0.41,0.52,0.0,0.44,0.42,0.36,0.3,0.41,0.0,0.43,0.47,0.35,0.0,0.38,0.0,0.35,0.35,0.38,0.0,0.37,0.0,0.5,0.24,0.4,0.32,0.35,0.24,0.0,0.0,0.43,0.41,0.0,0.37,0.0,0.4,0.28,0.0,0.34,0.29,0.3,0.38,0.38,0.33,0.25,0.36,0.31,0.43,0.37,0.38,0.35,0.0,0.38,0.0,0.37,0.32,0.0,0.39,0.0,0.27,0.0,0.33,0.37,0.0,0.45,0.0,0.24,0.34,0.0,0.27,0.46,0.39,0.28,0.37,0.0,0.32,0.42,0.31,0.34,0.0,0.38,0.43,0.45,0.31,0.32,0.31,0.0,0.0,0.37,0.37,0.0,0.26,0.0,0.0,0.34,0.37,0.25,0.34,0.0,0.0,0.28,0.32,0.23,0.35,0.0,0.25,0.31,0.0,0.0,0.0,0.16,0.0,0.36,0.0,0.0,0.0,0.0,0.33,0.0,1.25,0.0,1.09,1.04,1.02,0.93,0.84,0.64,0.48,0.65,0.49,0.55,0.49,0.45,0.4,0.42,0.38,0.38,0.47,0.35,0.35,0.36,0.37,0.39,0.33,0.36,0.35,0.32,0.3,0.4,0.34,0.33,0.32,0.3,0.44,0.28,0.27,0.31,0.3,0.27,0.25,0.29,0.23,0.23,0.22,0.22,0.29,0.22,0.21,0.15,0.18,1.09,100.05
10/28/2021,1.41,1.4,0.0,1.19,1.05,1.27,1.11,1.2,1.27,1.18,0.0,1.0,1.06,1.18,1.1,1.16,0.99,0.0,0.91,0.99,0.99,0.0,1.01,0.0,0.98,1.01,0.0,0.97,1.04,0.84,0.63,0.0,0.85,0.98,1.06,0.74,0.73,0.47,0.61,0.0,0.63,0.47,0.53,0.61,0.0,0.56,0.65,0.6,0.43,0.39,0.0,0.38,0.4,0.0,0.42,0.34,0.53,0.39,0.39,0.54,0.38,0.0,0.0,0.0,0.35,0.54,0.57,0.0,0.0,0.37,0.36,0.31,0.52,0.58,0.0,0.44,0.45,0.37,0.54,0.47,0.31,0.53,0.49,0.27,0.0,0.0,0.5,0.41,0.41,0.52,0.0,0.44,0.42,0.36,0.3,0.41,0.0,0.43,0.47,0.35,0.0,0.38,0.0,0.35,0.35,0.38,0.0,0.37,0.0,0.5,0.24,0.4,0.32,0.35,0.24,0.0,0.0,0.43,0.41,0.0,0.37,0.0,0.4,0.28,0.0,0.34,0.29,0.3,0.38,0.38,0.33,0.25,0.36,0.31,0.43,0.37,0.38,0.35,0.0,0.38,0.0,0.37,0.32,0.0,0.39,0.0,0.27,0.0,0.33,0.37,0.0,0.45,0.0,0.24,0.34,0.0,0.27,0.46,0.39,0.28,0.37,0.0,0.32,0.42,0.31,0.34,0.0,0.38,0.43,0.45,0.31,0.32,0.31,0.0,0.0,0.37,0.37,0.0,0.26,0.0,0.0,0.34,0.37,0.25,0.34,0.0,0.0,0.28,0.32,0.23,0.35,0.0,0.25,0.31,0.0,0.0,0.0,0.16,0.0,0.36,0.0,0.0,0.0,0.0,0.33,0.0,1.25,0.0,1.09,1.04,1.02,0.93,0.84,0.64,0.48,0.65,0.49,0.55,0.49,0.45,0.4,0.42,0.38,0.38,0.47,0.35,0.35,0.36,0.37,0.39,0.33,0.36,0.35,0.32,0.3,0.4,0.34,0.33,0.32,0.3,0.44,0.28,0.27,0.31,0.3,0.27,0.25,0.29,0.23,0.23,0.22,0.22,0.29,0.22,0.21,0.15,0.18,1.09,100.05
